hotspot_id,latitude,longitude,mean_frp,max_frp,mean_bright_ti4,max_bright_ti4,mean_bright_ti5,max_bright_ti5,night_ratio,high_confidence_ratio,last_seen_date,days_since_last_seen,hits_7d,active_days_7d,hits_10d,active_days_10d,hits_15d,active_days_15d,hits_30d,active_days_30d,persistence_30d,distance_to_nearest_road_m,road_length_1km_m,building_count_1km,distance_to_nearest_building_m,building_count_500m,building_count_2500m,building_count_5000m,road_length_500m_m,road_length_2500m_m,road_length_5000m_m,industrial_area_count_500m,industrial_area_count_5000m,nearest_fire_station_id,nearest_fire_station_name,nearest_fire_station_latitude,nearest_fire_station_longitude,distance_to_nearest_fire_station_m,fire_station_data_available
88209a34a7fffff,34.47789,73.86224,6.61,6.61,296.97,296.97,286.25,286.25,1.0,0.0,2026-08-25,6,1,1,1,1,1,1,1,1,0.0333333333333333,491.39215477229,880.930923945227,0.0,2137.50230546835,0.0,9.0,47.0,65.1179217450886,3085.52733711633,13211.3359164789,0.0,0.0,,,,,,False
88209a359bfffff,34.4738466666667,73.8584266666667,4.84,6.61,311.093333333333,331.54,289.236666666667,291.71,1.0,0.0,2026-08-25,6,3,1,3,1,3,1,3,1,0.0333333333333333,50.4926849518378,1202.7270949732,0.0,1904.56627525703,0.0,6.0,47.0,670.653934311664,3339.29376042257,14424.659951752,0.0,0.0,,,,,,False
88209b4941fffff,34.19078,74.22848,3.13,3.13,330.02,330.02,299.59,299.59,0.0,0.0,2026-08-30,1,1,1,1,1,1,1,1,1,0.0333333333333333,631.923481111047,5287.91632040141,0.0,,0.0,0.0,0.0,0.0,24432.661213873,57803.093741034,0.0,0.0,,,,,,False
883c100ab1fffff,25.93876,84.27863,4.14,4.14,343.49,343.49,296.1,296.1,0.0,0.0,2026-07-05,57,0,0,0,0,0,0,0,0,0.0,3759.1975230129,0.0,0.0,5435.46489729934,0.0,0.0,0.0,0.0,0.0,32415.5995470728,0.0,0.0,,,,,,False
883c100dadfffff,25.88512,84.41455,13.04,13.04,352.41,352.41,296.74,296.74,0.0,0.0,2026-07-05,57,0,0,0,0,0,0,0,0,0.0,4150.85422952431,0.0,0.0,7678.86413931944,0.0,0.0,0.0,0.0,0.0,16722.3528777577,0.0,0.0,,,,,,False
883c100f6dfffff,25.94899,84.29438,2.89,2.89,332.08,332.08,296.6,296.6,0.0,0.0,2026-07-05,57,0,0,0,0,0,0,0,0,0.0,2584.9471290777,0.0,0.0,3505.43698827252,0.0,0.0,1.0,0.0,0.0,60986.4482492001,0.0,0.0,,,,,,False
883c107665fffff,25.89468,84.4613,5.6,5.6,332.61,332.61,294.4,294.4,0.0,0.0,2026-07-05,57,0,0,0,0,0,0,0,0,0.0,1548.21678175412,0.0,0.0,9891.47135838485,0.0,0.0,0.0,0.0,12425.804360059,70153.2837791709,0.0,0.0,,,,,,False
883c10c933fffff,25.83065,83.76833,9.65,9.65,345.41,345.41,294.48,294.48,0.0,0.0,2026-07-05,57,0,0,0,0,0,0,0,0,0.0,682.311512977096,1353.29207444279,0.0,,0.0,0.0,1.0,0.0,11063.8902009349,45115.9239646218,0.0,0.0,,,,,,False
883c10ced7fffff,26.01226,83.987,4.66,4.66,337.78,337.78,296.61,296.61,0.0,0.0,2026-07-03,59,0,0,0,0,0,0,0,0,0.0,161.244740458837,6057.43064265105,0.0,2312.61340337319,0.0,1.0,1.0,2105.95148007615,23026.8081704954,62005.972893234,0.0,0.0,,,,,,False
883c10dab7fffff,26.02351,83.70224,0.85,0.85,311.02,311.02,293.89,293.89,1.0,0.0,2026-07-03,59,0,0,0,0,0,0,0,0,0.0,1348.64115773803,0.0,0.0,3555.90169735986,0.0,0.0,2.0,0.0,11628.3327806926,77918.8582918787,0.0,2.0,,,,,,False
883c11621dfffff,26.13186,85.63191,3.18,3.18,306.63,306.63,287.23,287.23,1.0,0.0,2026-07-15,47,0,0,0,0,0,0,0,0,0.0,136.025775151632,0.0,1.0,150.695517766387,1.0,1.0,11.0,3013.5194447894,33908.6133263561,113241.940183749,0.0,2.0,,,,,,False
883c120ea1fffff,24.92452,84.153355,1.975,2.59,307.495,309.65,287.75,291.57,1.0,0.0,2026-08-20,11,0,0,0,0,1,1,1,1,0.0333333333333333,96.884328310656,0.0,0.0,3348.2306358824,0.0,0.0,106.0,5214.47877883659,93062.3502552596,427936.0868555,2.0,10.0,,,,,,False
883c120ea3fffff,24.92479,84.15638,2.41666666666667,3.37,306.336666666667,307.69,288.55,290.35,1.0,0.0,2026-08-19,12,0,0,0,0,1,1,1,1,0.0333333333333333,114.551810845532,0.0,0.0,3541.22771805418,0.0,0.0,116.0,4562.50860448436,97241.2076840356,425456.148907697,2.0,10.0,,,,,,False
883c120ea9fffff,24.9299666666667,84.1476033333334,2.09833333333333,3.33,307.065,311.42,289.131666666667,294.16,1.0,0.0,2026-08-21,10,0,0,0,0,2,2,2,2,0.0666666666666667,41.0142270737851,0.0,0.0,2510.47101375465,0.0,0.0,20.0,4072.34955710588,82584.1410126627,404635.625893068,1.0,9.0,,,,,,False
883c120ee7fffff,24.92902,84.14003,0.95,0.95,301.37,301.37,283.7,283.7,1.0,0.0,2026-07-09,53,0,0,0,0,0,0,0,0,0.0,58.6536216691799,0.0,0.0,2172.09795777016,0.0,8.0,17.0,1704.22092605906,75358.6264345649,385227.627741032,0.0,8.0,,,,,,False
883c13018bfffff,25.32198,85.18929,3.08,3.08,334.7,334.7,296.5,296.5,0.0,0.0,2026-07-03,59,0,0,0,0,0,0,0,0,0.0,254.986493545359,0.0,1.0,918.809879559789,0.0,4.0,8.0,1166.24087762174,13132.8715286744,64479.3235771355,0.0,0.0,8411203149.0,AIIMS Patna Firestation,25.5598913,85.0411721,30276.6222780348,True
883c141a5bfffff,26.7599170588235,83.1994582352941,1.69352941176471,3.67,305.471176470588,311.8,284.095882352941,293.13,1.0,0.0,2026-08-26,5,3,2,3,2,4,3,9,6,0.2,158.551193579975,25984.3391682663,0.0,1694.91526135,0.0,1.0,1.0,3506.84132311992,153883.920597559,441550.931841883,0.0,5.0,,,,,,False
883c15c483fffff,27.15428,84.33047,3.31,3.31,330.69,330.69,296.64,296.64,0.0,0.0,2026-07-27,35,0,0,0,0,0,0,0,0,0.0,202.300026625262,0.0,13.0,292.932591521214,8.0,14.0,16.0,3862.41222630056,55734.6158297587,114138.080466061,1.0,2.0,2044163259.0,,26.802044,84.500647,42545.9319354396,True
883c164593fffff,25.33686,83.10394,2.78,2.78,330.3,330.3,301.23,301.23,0.0,0.0,2026-08-12,19,0,0,0,0,0,0,1,1,0.0333333333333333,317.746134286571,3765.87580516327,0.0,1562.35782993374,0.0,2.0,19.0,1515.52833013943,61040.5775834273,397579.466427807,0.0,17.0,,,,,,False
883c167359fffff,25.4609266666667,83.1405,5.39,5.43,335.01,336.4,303.58,304.34,0.0,0.0,2026-08-12,19,0,0,0,0,0,0,3,1,0.0333333333333333,709.329034380354,441.331023201895,0.0,4751.55844305562,0.0,0.0,2.0,0.0,53261.0004760254,335402.811479058,0.0,0.0,,,,,,False
883c192593fffff,26.412005,89.405505,3.98,5.25,295.585,295.73,284.45,284.54,1.0,0.0,2026-08-29,2,2,1,2,1,2,1,2,1,0.0333333333333333,420.958074390117,0.0,0.0,2144.61199842905,0.0,2.0,70.0,540.100924619665,19212.6755901032,92125.0836799126,0.0,0.0,4506616174.0,Cooch Behar Fire Service,26.3203356,89.4532897,11224.041556902,True
883c192893fffff,26.264055,89.22744,1.15,1.15,296.78,296.83,286.325,286.4,1.0,0.0,2026-07-04,58,0,0,0,0,0,0,0,0,0.0,224.092169351716,0.0,0.0,2526.09952238784,0.0,0.0,6.0,1110.32388471435,7517.87292576379,17767.6529965352,0.0,0.0,4506616174.0,Cooch Behar Fire Service,26.3203356,89.4532897,23407.7865473849,True
883c192897fffff,26.26149,89.22247,1.15,1.15,296.15,296.15,285.76,285.76,1.0,0.0,2026-07-04,58,0,0,0,0,0,0,0,0,0.0,481.73418669358,0.0,0.0,2110.78161133968,0.0,3.0,7.0,243.281599283977,9268.13645489136,20293.8739683522,0.0,0.0,4506616174.0,Cooch Behar Fire Service,26.3203356,89.4532897,23962.6932903346,True
883c19289bfffff,26.26737,89.22305,1.15,1.15,296.74,296.74,286.47,286.47,1.0,0.0,2026-07-04,58,0,0,0,0,0,0,0,0,0.0,172.058616757701,0.0,0.0,2055.35637774581,0.0,2.0,7.0,972.234029245391,10127.3855246384,18539.4375570962,0.0,0.0,4506616174.0,Cooch Behar Fire Service,26.3203356,89.4532897,23736.9111363242,True
883c1a0423fffff,25.0359335294118,87.3887141176471,2.81705882352941,9.16,312.745882352941,337.96,287.697647058824,295.33,0.823529411764706,0.0,2026-08-29,2,3,2,3,2,3,2,10,7,0.233333333333333,597.419694761336,0.0,0.0,1482.06316467267,0.0,12.0,15.0,0.0,22261.1177220374,41124.2628430103,1.0,1.0,4499475491.0,Malik,25.2586598,86.9967729,46570.2407511231,True
883c1a0425fffff,25.03279,87.3713533333333,1.24666666666667,1.8,308.006666666667,310.17,291.456666666667,292.53,1.0,0.0,2026-08-11,20,0,0,0,0,0,0,2,1,0.0333333333333333,1126.17030107847,0.0,9.0,564.670087908368,0.0,12.0,16.0,0.0,21462.5333859421,53714.8634873223,1.0,1.0,4499475491.0,Malik,25.2586598,86.9967729,45287.1751129192,True
883c1a042dfffff,25.034105,87.37114625,3.49625,9.12,310.87,316.51,289.96875,294.84,1.0,0.0,2026-08-08,23,0,0,0,0,0,0,3,3,0.1,1027.06246414243,0.0,9.0,435.738153104337,3.0,12.0,17.0,0.0,24534.9010980013,53350.1872302842,1.0,1.0,4499475491.0,Malik,25.2586598,86.9967729,45189.3234649381,True
883c1a90b1fffff,25.45664,86.96337,7.87,7.87,345.54,345.54,292.77,292.77,0.0,0.0,2026-07-17,45,0,0,0,0,0,0,0,0,0.0,1841.02483700653,0.0,0.0,,0.0,0.0,2.0,0.0,663.299763997818,29602.8329685355,0.0,0.0,4499475491.0,Malik,25.2586598,86.9967729,22179.2427383535,True
883c1aaccbfffff,25.2817,87.65293,2.39,2.39,335.42,335.42,294.09,294.09,0.0,0.0,2026-08-13,18,0,0,0,0,0,0,1,1,0.0333333333333333,1872.5306817037,0.0,0.0,,0.0,0.0,11.0,0.0,7173.97690080008,37942.399660092,0.0,0.0,,,,,,False
883c1ac121fffff,24.93866,86.71463,1.46,1.46,295.87,295.87,285.26,285.26,1.0,0.0,2026-07-04,58,0,0,0,0,0,0,0,0,0.0,745.694477609503,0.0,0.0,2512.30652235542,0.0,0.0,4.0,0.0,8208.47657125401,18282.6605955802,0.0,0.0,4499475491.0,Malik,25.2586598,86.9967729,45440.6103556842,True
883c1ac123fffff,24.94042,86.7199,1.46,1.46,295.805,295.86,285.645,285.74,1.0,0.0,2026-07-04,58,0,0,0,0,0,0,0,0,0.0,539.283970852064,0.0,0.0,2745.18338384294,0.0,0.0,4.0,0.0,8196.90800679005,19029.6854045084,0.0,0.0,4499475491.0,Malik,25.2586598,86.9967729,44956.8018054958,True
883c1b1611fffff,25.562995,88.437365,8.83,9.22,295.22,295.25,284.995,285.08,1.0,0.0,2026-08-11,20,0,0,0,0,0,0,2,1,0.0333333333333333,5.10370872856142,0.0,0.0,1314.75978429757,0.0,2.0,3.0,2467.38709700443,53814.6681629112,201020.903909322,0.0,0.0,12862184700.0,Kaliyaganj Fire Station,25.6272695,88.3221962,13583.0036217459,True
883c1d25c9fffff,27.1462,88.45207,5.8,5.8,340.92,340.92,295.38,295.38,0.0,0.0,2026-08-22,9,0,0,1,1,1,1,1,1,0.0333333333333333,24.6107282579455,0.0,188.0,110.808024438606,67.0,2584.0,10135.0,2749.14222649857,84474.4949268653,281790.497526305,0.0,0.0,1260676192.0,,27.16637805,88.36424045,8986.52947806833,True
883c1d3407fffff,27.26608,88.32048,1.72,1.72,329.65,329.65,290.17,290.17,0.0,0.0,2026-08-15,16,0,0,0,0,0,0,1,1,0.0333333333333333,17.558659996536,0.0,534.0,0.526140818076596,128.0,2589.0,9037.0,3460.00224535251,69701.203355064,257735.527877974,0.0,0.0,1260676192.0,,27.16637805,88.36424045,11865.6150052304,True
883c1d3519fffff,27.24037,88.29879,6.31,6.31,325.72,325.72,289.41,289.41,0.0,0.0,2026-08-11,20,0,0,0,0,0,0,1,1,0.0333333333333333,29.1963157225656,0.0,142.0,91.5322404409347,22.0,2238.0,9067.0,1173.09297157527,65051.8054439256,276281.830267845,0.0,0.0,1260676192.0,,27.16637805,88.36424045,10451.2826186167,True
883c1d351bfffff,27.24138,88.305675,8.135,8.53,336.325,337.86,288.8,289.05,0.0,0.0,2026-08-11,20,0,0,0,0,0,0,2,1,0.0333333333333333,31.0171672406741,0.0,323.0,318.188555498463,40.0,2098.0,9188.0,1406.26331138783,63913.7878035324,271661.512357003,0.0,0.0,1260676192.0,,27.16637805,88.36424045,10133.9992604461,True
883c1e4141fffff,25.33334,86.0227,5.34,5.34,341.92,341.92,292.89,292.89,0.0,0.0,2026-07-16,46,0,0,0,0,0,0,0,0,0.0,1256.69121080539,0.0,0.0,5352.62666410749,0.0,0.0,7.0,0.0,8175.48663071875,76157.3751656384,0.0,1.0,,,,,,False
883c1e4219fffff,25.43574,86.06752,1.48,1.48,304.88,304.88,287.92,287.92,1.0,0.0,2026-08-07,24,0,0,0,0,0,0,1,1,0.0333333333333333,162.767212162233,0.0,0.0,1414.30626614835,0.0,4.0,151.0,5366.73729336333,134700.316631198,491996.363264403,1.0,4.0,,,,,,False
883c1e5525fffff,25.4376466666667,86.06829,1.63,2.35,306.536666666667,308.26,290.766666666667,292.18,1.0,0.0,2026-08-07,24,0,0,0,0,0,0,3,2,0.0666666666666667,47.5700758647515,0.0,0.0,1368.42047620745,0.0,4.0,152.0,6456.55832861156,134928.091309819,486390.986351146,1.0,4.0,,,,,,False
883c1e78c3fffff,25.329795,86.42744,4.045,4.41,339.705,340.96,291.98,292.15,0.0,0.0,2026-07-26,36,0,0,0,0,0,0,0,0,0.0,1863.35643024233,0.0,0.0,8173.92148675169,0.0,1.0,6.0,0.0,16315.4746415564,70564.0231692227,0.0,0.0,,,,,,False
883c36404bfffff,27.70396,81.28532,10.8,10.8,341.53,341.53,295.95,295.95,0.0,0.0,2026-07-04,58,0,0,0,0,0,0,0,0,0.0,3968.637101784,0.0,0.0,8929.13963546076,0.0,0.0,0.0,0.0,0.0,2067.7007169738,0.0,0.0,,,,,,False
883c364153fffff,27.65166,81.27754,10.3,10.3,337.14,337.14,301.26,301.26,0.0,0.0,2026-07-05,57,0,0,0,0,0,0,0,0,0.0,2706.8460643943,0.0,0.0,3146.24603469013,0.0,0.0,1.0,0.0,0.0,7977.43789639266,0.0,0.0,,,,,,False
883c364237fffff,27.70487,81.28956,12.7,12.7,331.32,331.32,295.2,295.2,0.0,0.0,2026-07-04,58,0,0,0,0,0,0,0,0,0.0,3624.11210743669,0.0,0.0,9125.80546312325,0.0,0.0,0.0,0.0,0.0,2407.5476106178,0.0,0.0,,,,,,False
883c364a83fffff,27.58112,81.306865,10.5,10.85,336.955,337.21,300.99,301.33,0.0,0.0,2026-07-05,57,0,0,0,0,0,0,0,0,0.0,2216.0219559432,0.0,0.0,6339.93293336206,0.0,0.0,0.0,0.0,2599.16836478333,18425.7790329085,0.0,0.0,,,,,,False
883c364a87fffff,27.57691,81.302755,8.765,11.83,336.65,336.73,301.295,301.35,0.0,0.0,2026-07-05,57,0,0,0,0,0,0,0,0,0.0,1643.2855038761,0.0,0.0,6467.85608996186,0.0,0.0,0.0,0.0,5387.28466191689,21552.3614444618,0.0,0.0,,,,,,False
883c36cacdfffff,27.92895,81.02946,5.33,5.33,330.09,330.09,299.28,299.28,0.0,0.0,2026-07-05,57,0,0,0,0,0,0,0,0,0.0,906.266592822439,476.704883725146,0.0,1854.74447902088,0.0,1.0,270.0,0.0,12687.5054371781,51274.0294558244,0.0,0.0,,,,,,False
883c814729fffff,21.07685,85.045255,2.755,2.88,307.925,308.61,287.59,288.77,1.0,0.0,2026-08-11,20,0,0,0,0,0,0,2,2,0.0666666666666667,23.6907641787657,0.0,0.0,2012.69899074548,0.0,4.0,395.0,1046.10139382577,16673.3463939864,73691.9203157333,0.0,2.0,,,,,,False
883c814761fffff,21.07996,85.03458,2.71,2.71,307.48,307.48,290.37,290.37,1.0,0.0,2026-08-19,12,0,0,0,0,1,1,1,1,0.0333333333333333,521.942669203379,0.0,0.0,2453.69899212363,0.0,2.0,196.0,0.0,10851.4352831424,65489.4219681252,0.0,2.0,,,,,,False
883c814763fffff,21.07858,85.04521,1.56,1.56,309.08,309.08,289.5,289.5,1.0,0.0,2026-08-19,12,0,0,0,0,1,1,1,1,0.0333333333333333,65.1386331500202,0.0,0.0,1845.11732709559,0.0,4.0,438.0,1087.26631698051,18215.3470230804,74465.7463408049,0.0,2.0,,,,,,False
883c814767fffff,21.0775857142857,85.0394671428571,3.1,10.2,309.137142857143,332.32,286.661428571429,299.67,0.857142857142857,0.0,2026-08-19,12,0,0,0,0,2,1,5,4,0.133333333333333,539.172783698619,0.0,0.0,2279.59229494908,0.0,3.0,272.0,0.0,13153.9699246875,68622.385596064,0.0,2.0,,,,,,False
883c814881fffff,20.883295,84.98383,4.475,5.62,321.37,329.78,291.725,294.76,0.5,0.0,2026-08-19,12,0,0,0,0,1,1,2,2,0.0666666666666667,61.3984150046717,0.0,1.0,626.629511646424,0.0,5.0,12.0,2424.63170851655,42274.0014432916,80695.0667236064,1.0,4.0,,,,,,False
883c814889fffff,20.8873514285714,84.9820321428572,3.38214285714286,7.56,320.413571428571,342.42,285.897142857143,293.77,0.857142857142857,0.0,2026-08-26,5,2,1,2,1,8,2,13,5,0.166666666666667,85.1074057144495,0.0,2.0,251.833476568278,1.0,5.0,12.0,1667.63804684273,41468.2138609719,82159.47797685,1.0,4.0,,,,,,False
883c8148a3fffff,20.8616766666667,84.98895,4.03,5.54,333.213333333333,347.01,288.436666666667,293.12,0.333333333333333,0.0,2026-08-03,28,0,0,0,0,0,0,1,1,0.0333333333333333,208.716109137316,0.0,0.0,3013.41458896231,0.0,0.0,8.0,1784.89924270265,19736.2701454794,98717.5784515227,1.0,3.0,,,,,,False
883c8148abfffff,20.8637307692308,84.9875561538461,2.4,7.15,313.59,340.15,281.65,293.77,0.846153846153846,0.0,2026-08-26,5,2,1,4,2,5,3,10,7,0.233333333333333,167.426247840278,0.0,0.0,2791.55240195042,0.0,0.0,8.0,1289.02963978164,20562.5038354535,97490.975596827,1.0,3.0,,,,,,False
883c8148b1fffff,20.86681,84.99991,6.545,6.94,338.65,339.51,294.21,294.87,0.0,0.0,2026-07-07,55,0,0,0,0,0,0,0,0,0.0,27.0351491966231,0.0,0.0,2509.05221025569,0.0,0.0,7.0,1446.074368967,20960.9175201202,87511.4918281371,1.0,3.0,,,,,,False
883c8148bdfffff,20.8652455,84.9920035,3.104,9.17,314.0615,335.64,286.8495,293.92,0.8,0.0,2026-08-26,5,3,1,4,2,8,3,14,5,0.166666666666667,9.28777081987412,0.0,0.0,2624.11953903578,0.0,0.0,8.0,2997.24222012019,20811.4821952116,96533.4981507106,1.0,3.0,,,,,,False
883c814cdbfffff,20.964504,85.162228,2.024,2.71,304.858,309.93,280.894,286.88,1.0,0.0,2026-08-02,29,0,0,0,0,0,0,1,1,0.0333333333333333,466.495875349483,0.0,0.0,2057.86525583005,0.0,1.0,7.0,229.50076674163,12374.511307551,80842.0505517236,0.0,4.0,,,,,,False
883c814e83fffff,20.98528,85.130345,2.12,2.38,298.54,299.74,281.295,281.47,1.0,0.0,2026-08-10,21,0,0,0,0,0,0,2,1,0.0333333333333333,2241.6825539587,0.0,0.0,1860.35750405155,0.0,1.0,1.0,0.0,715.995128046253,26975.1458905046,0.0,1.0,,,,,,False
883c814e8bfffff,20.98948,85.124465,0.88,1.05,302.835,304.83,287.325,289.36,1.0,0.0,2026-08-26,5,1,1,1,1,2,2,2,2,0.0666666666666667,2873.71130240832,0.0,0.0,1584.09840526514,0.0,1.0,1.0,0.0,0.0,22883.334445665,0.0,0.0,,,,,,False
883c814e95fffff,20.9844033333333,85.1360033333333,1.61,2.38,303.76,307.85,283.52,287.21,1.0,0.0,2026-08-11,20,0,0,0,0,0,0,3,3,0.1,2080.00334823015,0.0,0.0,2397.57262552707,0.0,1.0,1.0,0.0,1190.55229382279,26900.6943435319,0.0,1.0,,,,,,False
883c814eb3fffff,20.96686,85.14919,1.42,1.42,295.77,295.77,284.85,284.85,1.0,0.0,2026-07-11,51,0,0,0,0,0,0,0,0,0.0,736.874048314038,0.0,0.0,3173.02051544759,0.0,0.0,6.0,0.0,11594.338166734,67934.2422353246,0.0,4.0,,,,,,False
883c814eb9fffff,20.978831,85.134036,2.977,5.2,310.562,335.5,283.889,295.18,0.8,0.0,2026-08-19,12,0,0,0,0,3,1,6,3,0.1,1471.08960334092,0.0,0.0,2132.17650582259,0.0,1.0,1.0,0.0,3245.19343490777,35630.5560577611,0.0,1.0,,,,,,False
883c817b21fffff,20.9639785714286,85.1786228571429,2.18857142857143,4.67,306.627142857143,310.49,286.528571428571,290.12,1.0,0.0,2026-08-19,12,0,0,0,0,3,1,5,2,0.0666666666666667,930.979290253943,0.0,0.0,1759.59071411204,0.0,2.0,24.0,0.0,16893.7862276103,93659.344828826,0.0,4.0,,,,,,False
883c817b23fffff,20.963352,85.187284,4.0348,9.71,322.0872,340.0,285.8384,293.3,0.68,0.0,2026-08-27,4,2,1,2,1,6,2,12,4,0.133333333333333,1341.12656218094,0.0,0.0,2134.23191276776,0.0,3.0,30.0,0.0,24311.7720512546,96667.6021973654,0.0,4.0,,,,,,False
883c817b29fffff,20.96886,85.1745189189189,4.15864864864865,9.99,322.796216216216,351.42,286.806756756757,295.07,0.702702702702703,0.0,2026-08-27,4,2,2,2,2,10,3,18,7,0.233333333333333,935.01946147796,0.0,0.0,2112.27263741537,0.0,2.0,23.0,0.0,11620.2413936743,84508.9316570676,0.0,4.0,,,,,,False
883c817b2bfffff,20.967374,85.181824,2.676,4.69,310.638,330.19,285.304,292.68,0.8,0.0,2026-07-30,32,0,0,0,0,0,0,0,0,0.0,949.792765598382,0.0,0.0,1827.89357702134,0.0,2.0,24.0,0.0,19599.0945431463,87319.4991714301,0.0,4.0,,,,,,False
883c817b2dfffff,20.9634739130435,85.1696704347826,3.19608695652174,8.27,312.65,334.74,286.09652173913,295.86,0.869565217391304,0.0,2026-08-27,4,2,2,2,2,10,4,16,6,0.2,315.28346969622,0.0,0.0,1646.23469149129,0.0,1.0,21.0,573.906704211421,14125.5078180127,92295.5679376104,0.0,4.0,,,,,,False
883c817b3dfffff,20.96614,85.18969,1.19,1.19,304.74,304.74,288.61,288.61,1.0,0.0,2026-08-08,23,0,0,0,0,0,0,1,1,0.0333333333333333,1030.91897442151,0.0,0.0,1823.03781093889,0.0,2.0,31.0,0.0,25892.262839249,94753.8218915146,0.0,3.0,,,,,,False
883c817b63fffff,20.9770383333333,85.1709266666667,1.79333333333333,2.69,308.016666666667,314.6,288.505,289.69,1.0,0.0,2026-08-19,12,0,0,0,0,4,1,6,2,0.0666666666666667,1321.87371372628,0.0,0.0,1938.86180081992,0.0,1.0,7.0,0.0,7594.81508374216,68393.655046201,0.0,2.0,,,,,,False
883c817b65fffff,20.967626,85.154108,2.098,2.78,302.598,308.23,285.396,288.16,1.0,0.0,2026-08-19,12,0,0,0,0,1,1,1,1,0.0333333333333333,1076.11065887604,0.0,0.0,2854.22422729452,0.0,0.0,6.0,0.0,10319.544546368,70295.242661653,0.0,3.0,,,,,,False
883c817b67fffff,20.9676425,85.1664525,2.195,3.25,309.8225,313.47,287.085,289.76,1.0,0.0,2026-08-19,12,0,0,0,0,1,1,3,2,0.0666666666666667,346.067594505014,0.0,0.0,2181.11805578082,0.0,1.0,10.0,158.418837032145,10988.8115962331,79142.1902214301,0.0,4.0,,,,,,False
883c81a501fffff,21.76537,85.57951,0.27,0.27,300.29,300.29,283.07,283.07,1.0,0.0,2026-08-20,11,0,0,0,0,1,1,1,1,0.0333333333333333,1050.98242452206,0.0,0.0,2331.05543575321,0.0,1.0,3.0,0.0,16291.5338037915,59422.675675698,0.0,0.0,,,,,,False
883c83a605fffff,20.76387,85.297815,2.285,2.56,307.315,310.85,283.9,284.0,1.0,0.0,2026-07-30,32,0,0,0,0,0,0,0,0,0.0,2804.47555819223,0.0,0.0,4023.01203802739,0.0,0.0,3.0,0.0,0.0,20035.7977317189,0.0,2.0,,,,,,False
883c83a629fffff,20.7604966666667,85.2948726666667,2.174,4.24,312.097333333333,336.89,284.86,298.97,0.866666666666667,0.0,2026-08-26,5,1,1,1,1,4,2,9,4,0.133333333333333,2491.34745795585,0.0,0.0,4448.07565846425,0.0,0.0,3.0,0.0,10.9679664752679,15739.4520384424,0.0,2.0,,,,,,False
883c83a62bfffff,20.75992,85.299422,4.032,6.67,322.8,333.1,289.414,295.81,0.4,0.0,2026-08-20,11,0,0,0,0,2,2,3,3,0.1,2919.86447472948,0.0,0.0,4433.41742756836,0.0,0.0,2.0,0.0,0.0,18828.8066836025,0.0,2.0,,,,,,False
883c83a663fffff,20.763535,85.292015,1.775,2.11,301.61,303.89,272.73,273.13,1.0,0.0,2026-08-26,5,2,1,2,1,2,1,2,1,0.0333333333333333,2371.482825389,0.0,0.0,4199.90345066724,0.0,0.0,3.0,0.0,160.072455292547,16526.8535728362,0.0,2.0,,,,,,False
883c83b4a5fffff,20.79852,85.26046,3.19,6.91,313.47,336.2,285.936666666667,296.97,0.666666666666667,0.0,2026-08-19,12,0,0,0,0,1,1,2,2,0.0666666666666667,137.969691720856,0.0,0.0,992.545271231223,0.0,4.0,11.0,892.275452492836,14511.674277074,67112.0435925897,1.0,5.0,,,,,,False
883c83b4adfffff,20.80407625,85.258115,2.39875,6.4,310.31875,331.39,282.3875,296.63,0.75,0.0,2026-08-26,5,1,1,1,1,2,2,6,4,0.133333333333333,162.996326748853,0.0,4.0,369.063259785767,1.0,4.0,11.0,2761.08819934997,22869.8711489605,86760.8795329032,2.0,5.0,,,,,,False
883c83b4e7fffff,20.8094375,85.256315,1.795,2.64,306.145,314.19,280.2775,284.2,1.0,0.0,2026-08-26,5,1,1,1,1,1,1,3,3,0.1,55.0944033292835,0.0,4.0,211.75938315326,4.0,5.0,13.0,3363.08728508182,29696.7015524863,99980.9627240826,2.0,5.0,,,,,,False
883c83b591fffff,20.78500375,85.26209125,4.11625,10.36,317.9625,340.26,287.605,298.01,0.625,0.0,2026-08-26,5,1,1,1,1,2,2,4,4,0.133333333333333,1141.09803319916,0.0,0.0,2433.63132692267,0.0,1.0,9.0,0.0,4579.45383471731,43821.8699327197,1.0,5.0,,,,,,False
883c83b599fffff,20.78880375,85.25875625,3.56,10.06,315.46375,341.6,283.41875,292.92,0.75,0.0,2026-08-19,12,0,0,0,0,1,1,6,3,0.1,829.706256208278,0.0,0.0,1935.24173941084,0.0,4.0,11.0,0.0,8330.81345989894,49993.2591858279,1.0,5.0,,,,,,False
883c83b59bfffff,20.787602,85.264692,1.608,3.3,304.988,310.12,281.384,284.44,1.0,0.0,2026-08-26,5,1,1,1,1,1,1,3,3,0.1,875.230497232041,0.0,0.0,2264.23432827577,0.0,2.0,9.0,0.0,5994.74879731581,48475.3194381847,1.0,5.0,,,,,,False
883c83b59dfffff,20.78438,85.25655,1.07,1.07,302.13,302.13,283.99,283.99,1.0,0.0,2026-08-26,5,1,1,1,1,1,1,1,1,0.0333333333333333,1369.47839670516,0.0,0.0,2351.93700343488,0.0,1.0,8.0,0.0,4098.15834122874,38755.7870756003,1.0,5.0,,,,,,False
883c83b5d3fffff,20.795225625,85.25417625,5.0296875,11.97,323.1559375,352.45,283.4959375,296.7,0.625,0.0,2026-08-27,4,7,2,7,2,13,4,20,7,0.233333333333333,801.850958041023,0.0,0.0,1125.99415697404,0.0,4.0,10.0,0.0,12846.0581164275,65980.7152931089,1.0,5.0,,,,,,False
883c83b5d7fffff,20.79158,85.2530566666667,4.13333333333333,6.94,321.036666666667,342.78,279.396666666667,289.55,0.666666666666667,0.0,2026-08-02,29,0,0,0,0,0,0,2,1,0.0333333333333333,1089.10314028159,0.0,0.0,1510.14282116853,0.0,4.0,10.0,0.0,10594.3080185813,55697.4771584449,1.0,5.0,,,,,,False
883c841601fffff,21.9717,83.19962,0.89,0.89,301.17,301.17,286.11,286.11,1.0,0.0,2026-08-09,22,0,0,0,0,0,0,1,1,0.0333333333333333,272.722501184472,6179.80660026971,0.0,2361.18990463108,0.0,1.0,15.0,887.841190113827,28316.1555514203,119505.507889183,0.0,3.0,,,,,,False
883c8416cdfffff,21.9852,83.2334716666667,2.28166666666667,3.39,307.518333333333,315.85,284.785,291.61,1.0,0.0,2026-07-29,33,0,0,0,0,0,0,0,0,0.0,183.660305618258,20995.8154647523,4.0,225.792305021758,4.0,4.0,8.0,6990.41653777268,62356.0346400277,140930.099779891,2.0,4.0,,,,,,False
883c8424b3fffff,21.801635,83.891965,1.31,1.43,305.545,305.92,289.505,290.04,1.0,0.0,2026-08-20,11,0,0,0,0,2,1,2,1,0.0333333333333333,798.338754787001,0.0,0.0,1139.48185333478,0.0,10.0,31.0,0.0,27490.4638884162,137748.916965815,0.0,5.0,,,,,,False
883c842587fffff,21.75785,83.83809,1.25,1.25,304.36,304.36,288.08,288.08,1.0,0.0,2026-07-29,33,0,0,0,0,0,0,0,0,0.0,107.375444127364,0.0,0.0,2689.93629961059,0.0,0.0,2.0,1640.77815829835,13289.0595124526,76736.1776811069,2.0,6.0,,,,,,False
883c842589fffff,21.774615,83.82602,3.625,3.92,314.66,317.49,289.15,290.69,1.0,0.0,2026-08-09,22,0,0,0,0,0,0,1,1,0.0333333333333333,1710.40263693352,0.0,0.0,4502.0414353874,0.0,0.0,4.0,0.0,7813.18520993028,82899.0991916649,0.0,6.0,,,,,,False
883c842595fffff,21.763355,83.84876375,3.5075,7.29,319.86,336.0,289.115,296.0,0.625,0.0,2026-08-28,3,1,1,1,1,1,1,5,4,0.133333333333333,454.614747831132,0.0,0.0,3596.23613555643,0.0,0.0,8.0,212.699996227445,29103.1229295929,85329.8689557229,1.0,8.0,,,,,,False
883c8425b1fffff,21.753275,83.8463875,6.66,13.4,325.9425,334.17,286.8225,288.28,0.25,0.0,2026-08-26,5,2,1,2,1,2,1,3,2,0.0666666666666667,53.4449431108457,0.0,0.0,2489.6224820053,0.0,1.0,2.0,1000.64137997714,26016.5112029898,72629.8220103094,0.0,6.0,,,,,,False
883c8425b5fffff,21.7442569565217,83.8432678260869,7.97391304347826,20.84,334.584347826087,355.66,290.823043478261,298.35,0.347826086956522,0.0,2026-08-28,3,7,3,7,3,9,4,18,7,0.233333333333333,783.274963224137,0.0,0.0,1479.61951277737,0.0,2.0,2.0,0.0,21324.0965800609,69155.1217330987,1.0,6.0,,,,,,False
883c8425b9fffff,21.7568657142857,83.8437407142857,3.76785714285714,9.87,319.595,346.78,288.802142857143,297.01,0.642857142857143,0.0,2026-08-22,9,0,0,1,1,1,1,8,4,0.133333333333333,492.665257627581,0.0,0.0,2731.85035496657,0.0,0.0,3.0,57.9601519869467,21852.1262502114,77571.4096626259,1.0,6.0,,,,,,False
883c8425bbfffff,21.76157,83.85073,2.71,2.71,306.28,306.28,290.09,290.09,1.0,0.0,2026-08-09,22,0,0,0,0,0,0,1,1,0.0333333333333333,361.780152384511,0.0,0.0,3510.97714697213,0.0,0.0,8.0,859.290469011957,31222.3861825637,81482.4549103626,0.0,8.0,,,,,,False
883c8425bdfffff,21.7503884615385,83.8418069230769,6.59769230769231,23.16,327.939230769231,356.0,289.149230769231,296.25,0.461538461538462,0.0,2026-08-28,3,3,3,3,3,5,4,7,6,0.2,163.570757367339,0.0,0.0,1991.11450994922,0.0,2.0,2.0,870.789818591284,19619.3093151113,71133.1142473554,1.0,5.0,,,,,,False
883c843045fffff,21.875155,83.494465,2.415,3.35,307.625,309.25,288.135,289.52,1.0,0.0,2026-07-31,31,0,0,0,0,0,0,0,0,0.0,65.0861147767923,8130.59781714734,1.0,305.526162078893,1.0,2.0,4.0,3830.5521156839,44667.2898578587,128408.321840626,2.0,2.0,,,,,,False
883c843047fffff,21.8766,83.49715,1.27,1.27,302.68,302.68,288.81,288.81,1.0,0.0,2026-07-26,36,0,0,0,0,0,0,0,0,0.0,101.486312777295,7463.31378214218,1.0,624.916465701119,0.0,1.0,4.0,2934.08512549517,38595.5430613089,131470.178339887,2.0,3.0,,,,,,False
883c8430c1fffff,21.88009,83.55791,2.23,2.23,300.92,300.92,285.5,285.5,1.0,0.0,2026-07-31,31,0,0,0,0,0,0,0,0,0.0,146.224619719041,13294.0174280207,0.0,,0.0,0.0,0.0,1927.16169281812,47881.0360007507,105958.722558106,1.0,2.0,,,,,,False
883c8430c5fffff,21.878605,83.5557,2.3,2.31,306.245,308.29,289.315,289.54,1.0,0.0,2026-07-26,36,0,0,0,0,0,0,0,0,0.0,45.3184611907165,13089.3031656656,0.0,,0.0,0.0,0.0,3248.41890802375,49223.3041438502,105974.441421253,2.0,2.0,,,,,,False
883c8430cdfffff,21.88115,83.5528,2.78,2.78,300.8,300.8,285.36,285.36,1.0,0.0,2026-07-31,31,0,0,0,0,0,0,0,0,0.0,85.713621938685,12699.9776535799,0.0,,0.0,0.0,0.0,2822.60717413377,47639.3722455338,107294.42742717,2.0,2.0,,,,,,False
883c848531fffff,22.10646,83.12575,1.99,1.99,305.99,305.99,283.47,283.47,1.0,0.0,2026-07-31,31,0,0,0,0,0,0,0,0,0.0,94.0301601567049,1988.41572939593,0.0,1970.70511246569,0.0,1.0,17.0,981.168372782966,7684.16901736532,20086.0337764182,0.0,0.0,,,,,,False
883c848ec1fffff,22.08837,83.11952,1.96,1.96,312.44,312.44,286.71,286.71,1.0,0.0,2026-08-12,19,0,0,0,0,0,0,1,1,0.0333333333333333,743.621595701949,1301.30697667274,0.0,2202.20667336452,0.0,16.0,18.0,0.0,7303.9348969498,21204.5184190505,0.0,0.0,,,,,,False
883c848ec9fffff,22.08969,83.11682,0.55,0.55,302.24,302.24,283.09,283.09,1.0,0.0,2026-07-31,31,0,0,0,0,0,0,0,0,0.0,1052.75749313256,0.0,0.0,1900.41536154462,0.0,16.0,18.0,0.0,6242.91308037334,19202.5442508462,0.0,0.0,,,,,,False
883c84a901fffff,21.9191566666667,83.35282,2.23333333333333,3.41,323.386666666667,343.28,280.206666666667,290.57,0.333333333333333,0.0,2026-08-26,5,1,1,1,1,1,1,2,2,0.0666666666666667,247.378890647053,21317.371912359,0.0,1088.28096030186,0.0,22.0,56.0,3255.17216351738,111513.592580971,348551.825997135,1.0,4.0,,,,,,False
883c84a909fffff,21.92237125,83.3507475,3.75,7.93,320.15875,346.59,283.21,298.87,0.75,0.0,2026-08-22,9,0,0,1,1,1,1,5,3,0.1,173.296361924843,24086.5851871293,7.0,720.791778737427,0.0,22.0,48.0,4236.59100947136,116357.550300262,325501.41293598,1.0,4.0,,,,,,False
883c84a90dfffff,21.919235,83.35024,2.19,2.54,312.095,323.09,284.955,287.2,1.0,0.0,2026-07-31,31,0,0,0,0,0,0,0,0,0.0,237.92501507787,20380.0125772318,1.0,881.216990197036,0.0,22.0,51.0,2562.63136974396,111916.437427852,332594.003111238,1.0,4.0,,,,,,False
883c84a943fffff,21.92909,83.3482,1.13,1.13,305.23,305.23,287.32,287.32,1.0,0.0,2026-07-26,36,0,0,0,0,0,0,0,0,0.0,92.5220158108822,24417.2869096593,14.0,411.957747180653,6.0,22.0,26.0,5955.8080514571,112320.199778249,290761.339839647,2.0,4.0,,,,,,False
883c84a947fffff,21.92501,83.339895,1.38,1.63,308.12,309.86,279.26,284.7,1.0,0.0,2026-08-12,19,0,0,0,0,0,0,1,1,0.0333333333333333,179.777682974283,21155.2274046457,5.0,405.581206823286,4.0,22.0,27.0,3382.997947817,102159.858299406,270919.141320017,2.0,4.0,,,,,,False
883c84aa0bfffff,22.0284,83.367,2.14,2.14,307.3,307.3,290.78,290.78,1.0,0.0,2026-08-09,22,0,0,0,0,0,0,1,1,0.0333333333333333,430.057557627729,2348.28050624194,0.0,1378.19000264354,0.0,14.0,54.0,500.599150770198,14802.6674389964,86998.5327113131,0.0,6.0,,,,,,False
883c84aa43fffff,22.03738875,83.35151875,2.03625,2.84,308.54875,321.44,282.47,291.29,1.0,0.0,2026-08-12,19,0,0,0,0,0,0,4,2,0.0666666666666667,1075.76675192255,0.0,0.0,2314.1293845348,0.0,9.0,54.0,0.0,6354.63899621546,89700.4733988535,0.0,8.0,,,,,,False
883c84aa5dfffff,22.03967,83.35366,1.25,1.25,301.84,301.84,278.65,278.65,1.0,0.0,2026-08-12,19,0,0,0,0,0,0,1,1,0.0333333333333333,812.334369448223,942.502669357314,0.0,2241.96737458536,0.0,13.0,54.0,0.0,10488.4958056805,83654.0781906188,0.0,7.0,,,,,,False
883c84aa6bfffff,22.01886,83.33949,1.92,1.92,306.07,306.07,290.77,290.77,1.0,0.0,2026-08-09,22,0,0,0,0,0,0,1,1,0.0333333333333333,637.990959855781,1933.28326402915,0.0,3942.27827489614,0.0,0.0,53.0,0.0,16150.9487008697,91998.1333790411,0.0,8.0,,,,,,False
883c85229bfffff,22.20119,84.84676,2.35,2.35,308.18,308.18,289.62,289.62,1.0,0.0,2026-07-31,31,0,0,0,0,0,0,0,0,0.0,3.96073806505075,0.0,45.0,385.743027479896,2.0,377.0,1085.0,4892.7801752868,117329.071732629,435708.25418866,2.0,7.0,,,,,,False
883c852749fffff,22.208668,84.860412,1.162,1.42,300.74,304.58,276.094,286.5,1.0,0.0,2026-08-10,21,0,0,0,0,0,0,2,2,0.0666666666666667,240.52561470511,0.0,254.0,43.0896147595273,116.0,588.0,1147.0,976.374203383518,131985.245660451,508411.782659588,1.0,6.0,,,,,,False
883c85275dfffff,22.2085,84.8784,0.57,0.57,296.56,296.56,277.72,277.72,1.0,0.0,2026-07-25,37,0,0,0,0,0,0,0,0,0.0,99.2791500593886,0.0,98.0,130.17080343551,22.0,503.0,1076.0,3219.34574745034,90808.7006843658,478600.060393951,1.0,5.0,,,,,,False
883c8530b3fffff,22.22315,84.75199,1.64,1.64,304.23,304.23,289.6,289.6,1.0,0.0,2026-07-29,33,0,0,0,0,0,0,0,0,0.0,173.82816888986,0.0,0.0,1991.94636775845,0.0,1.0,9.0,2427.95455098797,41991.559294743,130037.696305962,2.0,6.0,,,,,,False
883c853327fffff,22.20396,84.59077,1.54,1.54,300.31,300.31,286.72,286.72,1.0,0.0,2026-08-09,22,0,0,0,0,0,0,1,1,0.0333333333333333,60.1560887844944,0.0,15.0,380.25807661396,1.0,52.0,56.0,1479.75699723287,38006.5597201811,65873.313667262,1.0,5.0,,,,,,False
883c853561fffff,22.22572,84.76047,1.67,1.67,304.83,304.83,289.07,289.07,1.0,0.0,2026-07-29,33,0,0,0,0,0,0,0,0,0.0,234.800740326914,0.0,0.0,2013.37114110804,0.0,2.0,9.0,1006.02217678405,52365.1299206786,170468.031887402,2.0,6.0,,,,,,False
883c853565fffff,22.2206533333333,84.7559666666667,1.54,1.92,304.446666666667,306.45,287.54,289.6,1.0,0.0,2026-07-29,33,0,0,0,0,0,0,0,0,0.0,73.8923352420483,0.0,0.0,2409.59295516793,0.0,1.0,9.0,1953.48385304303,42552.7829111983,133664.912957605,2.0,6.0,,,,,,False
883c85356dfffff,22.22622,84.75452,1.06,1.06,302.13,302.13,282.92,282.92,1.0,0.0,2026-07-26,36,0,0,0,0,0,0,0,0,0.0,26.1956121450833,0.0,0.0,2287.16693581028,0.0,1.0,9.0,2199.5018196083,45315.0533156691,141738.098429773,2.0,6.0,,,,,,False
883c8535a1fffff,22.2133966666667,84.8422733333333,1.93333333333333,3.38,313.646666666667,330.93,285.033333333333,291.89,0.666666666666667,0.0,2026-08-26,5,1,1,1,1,1,1,2,2,0.0666666666666667,135.491119355218,0.0,50.0,214.696505785491,13.0,774.0,1256.0,3515.12910808328,141289.323727247,576746.36318329,1.0,7.0,,,,,,False
883c8535a5fffff,22.2106,84.84077,1.42,1.42,307.46,307.46,289.48,289.48,1.0,0.0,2026-07-29,33,0,0,0,0,0,0,0,0,0.0,25.0026310401142,0.0,40.0,376.70462553419,10.0,666.0,1131.0,5218.27618684004,121371.757678596,535993.182003234,1.0,7.0,,,,,,False
883c8535a7fffff,22.20491,84.85063,1.755,1.88,306.55,306.86,280.415,289.29,1.0,0.0,2026-07-29,33,0,0,0,0,0,0,0,0,0.0,84.5877824127098,0.0,124.0,15.0864487202885,51.0,457.0,1111.0,3856.34553421169,130726.826782524,476612.805976823,1.0,7.0,,,,,,False
883c8535adfffff,22.21333,84.83915,2.79,2.79,330.66,330.66,291.48,291.48,0.0,0.0,2026-08-26,5,1,1,1,1,1,1,1,1,0.0333333333333333,24.3469188813433,0.0,30.0,533.616173653819,0.0,725.0,1205.0,2766.67747467341,139157.739915858,569021.989553188,1.0,7.0,,,,,,False
883c8535b5fffff,22.2112575,84.8631225,2.345,3.63,311.965,331.67,284.85,293.69,0.75,0.0,2026-08-26,5,1,1,1,1,1,1,3,3,0.1,202.628668137763,0.0,268.0,1.30999281210009,106.0,618.0,1254.0,1241.39014210579,122277.456042591,541427.086873924,1.0,6.0,,,,,,False
883c8535b7fffff,22.2144266666667,84.8701566666667,3.10666666666667,5.23,319.086666666667,334.29,282.516666666667,293.07,0.666666666666667,0.0,2026-08-26,5,1,1,1,1,1,1,2,2,0.0666666666666667,400.227536445119,0.0,181.0,85.126258438246,59.0,630.0,1430.0,837.337130636156,109403.894435367,564148.64717058,1.0,6.0,,,,,,False
883c854125fffff,21.68232,84.04218,1.49,1.49,305.16,305.16,287.68,287.68,1.0,0.0,2026-07-29,33,0,0,0,0,0,0,0,0,0.0,0.173000433998188,0.0,6.0,144.623691199697,5.0,10.0,25.0,5651.22315727634,69397.9210029218,248703.221499772,1.0,4.0,,,,,,False
883c854301fffff,21.7661575,84.02148,3.065,6.79,312.3925,338.6,290.7325,292.85,0.75,0.0,2026-08-20,11,0,0,0,0,2,1,3,2,0.0666666666666667,11.2392745566695,0.0,1.0,699.50588096303,0.0,24.0,207.0,6564.20934156526,93518.8851708758,270719.319036652,2.0,8.0,,,,,,False
883c854305fffff,21.75801,84.022515,2.89,2.91,308.615,311.01,285.85,286.98,1.0,0.0,2026-08-20,11,0,0,0,0,1,1,2,2,0.0666666666666667,13.4659336287047,0.0,9.0,200.647144667547,3.0,24.0,137.0,5081.36112463534,101201.194537691,300150.349791519,1.0,10.0,,,,,,False
883c85430dfffff,21.76609,84.017895,2.98,3.9,308.085,309.28,289.265,289.27,1.0,0.0,2026-07-29,33,0,0,0,0,0,0,0,0,0.0,11.3433133382332,0.0,3.0,558.789422422345,0.0,23.0,189.0,11184.9441198802,87711.8736277459,260130.779372659,2.0,8.0,,,,,,False
883c85432bfffff,21.75551,84.02298,2.89,2.89,307.28,307.28,285.65,285.65,1.0,0.0,2026-08-20,11,0,0,0,0,1,1,1,1,0.0333333333333333,24.3786130867549,0.0,10.0,160.775751123874,4.0,31.0,111.0,4841.75386633591,99419.082702678,306486.133696961,1.0,10.0,,,,,,False
883c854a11fffff,21.67357,84.040765,3.89,4.73,330.345,330.91,294.74,295.02,0.0,0.0,2026-08-26,5,1,1,1,1,1,1,2,2,0.0666666666666667,15.9033830680482,0.0,7.0,196.626665552021,2.0,16.0,29.0,3889.48608140524,74136.2336387796,217274.162154647,1.0,4.0,,,,,,False
883c854a19fffff,21.679028,84.039393,3.382,9.21,314.264,337.96,289.776,296.78,0.7,0.0,2026-08-26,5,1,1,1,1,1,1,6,4,0.133333333333333,55.6896570053268,0.0,6.0,213.819315541142,5.0,11.0,28.0,2999.27299527516,73702.6567534538,234411.363958164,1.0,4.0,,,,,,False
883c855007fffff,21.8591,83.96842,1.31,1.31,304.7,304.7,291.23,291.23,1.0,0.0,2026-08-20,11,0,0,0,0,1,1,1,1,0.0333333333333333,220.158414984442,0.0,0.0,3016.43816266287,0.0,0.0,45.0,1735.06374366665,20174.9200160662,90825.2774646778,1.0,4.0,,,,,,False
883c8551a1fffff,21.79336,83.9878,1.61,1.61,305.66,305.66,291.11,291.11,1.0,0.0,2026-08-20,11,0,0,0,0,1,1,1,1,0.0333333333333333,668.664240128869,0.0,2.0,840.83435548794,0.0,2.0,44.0,0.0,18148.4469835688,131814.383488372,1.0,7.0,,,,,,False
883c855b49fffff,21.738255,83.84214,3.225,3.69,314.355,315.17,289.88,290.79,1.0,0.0,2026-08-09,22,0,0,0,0,0,0,1,1,0.0333333333333333,698.183583167331,0.0,2.0,944.619868053938,0.0,2.0,5.0,0.0,22090.8068723669,68973.2182800934,0.0,6.0,,,,,,False
883c85c865fffff,21.95587,83.80977,1.335,1.43,300.04,303.27,282.525,284.09,1.0,0.0,2026-08-20,11,0,0,0,0,1,1,1,1,0.0333333333333333,738.769816078796,0.0,0.0,7568.1566961064,0.0,0.0,0.0,0.0,8904.67875065664,29024.4830837115,0.0,0.0,,,,,,False
883c85c959fffff,21.95513,83.80673,0.66,0.66,304.14,304.14,282.58,282.58,1.0,0.0,2026-07-31,31,0,0,0,0,0,0,0,0,0.0,528.953291377843,0.0,0.0,7798.0123131569,0.0,0.0,0.0,0.0,13539.3820580716,28901.4600559272,0.0,0.0,,,,,,False
883c85cb05fffff,21.9641766666667,83.7716733333333,1.67666666666667,2.75,305.446666666667,310.43,285.84,290.85,1.0,0.0,2026-08-20,11,0,0,0,0,1,1,3,3,0.1,487.469896676186,0.0,0.0,11451.8515264607,0.0,0.0,0.0,80.9478223052879,25488.1591815871,49178.8594910062,0.0,0.0,,,,,,False
883c85d805fffff,22.06671,83.70587,0.77,0.77,302.74,302.74,286.35,286.35,1.0,0.0,2026-08-09,22,0,0,0,0,0,0,1,1,0.0333333333333333,127.919248609943,0.0,0.0,1490.7951909689,0.0,1.0,1.0,1421.73531338839,6259.84746451421,31496.3937455933,0.0,0.0,,,,,,False
883c85d829fffff,22.06497,83.705945,1.58,1.82,309.89,313.22,289.71,289.78,1.0,0.0,2026-08-20,11,0,0,0,0,1,1,2,2,0.0666666666666667,35.3027328087331,0.0,0.0,1300.44613421894,0.0,1.0,1.0,1570.84720540604,6928.0260463973,32433.6075577105,0.0,0.0,,,,,,False
883c85d987fffff,22.01529,83.75329,1.78,1.78,305.48,305.48,286.03,286.03,1.0,0.0,2026-08-22,9,0,0,1,1,1,1,1,1,0.0333333333333333,791.6595663549,0.0,0.0,6577.50927463359,0.0,0.0,0.0,0.0,15330.8825537297,52449.1697808759,0.0,0.0,,,,,,False
883c85d989fffff,22.03088,83.74166,1.85,1.85,303.64,303.64,286.84,286.84,1.0,0.0,2026-07-31,31,0,0,0,0,0,0,0,0,0.0,883.793931536992,0.0,0.0,4584.78196594877,0.0,0.0,1.0,0.0,17954.6273685629,54502.7960580991,0.0,0.0,,,,,,False
883c85d9b9fffff,22.01404,83.75465,1.7,1.7,308.83,308.83,287.74,287.74,1.0,0.0,2026-08-20,11,0,0,0,0,1,1,1,1,0.0333333333333333,599.676447957437,0.0,0.0,6774.09264634253,0.0,0.0,0.0,0.0,15665.4095987428,52150.1848963262,0.0,0.0,,,,,,False
883c85d9c1fffff,22.0398175,83.72733,1.905,2.88,305.17,312.31,286.1775,289.86,1.0,0.0,2026-08-20,11,0,0,0,0,1,1,1,1,0.0333333333333333,293.979205277352,0.0,0.0,2804.46841088047,0.0,0.0,1.0,1733.10445357797,20596.6818557457,41689.8781861125,0.0,0.0,,,,,,False
883c85d9c3fffff,22.0397925,83.7343,1.8,2.41,307.29,309.75,288.6,290.15,1.0,0.0,2026-08-20,11,0,0,0,0,2,1,2,1,0.0333333333333333,68.326706867054,0.0,0.0,3438.20774515556,0.0,0.0,1.0,1451.85415533008,22266.2455589949,46397.3261151975,0.0,0.0,,,,,,False
883c85d9c9fffff,22.04485,83.72594,1.17,1.17,303.2,303.2,283.68,283.68,1.0,0.0,2026-07-31,31,0,0,0,0,0,0,0,0,0.0,23.6998253016355,0.0,0.0,2421.10136903096,0.0,1.0,1.0,2372.34825400907,22976.1889985579,39439.0593464676,0.0,0.0,,,,,,False
883c8a9811fffff,20.24184,86.60018,2.41,2.41,308.01,308.01,283.48,283.48,1.0,0.0,2026-08-08,23,0,0,0,0,0,0,1,1,0.0333333333333333,16.1370135622067,0.0,14.0,396.679037358215,2.0,52.0,120.0,8018.08173395416,82063.2062128959,167082.678658949,1.0,8.0,11753075267.0,Kakatpur Fire Station,19.9912027,86.2246143,48068.931421078,True
883c8a9aa5fffff,20.2575866666667,86.6017133333333,0.956666666666667,1.17,306.85,311.43,276.33,280.05,1.0,0.0,2026-07-19,43,0,0,0,0,0,0,0,0,0.0,150.949252710009,0.0,14.0,391.247568342841,3.0,78.0,198.0,2188.51057682805,106649.355706451,235380.161930091,1.0,11.0,11753075267.0,Kakatpur Fire Station,19.9912027,86.2246143,49221.8088907103,True
883c8d104bfffff,22.2434183333333,87.38839,1.50666666666667,2.16,303.205,313.65,276.906666666667,285.23,1.0,0.0,2026-08-29,2,1,1,2,2,4,3,5,4,0.133333333333333,162.154314567019,0.0,0.0,4142.49659069509,0.0,0.0,6.0,4395.33364525608,65210.6042601952,248948.19591351,0.0,0.0,,,,,,False
883c8d1237fffff,22.246161,87.388854,2.092,5.3,313.548,333.61,285.224,296.51,0.8,0.0,2026-08-26,5,1,1,1,1,4,3,6,5,0.166666666666667,139.221812405006,0.0,0.0,3936.53976597099,0.0,0.0,7.0,4570.70230372011,65243.2644032447,253850.070452154,0.0,0.0,,,,,,False
883c8d885bfffff,22.3571,87.28727,0.35,0.35,295.35,295.35,266.92,266.92,1.0,0.0,2026-08-01,30,0,0,0,0,0,0,0,0,0.0,151.031172633213,0.0,0.0,1436.25120273556,0.0,20.0,275.0,4187.92354410587,165157.643956604,589787.75602643,2.0,9.0,,,,,,False
883c8d8a13fffff,22.3811033333333,87.2761466666667,1.79333333333333,3.78,304.398333333333,308.84,278.923333333333,290.21,1.0,0.0,2026-08-27,4,1,1,1,1,3,3,4,4,0.133333333333333,32.9075638496982,0.0,4.0,718.016002602529,0.0,18.0,55.0,3994.49455418911,71318.4660847255,421974.958945027,1.0,7.0,,,,,,False
883c8d8a17fffff,22.378145,87.27362,3.86,4.15,305.145,305.16,284.58,284.62,1.0,0.0,2026-08-24,7,0,0,2,1,2,1,2,1,0.0333333333333333,70.0226219415062,0.0,0.0,1107.07420642278,0.0,18.0,49.0,2843.14656291226,66180.5016002701,409650.492847004,0.0,7.0,,,,,,False
883c8d8a85fffff,22.3673530555556,87.3010147222222,2.19944444444444,8.62,310.710833333333,344.08,282.991111111111,299.82,0.888888888888889,0.0,2026-08-29,2,3,3,9,5,13,7,21,12,0.4,29.8076735408909,0.0,0.0,2122.20596547405,0.0,10.0,80.0,3640.2321116374,125293.285755715,640351.143574561,1.0,10.0,,,,,,False
883c8d8aa9fffff,22.3638709523809,87.30021,2.18047619047619,7.16,309.700476190476,337.75,280.994761904762,298.68,0.904761904761905,0.0,2026-08-27,4,2,2,6,4,9,6,12,9,0.3,152.995111273169,0.0,0.0,2074.71966031685,0.0,3.0,155.0,2863.65488839211,142112.014475009,651890.233647585,1.0,10.0,,,,,,False
883c8d8aabfffff,22.3635975,87.3028475,1.6125,2.29,305.7225,316.32,278.495,285.56,1.0,0.0,2026-08-21,10,0,0,0,0,2,2,3,3,0.1,65.9253493852477,0.0,0.0,2061.66173381474,0.0,2.0,182.0,5198.74980082743,142512.894447686,668439.401756357,1.0,10.0,,,,,,False
883c8d8aadfffff,22.3569858333333,87.290615,1.3,2.61,306.651666666667,330.47,283.486666666667,295.78,0.916666666666667,0.0,2026-08-26,5,2,2,3,3,6,5,8,7,0.233333333333333,11.119231480023,0.0,0.0,1397.26124404744,0.0,22.0,323.0,5007.05404865785,174184.007429058,621813.281854509,2.0,9.0,,,,,,False
883c8d8ac5fffff,22.38231,87.28905,2.32,2.32,305.9,305.9,289.6,289.6,1.0,0.0,2026-08-19,12,0,0,0,0,1,1,1,1,0.0333333333333333,58.2881549843308,0.0,18.0,362.549832975092,7.0,21.0,76.0,5151.63980503485,86975.2178428666,522978.139557559,2.0,6.0,,,,,,False
883c8d8ae3fffff,22.36955,87.29661,1.855,2.15,302.65,306.0,281.225,285.74,1.0,0.0,2026-07-31,31,0,0,0,0,0,0,0,0,0.0,31.4741968307275,0.0,0.0,1962.82008541869,0.0,21.0,71.0,4925.93107901406,112105.384220113,605514.638108183,2.0,10.0,,,,,,False
883c8d8ae5fffff,22.35851,87.27961,1.03,1.03,306.0,306.0,274.92,274.92,1.0,0.0,2026-07-30,32,0,0,0,0,0,0,0,0,0.0,41.2685206031624,0.0,0.0,1258.1460919492,0.0,18.0,110.0,2660.32362175163,145676.567081117,532404.223711328,2.0,9.0,,,,,,False
883c8d8ae7fffff,22.35913,87.289968,1.827,5.9,309.122,334.21,286.555,297.02,0.9,0.0,2026-08-24,7,0,0,2,2,4,4,7,7,0.233333333333333,98.5591760294226,0.0,0.0,1633.51611198779,0.0,19.0,221.0,4508.42492424745,162404.400203648,593938.670909767,2.0,9.0,,,,,,False
883c8d8ae9fffff,22.3774594805195,87.2790131168831,3.14025974025974,10.47,314.845194805195,347.93,281.30961038961,298.4,0.883116883116883,0.0,2026-08-29,2,8,5,21,8,32,11,50,16,0.533333333333333,92.0541930262004,0.0,4.0,783.101099524617,0.0,18.0,56.0,4795.61485983576,71171.0779520242,450074.643539581,1.0,8.0,,,,,,False
883c8d8aebfffff,22.379425,87.28888,1.245,1.41,301.6575,304.7,283.1775,289.65,1.0,0.0,2026-07-28,34,0,0,0,0,0,0,0,0,0.0,88.7524217094674,0.0,15.0,622.146984569266,0.0,21.0,67.0,4241.0770919973,84755.5102284365,533045.711129176,3.0,7.0,,,,,,False
883c8e56d9fffff,20.53122,85.90837,0.96,0.96,307.03,307.03,284.15,284.15,1.0,0.0,2026-07-30,32,0,0,0,0,0,0,0,0,0.0,69.6600328345398,0.0,18.0,173.404038287203,3.0,29.0,44.0,6914.37553854136,135333.888161714,310591.552710897,1.0,6.0,490263013.0,Baramunda Fire Station,20.27905275,85.7993003776225,30142.5256534988,True
883c8e8c8dfffff,20.925735,86.04365,0.805,1.21,299.825,300.23,279.4,279.53,1.0,0.0,2026-07-26,36,0,0,0,0,0,0,0,0,0.0,25.3130004253962,0.0,0.0,1176.37767967357,0.0,2.0,6.0,1925.62917825472,19435.0734763285,60873.3144206633,1.0,10.0,,,,,,False
883c8e8ccbfffff,20.9505822222222,86.0461166666667,2.10222222222222,3.25,315.335555555556,335.96,280.671111111111,290.86,1.0,0.0,2026-08-20,11,0,0,0,0,4,2,7,3,0.1,814.308279908825,0.0,0.0,1051.70105338377,0.0,3.0,8.0,0.0,24750.0635640709,88532.6661141888,2.0,11.0,,,,,,False
883c8e8cd5fffff,20.94162,86.06082,3.35,6.29,318.596666666667,332.89,289.233333333333,295.22,0.666666666666667,0.0,2026-07-31,31,0,0,0,0,0,0,0,0,0.0,499.871434320506,0.0,0.0,2431.33933902126,0.0,2.0,7.0,0.0,21373.0769676163,86400.3326787227,1.0,10.0,,,,,,False
883c8e8cddfffff,20.949805,86.0504025,1.5575,2.36,306.9475,322.82,281.0175,288.26,1.0,0.0,2026-08-20,11,0,0,0,0,2,2,2,2,0.0666666666666667,699.419742320758,0.0,0.0,1156.69775026049,0.0,3.0,7.0,0.0,24727.9747882694,86489.9441555988,2.0,10.0,,,,,,False
883c8e8ce3fffff,20.9223,86.04272,1.75,1.75,304.65,304.65,287.37,287.37,1.0,0.0,2026-08-02,29,0,0,0,0,0,0,1,1,0.0333333333333333,281.14032432853,0.0,1.0,914.752612832863,0.0,2.0,6.0,1302.86400882148,19813.7051451256,52870.1298001051,2.0,9.0,,,,,,False
883c8e8e85fffff,20.97095,86.0213766666667,1.96,3.45,313.496666666667,318.49,287.32,288.95,1.0,0.0,2026-08-02,29,0,0,0,0,0,0,1,1,0.0333333333333333,125.358737970329,0.0,0.0,1387.64186050155,0.0,3.0,9.0,519.459968987313,30962.4273832286,84921.247242344,1.0,11.0,,,,,,False
883c8e8ea9fffff,20.965022,86.014818,5.414,12.28,321.478,367.0,285.21,294.43,0.6,0.2,2026-08-19,12,0,0,0,0,1,1,1,1,0.0333333333333333,173.369875696951,0.0,0.0,1671.6659522039,0.0,4.0,9.0,669.924232895916,27536.283665356,89836.7925367581,1.0,11.0,,,,,,False
883c8e8eb1fffff,20.96329,86.04836,2.15,2.15,305.9,305.9,288.81,288.81,1.0,0.0,2026-07-18,44,0,0,0,0,0,0,0,0,0.0,39.8256927067319,0.0,2.0,223.952525056273,2.0,3.0,5.0,2203.76283374218,26954.9962789617,88752.671994806,1.0,12.0,,,,,,False
883c8e8eb3fffff,20.964445,86.05076,1.995,2.26,316.56,317.47,288.97,290.81,1.0,0.0,2026-08-19,12,0,0,0,0,1,1,2,2,0.0666666666666667,229.194057721388,0.0,2.0,295.948246571106,2.0,3.0,5.0,3258.65505952372,26567.2687827563,88499.1730054598,1.0,11.0,,,,,,False
883c8e8eb5fffff,20.95314,86.04453,4.28,4.28,320.25,320.25,290.81,290.81,1.0,0.0,2026-08-19,12,0,0,0,0,1,1,1,1,0.0333333333333333,775.335346038288,0.0,1.0,826.074574053892,0.0,3.0,7.0,0.0,26735.1960100309,87616.6941243074,2.0,12.0,,,,,,False
883c8e8eb7fffff,20.952361,86.047804,3.583,6.58,321.852,337.31,286.246,295.44,0.9,0.0,2026-08-22,9,0,0,1,1,2,2,5,4,0.133333333333333,550.599451446369,0.0,0.0,840.789123059903,0.0,3.0,7.0,0.0,25871.9897447624,87711.9043198775,2.0,11.0,,,,,,False
883c8e8ecbfffff,20.9980075,86.0159675,1.5775,2.25,310.585,322.16,289.005,290.98,1.0,0.0,2026-08-19,12,0,0,0,0,4,1,4,1,0.0333333333333333,84.8355229327935,0.0,0.0,3208.6888564078,0.0,0.0,8.0,3058.84452253155,15507.8774013917,80570.1981780446,1.0,5.0,,,,,,False
883c8e8ed5fffff,20.99624,86.02747,1.19,1.19,305.57,305.57,279.07,279.07,1.0,0.0,2026-08-08,23,0,0,0,0,0,0,1,1,0.0333333333333333,782.559133119836,0.0,0.0,3655.50850860004,0.0,0.0,8.0,0.0,15313.1230105057,82299.1246302327,1.0,6.0,,,,,,False
883c8e8eddfffff,21.00148,86.0265754545455,1.36909090909091,1.9,306.782727272727,313.99,285.03,290.71,1.0,0.0,2026-08-22,9,0,0,1,1,4,2,9,5,0.166666666666667,202.438517999662,0.0,0.0,,0.0,0.0,6.0,799.605460940635,10986.4085071593,81692.0484958806,1.0,5.0,,,,,,False
883c8e8ee1fffff,20.9704007142857,86.004125,1.94571428571429,6.18,308.52,337.35,282.885,293.27,0.928571428571429,0.0,2026-08-22,9,0,0,3,1,7,3,10,5,0.166666666666667,51.4245301826019,0.0,2.0,412.487997490723,1.0,4.0,9.0,2257.57306506724,25674.9373112088,96908.131274732,2.0,7.0,,,,,,False
883c8e8ee3fffff,20.9688845454545,86.01191,2.41,3.23,314.880909090909,341.73,284.764545454545,291.67,0.909090909090909,0.0,2026-08-28,3,1,1,3,2,5,3,6,4,0.133333333333333,299.190652580997,0.0,0.0,1234.76805410841,0.0,5.0,9.0,638.023482415913,29711.767963828,91817.8143057971,1.0,10.0,,,,,,False
883c8e8ee5fffff,20.96462,86.00256,0.97,0.97,306.47,306.47,288.86,288.86,1.0,0.0,2026-08-19,12,0,0,0,0,1,1,1,1,0.0333333333333333,68.9281663121853,0.0,1.0,823.266288883122,0.0,4.0,8.0,2067.41879996164,25579.2939673879,95348.9945628622,1.0,7.0,,,,,,False
883c8e8ee7fffff,20.9636866666667,86.00851,3.17722222222222,7.16,319.658888888889,336.96,285.327777777778,295.7,0.611111111111111,0.0,2026-08-28,3,1,1,1,1,3,2,5,4,0.133333333333333,113.549236329996,0.0,0.0,1227.77072659165,0.0,5.0,9.0,2023.24886894751,21539.9170487167,91770.1432380886,1.0,9.0,,,,,,False
883c8e8eebfffff,20.9757325,86.00629,1.9825,2.93,305.335,310.78,283.0775,288.65,1.0,0.0,2026-08-02,29,0,0,0,0,0,0,1,1,0.0333333333333333,161.401830997434,0.0,2.0,722.581557105277,0.0,4.0,9.0,581.975821311903,28959.1497604141,95938.0523444203,2.0,6.0,,,,,,False
883c8ecd1dfffff,20.51417,85.72617,0.54,0.54,305.99,305.99,285.31,285.31,1.0,0.0,2026-08-02,29,0,0,0,0,0,0,1,1,0.0333333333333333,858.370942096337,0.0,2.0,258.945946191897,2.0,2.0,4.0,0.0,13227.049576524,54734.1744891874,2.0,4.0,490263013.0,Baramunda Fire Station,20.27905275,85.7993003776225,27120.6298487489,True
883c9006edfffff,18.56788,82.56406,4.27,4.27,334.96,334.96,292.75,292.75,0.0,0.0,2026-07-12,50,0,0,0,0,0,0,0,0,0.0,15.7642495796772,0.0,0.0,,0.0,0.0,0.0,1041.17328331979,15848.2114060407,59080.9627213059,0.0,0.0,,,,,,False
883c918649fffff,19.33178,83.42987,1.78,1.78,304.72,304.72,288.82,288.82,1.0,0.0,2026-07-19,43,0,0,0,0,0,0,0,0,0.0,504.553874347321,0.0,1.0,929.621484177654,0.0,2.0,3.0,0.0,21805.6325250149,82642.2671740983,1.0,2.0,,,,,,False
883c942c85fffff,19.09229,82.16837,1.64333333333333,2.55,300.91,301.88,280.983333333333,286.51,1.0,0.0,2026-08-04,27,0,0,0,0,0,0,1,1,0.0333333333333333,640.584747064827,919.430958263882,194.0,17.3739996986697,61.0,321.0,344.0,0.0,20376.7121468959,56599.8931181621,1.0,1.0,,,,,,False
883c942c87fffff,19.08717,82.17645,0.8,0.8,301.83,301.83,285.19,285.19,1.0,0.0,2026-08-02,29,0,0,0,0,0,0,1,1,0.0333333333333333,131.311447347617,5437.5415036271,125.0,0.0,54.0,321.0,335.0,126.749370096483,19918.7227786625,63556.528712208,1.0,1.0,,,,,,False
883c942c89fffff,19.103024,82.169012,1.008,1.3,311.556,333.8,284.286,291.08,1.0,0.0,2026-08-11,20,0,0,0,0,0,0,5,3,0.1,395.494748541023,3961.44911049264,142.0,13.5492066656865,93.0,321.0,343.0,755.267552963778,13822.0815393953,45855.2693733605,1.0,1.0,,,,,,False
883c942c8dfffff,19.0979836363636,82.16693,1.44727272727273,2.43,303.24,312.61,279.352727272727,289.43,1.0,0.0,2026-08-04,27,0,0,0,0,0,0,8,3,0.1,886.697259898022,2231.98073692612,209.0,26.2706236837951,75.0,321.0,344.0,0.0,18859.2561123463,50279.1509755817,1.0,1.0,,,,,,False
883c942cc7fffff,19.10179,82.1648025,1.8175,4.25,310.615,330.28,282.19,295.46,0.75,0.0,2026-08-11,20,0,0,0,0,0,0,3,2,0.0666666666666667,411.929392510226,2729.63683166749,161.0,0.0379293985669579,67.0,319.0,344.0,646.18533172936,14283.111987738,47193.0897451832,1.0,1.0,,,,,,False
883c960307fffff,18.086245,81.24098,39.17,39.17,345.74,356.33,289.145,289.21,0.0,0.0,2026-08-12,19,0,0,0,0,0,0,2,1,0.0333333333333333,,0.0,0.0,,0.0,0.0,0.0,0.0,0.0,0.0,0.0,0.0,,,,,,False
883c9c8007fffff,19.56083,84.44823,7.93,7.93,330.11,330.11,285.44,285.44,0.0,0.0,2026-07-11,51,0,0,0,0,0,0,0,0,0.0,,0.0,0.0,,0.0,0.0,0.0,0.0,0.0,7335.56932595557,0.0,0.0,13339891149.0,Purushottampur Fire Station,19.5120348,84.8725817,44877.6424403877,True
883c9dd837fffff,19.49014,85.20157,3.14,3.14,329.54,329.54,290.5,290.5,0.0,0.0,2026-08-01,30,0,0,0,0,0,0,0,0,0.0,991.334586624103,0.0,0.0,,0.0,0.0,0.0,0.0,4750.12432347711,14393.5463518227,0.0,0.0,6392671387.0,Chatrapur Fire Station,19.358266,84.9942514,26216.392558975,True
883ca04021fffff,23.165539047619,82.3407180952381,2.00333333333333,6.57,310.527619047619,331.55,278.95,293.67,0.904761904761905,0.0,2026-08-25,6,2,1,2,1,2,1,5,3,0.1,150.687469408687,4502.68246017596,0.0,1879.29273049806,0.0,1.0,3.0,1142.80549120046,17139.5992789689,51566.8864858551,0.0,0.0,,,,,,False
883ca04025fffff,23.16197,82.33746,1.95,1.95,305.31,305.31,284.07,284.07,1.0,0.0,2026-07-12,50,0,0,0,0,0,0,0,0,0.0,203.446816715087,3473.109855162,0.0,2396.42177058692,0.0,1.0,3.0,992.727744740699,13554.5436327869,49069.1673289508,0.0,0.0,,,,,,False
883ca0402dfffff,23.164348,82.335566,1.436,3.35,303.732,310.41,274.922,291.33,1.0,0.0,2026-08-25,6,1,1,1,1,1,1,1,1,0.0333333333333333,123.217560777721,2939.99218049096,0.0,2339.34533575697,0.0,1.0,3.0,2234.72646222401,13335.5180029448,45539.3229739967,0.0,0.0,,,,,,False
883ca1af37fffff,24.16513,84.05001,1.34,1.34,300.51,300.51,275.95,275.95,1.0,0.0,2026-07-25,37,0,0,0,0,0,0,0,0,0.0,954.749926720923,0.0,0.0,,0.0,0.0,0.0,0.0,16503.0501616679,51813.5183383271,0.0,0.0,,,,,,False
883ca1d63bfffff,24.11453,83.30026,4.71,4.71,295.96,295.96,284.93,284.93,1.0,0.0,2026-07-27,35,0,0,0,0,0,0,0,0,0.0,829.495790735882,1179.14582622024,0.0,2563.35880672957,0.0,0.0,1.0,0.0,20228.1090779407,107931.175938702,0.0,0.0,,,,,,False
883ca20aa9fffff,22.3557266666667,82.30475,3.84333333333333,4.59,321.89,331.86,292.22,297.73,0.666666666666667,0.0,2026-08-02,29,0,0,0,0,0,0,1,1,0.0333333333333333,915.182742560218,2678.34436853017,0.0,2947.56592996458,0.0,0.0,1.0,0.0,15033.3209248765,60998.9709129923,0.0,0.0,,,,,,False
883ca20ae1fffff,22.3584933333333,82.2981633333333,3.04666666666667,3.67,301.47,305.8,279.646666666667,283.89,1.0,0.0,2026-07-31,31,0,0,0,0,0,0,0,0,0.0,1631.08501678158,0.0,0.0,3148.9362458002,0.0,0.0,1.0,0.0,11321.3395888874,59156.9275140626,0.0,0.0,,,,,,False
883ca20ae3fffff,22.3589456,82.3029848,4.358,8.32,326.8396,345.09,285.1056,297.43,0.56,0.0,2026-08-26,5,2,2,2,2,3,3,10,7,0.233333333333333,1149.07640440452,0.0,0.0,2770.33194406237,0.0,0.0,1.0,0.0,13301.7041316144,59999.9602883798,0.0,0.0,,,,,,False
883ca20ae7fffff,22.35574,82.302051,3.329,7.35,320.279,335.23,283.175,292.93,0.7,0.0,2026-08-26,5,1,1,1,1,1,1,3,2,0.0666666666666667,1189.95709733722,0.0,0.0,3107.05972950877,0.0,0.0,1.0,0.0,14186.9882721832,61736.6266990823,0.0,0.0,,,,,,False
883ca24497fffff,22.16021,82.33786,0.76,0.76,306.96,306.96,285.8,285.8,1.0,0.0,2026-07-29,33,0,0,0,0,0,0,0,0,0.0,258.073458430387,8416.21919399099,0.0,4970.85566212935,0.0,0.0,3.0,1352.12708329736,37754.5635933276,174934.694911907,0.0,1.0,,,,,,False
883ca24819fffff,21.96687,82.0699,2.1,2.1,304.72,304.72,290.15,290.15,1.0,0.0,2026-07-24,38,0,0,0,0,0,0,0,0,0.0,170.76584342022,8893.12324084467,0.0,1441.88075164897,0.0,1.0,4.0,493.347774514273,89480.7757849967,259414.932606607,1.0,1.0,,,,,,False
883ca24a2bfffff,21.98617,82.01643,0.58,0.58,300.01,300.01,280.39,280.39,1.0,0.0,2026-08-12,19,0,0,0,0,0,0,1,1,0.0333333333333333,59.7789155481743,4943.77164801909,0.0,5947.97090180316,0.0,0.0,0.0,2144.00806944764,28246.4693363615,149302.414837023,0.0,0.0,,,,,,False
883ca24b05fffff,21.94098,81.98135,0.72,0.72,303.11,303.11,285.44,285.44,1.0,0.0,2026-07-24,38,0,0,0,0,0,0,0,0,0.0,388.27195512065,5262.32992627614,0.0,4847.26770623674,0.0,0.0,2.0,903.884337428508,41143.5891198046,122450.453770389,0.0,0.0,,,,,,False
883ca26c39fffff,22.004139,82.670231,2.073,3.81,309.21,315.71,285.526,290.84,1.0,0.0,2026-08-22,9,0,0,2,1,3,2,5,3,0.1,1141.48258620502,0.0,1.0,750.304793567025,0.0,1.0,8.0,0.0,11015.3207360148,62880.9968577679,1.0,2.0,,,,,,False
883ca27601fffff,22.32328,82.54329,1.53,1.53,299.18,299.18,274.96,274.96,1.0,0.0,2026-07-13,49,0,0,0,0,0,0,0,0,0.0,575.301962846968,714.948098503396,0.0,1332.06907869281,0.0,1.0,235.0,0.0,11002.0092756913,59202.7471430533,0.0,3.0,,,,,,False
883ca27603fffff,22.32237,82.54624,1.895,2.49,309.795,315.28,290.275,291.6,1.0,0.0,2026-07-29,33,0,0,0,0,0,0,0,0,0.0,721.043974609498,2094.60367980226,0.0,1116.96643195829,0.0,1.0,249.0,0.0,11343.0865321503,59069.6996096665,0.0,2.0,,,,,,False
883ca27605fffff,22.31433,82.53224,1.14571428571429,1.49,302.678571428571,307.11,284.107142857143,291.68,1.0,0.0,2026-08-09,22,0,0,0,0,0,0,2,1,0.0333333333333333,770.174218448637,1547.82714147044,0.0,1793.42799190517,0.0,1.0,120.0,0.0,9124.93701253341,53643.3532743062,0.0,3.0,,,,,,False
883ca27609fffff,22.33006,82.53193,0.79,0.79,305.38,305.38,291.14,291.14,1.0,0.0,2026-07-11,51,0,0,0,0,0,0,0,0,0.0,1315.0137970948,0.0,0.0,2241.47384407618,0.0,3.0,224.0,0.0,13714.9875206199,61275.217851676,0.0,3.0,,,,,,False
883ca2760bfffff,22.32582,82.5473975,1.51,2.96,305.2175,313.62,276.7925,288.71,1.0,0.0,2026-08-01,30,0,0,0,0,0,0,0,0,0.0,560.378380161096,1555.2437885492,0.0,1461.73584682725,0.0,14.0,253.0,0.0,15070.9700850175,64655.9314903564,0.0,2.0,,,,,,False
883ca27615fffff,22.31796,82.56061,1.605,1.92,305.02,305.17,287.995,288.01,1.0,0.0,2026-07-29,33,0,0,0,0,0,0,0,0,0.0,688.217796977714,2531.47453217094,0.0,1249.02610121628,0.0,25.0,252.0,0.0,11080.0324461434,54620.7487547741,0.0,2.0,,,,,,False
883ca27617fffff,22.3198006666667,82.566308,1.53733333333333,4.38,305.632666666667,331.16,277.923333333333,299.92,0.866666666666667,0.0,2026-08-22,9,0,0,2,1,2,1,2,1,0.0333333333333333,982.08306185671,367.577506439688,0.0,1270.27275721811,0.0,40.0,251.0,0.0,9565.55284248745,56133.4569783253,0.0,2.0,,,,,,False
883ca2763bfffff,22.3155,82.55966,1.2,1.2,308.16,308.16,292.05,292.05,1.0,0.0,2026-07-11,51,0,0,0,0,0,0,0,0,0.0,567.275081779736,3428.5930882838,0.0,1053.91438362479,0.0,22.0,251.0,0.0,11442.6732835743,50254.1892882364,0.0,2.0,,,,,,False
883ca27689fffff,22.33093,82.60368,0.81,0.81,295.56,295.56,272.99,272.99,1.0,0.0,2026-07-13,49,0,0,0,0,0,0,0,0,0.0,645.749166620469,1350.44690434255,0.0,1030.68268823507,0.0,27.0,243.0,0.0,8098.89494677283,54832.2911258395,0.0,3.0,,,,,,False
883ca2768bfffff,22.330298,82.606258,1.316,1.65,302.17,311.82,278.028,291.76,1.0,0.0,2026-08-01,30,0,0,0,0,0,0,0,0,0.0,407.223080062675,1726.65286150941,0.0,1304.12525660285,0.0,24.0,230.0,578.834224750716,8971.3521144402,55593.6434921725,0.0,3.0,,,,,,False
883ca276d5fffff,22.33245,82.6054133333333,1.06666666666667,1.59,303.036666666667,313.36,275.316666666667,291.34,1.0,0.0,2026-08-01,30,0,0,0,0,0,0,0,0,0.0,636.256848552731,1381.05195421165,0.0,1159.12772745882,0.0,28.0,243.0,0.0,11047.3104728084,57151.9123403018,0.0,3.0,,,,,,False
883ca4d58dfffff,24.32711,81.3282275,1.95,4.54,307.0075,308.42,289.4025,293.39,1.0,0.0,2026-07-14,48,0,0,0,0,0,0,0,0,0.0,45.8121756183529,4877.72471811999,128.0,47.6376272468148,52.0,1061.0,3627.0,1632.36664693144,20067.7006867087,73264.8925170215,2.0,2.0,,,,,,False
883ca541b5fffff,24.1854,82.6541,0.91,0.91,306.41,306.41,284.83,284.83,1.0,0.0,2026-08-12,19,0,0,0,0,0,0,1,1,0.0333333333333333,84.2765337366143,10460.6180181012,639.0,13.8398408748335,347.0,3979.0,8776.0,4017.11703062661,85139.0794626355,212692.591206846,0.0,0.0,,,,,,False
883ca54a15fffff,24.15935,82.564362,1.756,3.7,308.47,317.41,285.604,291.9,1.0,0.0,2026-07-14,48,0,0,0,0,0,0,0,0,0.0,1359.23341080997,0.0,7.0,229.71404033162,7.0,299.0,2353.0,0.0,4802.10488518051,48142.6684049833,0.0,0.0,,,,,,False
883ca54a17fffff,24.1605175,82.56747,1.595,2.52,302.5675,302.95,282.7425,285.67,1.0,0.0,2026-07-12,50,0,0,0,0,0,0,0,0,0.0,1026.9567768414,0.0,40.0,96.7120679386494,7.0,360.0,2245.0,0.0,5646.96489888902,49000.0457504718,0.0,1.0,,,,,,False
883ca54a81fffff,24.1608166666667,82.60392,2.37333333333333,4.11,306.706666666667,309.56,287.77,291.58,1.0,0.0,2026-08-12,19,0,0,0,0,0,0,1,1,0.0333333333333333,737.340617890497,2217.99950003267,9.0,842.795320121176,0.0,599.0,1632.0,0.0,15452.9616630842,59326.139193397,0.0,1.0,,,,,,False
883ca54a89fffff,24.16412,82.603165,2.78,4.54,303.715,308.11,286.325,288.37,1.0,0.0,2026-07-30,32,0,0,0,0,0,0,0,0,0.0,607.263325413348,5245.08707021046,51.0,618.897273366009,0.0,681.0,1837.0,0.0,17988.4426847499,60618.505538101,0.0,1.0,,,,,,False
883ca54a8dfffff,24.16101,82.60101,2.01,2.01,306.91,306.91,287.2,287.2,1.0,0.0,2026-07-04,58,0,0,0,0,0,0,0,0,0.0,454.545653952618,3041.32034989685,43.0,547.936993395882,0.0,678.0,1589.0,46.661351792708,17644.0936020494,58717.0377178055,0.0,1.0,,,,,,False
883ca54a91fffff,24.1656363636364,82.6278463636364,2.28636363636364,4.87,307.530909090909,330.04,284.488181818182,296.39,0.909090909090909,0.0,2026-08-12,19,0,0,0,0,0,0,1,1,0.0333333333333333,696.428169670287,1433.88152822274,7.0,346.659652027375,3.0,221.0,3557.0,0.0,8433.55698571627,94701.2067305157,0.0,3.0,,,,,,False
883ca54a95fffff,24.16152,82.62892,3.47,3.47,308.72,308.72,288.14,288.14,1.0,0.0,2026-07-04,58,0,0,0,0,0,0,0,0,0.0,621.659652373371,1536.57453200621,20.0,283.196811884363,1.0,152.0,3052.0,0.0,7783.86285347373,81765.333443007,0.0,3.0,,,,,,False
883ca54a97fffff,24.1613925,82.6305375,1.73,4.15,304.5875,308.76,285.0025,291.0,1.0,0.0,2026-08-12,19,0,0,0,0,0,0,2,2,0.0666666666666667,457.009681669343,1750.86813730312,20.0,133.573224123078,1.0,141.0,3321.0,517.249896920753,7846.09039025666,86565.1050326377,0.0,3.0,,,,,,False
883ca54a99fffff,24.1704133333333,82.6234966666667,1.57666666666667,2.5,305.143333333333,306.23,281.536666666667,283.65,1.0,0.0,2026-08-12,19,0,0,0,0,0,0,1,1,0.0333333333333333,1046.58781387808,0.0,4.0,814.577792282685,0.0,360.0,3661.0,0.0,9924.44707370931,93363.5615626702,0.0,0.0,,,,,,False
883ca54a9dfffff,24.16897,82.6214688888889,2.42444444444444,4.32,311.755555555556,335.93,285.923333333333,294.08,0.888888888888889,0.0,2026-08-12,19,0,0,0,0,0,0,4,4,0.133333333333333,816.20724242186,774.117728475886,4.0,553.967669591506,0.0,364.0,2990.0,0.0,11454.0364703692,80938.9846362281,0.0,0.0,,,,,,False
883ca54ae1fffff,24.149358,82.582089,2.841,6.31,318.577,334.45,289.409,295.7,0.8,0.0,2026-07-30,32,0,0,0,0,0,0,0,0,0.0,1093.15376832815,0.0,52.0,206.15289577351,21.0,289.0,1934.0,0.0,6196.06874200347,48360.060519304,0.0,0.0,,,,,,False
883ca54c2dfffff,24.14208,82.71583,2.55,2.55,310.74,310.74,291.8,291.8,1.0,0.0,2026-07-03,59,0,0,0,0,0,0,0,0,0.0,1354.30124522423,0.0,24.0,477.575672096241,1.0,43.0,782.0,0.0,1425.10908689273,99191.2204588023,0.0,2.0,,,,,,False
883ca54d59fffff,24.139708,82.703244,1.404,2.72,304.234,311.01,283.388,291.39,1.0,0.0,2026-08-09,22,0,0,0,0,0,0,1,1,0.0333333333333333,2059.96320986676,0.0,17.0,292.830121809912,5.0,26.0,2783.0,0.0,12354.3362000241,132708.852994187,0.0,2.0,,,,,,False
883ca54d5bfffff,24.1399188888889,82.70779,1.68888888888889,4.02,306.982222222222,330.26,283.742222222222,297.37,0.888888888888889,0.0,2026-08-15,16,0,0,0,0,0,0,3,3,0.1,1753.62442487157,0.0,17.0,0.0,15.0,26.0,1937.0,0.0,7251.62280868793,117492.066813347,0.0,2.0,,,,,,False
883ca54d5dfffff,24.13515,82.69803,1.73,1.73,312.34,312.34,289.93,289.93,1.0,0.0,2026-07-30,32,0,0,0,0,0,0,0,0,0.0,1361.97211981099,0.0,0.0,980.635317932985,0.0,28.0,3867.0,0.0,38439.6198160043,151235.035327531,0.0,4.0,,,,,,False
883ca54e03fffff,24.20799,82.71298,2.23,2.23,303.89,303.89,287.27,287.27,1.0,0.0,2026-08-09,22,0,0,0,0,0,0,1,1,0.0333333333333333,337.352081076187,4937.24829023336,65.0,581.591669113001,0.0,1334.0,7444.0,507.657263565949,48893.961912133,186642.701108652,0.0,0.0,,,,,,False
883ca54e07fffff,24.2048177272727,82.7099077272727,1.71,5.41,306.825,331.81,285.838181818182,298.53,0.954545454545455,0.0,2026-08-12,19,0,0,0,0,0,0,11,3,0.1,179.564413901569,7910.79980209547,112.0,232.557718464908,8.0,1709.0,8244.0,1869.19187251426,57822.135589234,203467.454697994,0.0,0.0,,,,,,False
883ca54e39fffff,24.20134,82.71565,2.07,2.07,305.62,305.62,287.34,287.34,1.0,0.0,2026-08-09,22,0,0,0,0,0,0,1,1,0.0333333333333333,549.278407365018,3486.08156066533,33.0,229.461582359915,17.0,987.0,6616.0,0.0,41503.8203492477,179388.444082617,0.0,0.0,,,,,,False
883ca54e3dfffff,24.198655,82.715435,1.245,1.81,305.075,308.22,284.9675,291.74,1.0,0.0,2026-08-12,19,0,0,0,0,0,0,2,2,0.0666666666666667,467.756979718142,4196.98303039266,61.0,38.0857689278085,18.0,943.0,6575.0,326.444582186899,41485.7696050424,177675.561746699,0.0,0.0,,,,,,False
883ca54f01fffff,24.15872,82.66908,2.05,2.05,309.09,309.09,291.56,291.56,1.0,0.0,2026-07-25,37,0,0,0,0,0,0,0,0,0.0,258.220689097811,1195.31867668781,15.0,278.461724206928,9.0,245.0,8045.0,246.351536488455,15674.3687052937,209584.092154998,0.0,4.0,,,,,,False
883ca54f29fffff,24.1469928571429,82.6587635714286,2.01214285714286,5.61,311.059285714286,335.02,282.706428571429,297.15,0.857142857142857,0.0,2026-08-07,24,0,0,0,0,0,0,1,1,0.0333333333333333,925.655361854947,215.456804134016,40.0,270.755554579794,11.0,250.0,6785.0,0.0,13194.0459194567,192745.619290705,0.0,4.0,,,,,,False
883ca54f37fffff,24.13811,82.69666,0.29,0.29,298.01,298.01,268.06,268.06,1.0,0.0,2026-07-31,31,0,0,0,0,0,0,0,0,0.0,1604.57481180594,0.0,0.0,982.672352837632,0.0,33.0,3859.0,0.0,27418.8594059912,152385.928636678,0.0,4.0,,,,,,False
883ca54f41fffff,24.1775933333333,82.6522283333333,1.83166666666667,2.51,307.468333333333,315.44,287.726666666667,292.17,1.0,0.0,2026-08-12,19,0,0,0,0,0,0,2,2,0.0666666666666667,447.598812105209,6062.59633491526,269.0,473.548774856675,15.0,2483.0,8220.0,344.446462950488,51298.5834065252,185297.072877027,0.0,0.0,,,,,,False
883ca54f49fffff,24.180205,82.6476125,0.835,1.02,304.51,307.67,281.1525,289.48,1.0,0.0,2026-08-15,16,0,0,0,0,0,0,1,1,0.0333333333333333,105.965936002827,6266.96567947402,436.0,166.573692981216,131.0,2008.0,8139.0,2273.79464187074,41139.3128658612,182927.797451275,0.0,0.0,,,,,,False
883ca54f4bfffff,24.1820466666667,82.6585258333333,1.89083333333333,4.86,306.125833333333,314.27,286.375833333333,291.8,1.0,0.0,2026-08-09,22,0,0,0,0,0,0,5,2,0.0666666666666667,53.1866710324118,10540.9268118539,629.0,112.156330169891,91.0,4243.0,8746.0,3591.48860472536,88565.6796919226,216379.846160335,0.0,0.0,,,,,,False
883ca54f5dfffff,24.183465,82.66357,1.54,1.89,305.91,306.09,288.74,291.72,1.0,0.0,2026-07-25,37,0,0,0,0,0,0,0,0,0.0,72.8027719593536,17545.9509193938,952.0,16.1427138796736,197.0,5148.0,8792.0,3253.87451298151,105833.811575633,222774.059671591,0.0,0.0,,,,,,False
883ca54f67fffff,24.1462533333333,82.6560766666667,1.89333333333333,3.4,308.723333333333,311.76,282.8,286.99,1.0,0.0,2026-07-31,31,0,0,0,0,0,0,0,0,0.0,749.719154834218,1142.63103240028,39.0,107.603493900108,11.0,274.0,6327.0,0.0,13698.309166265,188095.568852148,0.0,5.0,,,,,,False
883ca55883fffff,24.2059566666667,82.5246866666667,1.61333333333333,2.25,305.683333333333,309.33,287.916666666667,288.58,1.0,0.0,2026-07-08,54,0,0,0,0,0,0,0,0,0.0,811.374639861915,920.18226522926,205.0,88.7000883484822,30.0,1803.0,5868.0,0.0,30133.5380392093,85072.1959530764,1.0,1.0,,,,,,False
883ca57759fffff,24.44991,83.03921,1.62,1.62,309.22,309.22,292.04,292.04,1.0,0.0,2026-08-09,22,0,0,0,0,0,0,1,1,0.0333333333333333,201.182126474025,10758.8147489088,1.0,689.686946730006,0.0,1.0,1.0,1713.58089661684,31315.690403521,108866.360433849,1.0,5.0,,,,,,False
883ca5b367fffff,25.06063,82.88047,0.64,0.64,308.25,308.25,294.43,294.43,1.0,0.0,2026-07-03,59,0,0,0,0,0,0,0,0,0.0,16.7659597702146,4073.38267747008,0.0,,0.0,0.0,2.0,1035.95920121638,14371.4180364096,94044.5693625537,1.0,2.0,,,,,,False
883ca811a9fffff,23.61509,85.65737,1.26,1.26,306.21,306.21,291.57,291.57,1.0,0.0,2026-08-10,21,0,0,0,0,0,0,1,1,0.0333333333333333,1793.69500560342,0.0,0.0,3019.08627045089,0.0,0.0,8.0,0.0,3707.45312983136,62210.011818103,0.0,1.0,516914811.0,Jharkhand Fire Services HQ,23.34432415,85.3267887727692,45158.6314361341,True
883ca811b5fffff,23.609092,85.674746,1.216,1.5,305.418,308.2,285.714,291.09,1.0,0.0,2026-08-22,9,0,0,1,1,3,2,5,4,0.133333333333333,1176.90162813455,0.0,0.0,1778.50855805748,0.0,6.0,12.0,0.0,26104.0001302088,67052.4570392924,0.0,1.0,516914811.0,Jharkhand Fire Services HQ,23.34432415,85.3267887727692,46075.7076792081,True
883ca8132dfffff,23.662155,85.551675,2.515,3.51,302.87,305.72,289.285,290.82,1.0,0.0,2026-08-20,11,0,0,0,0,1,1,1,1,0.0333333333333333,702.475378981015,0.0,0.0,2615.87641634734,0.0,0.0,17.0,0.0,10405.051704543,42572.6441886237,0.0,5.0,8552402076.0,,23.9828599,85.3752294,39806.6355362118,True
883ca814cbfffff,23.7564354054054,85.8530283783784,2.2472972972973,9.23,309.325945945946,335.96,286.895405405405,300.0,0.945945945945946,0.0,2026-08-24,7,0,0,5,2,8,4,25,9,0.3,103.175521029382,0.0,0.0,1703.4001021169,0.0,1.0,20.0,1838.36215061386,26382.3040370797,146100.03760234,0.0,4.0,,,,,,False
883ca814d9fffff,23.75985,85.86477,1.98,1.98,305.23,305.23,291.67,291.67,1.0,0.0,2026-07-25,37,0,0,0,0,0,0,0,0,0.0,309.426531947896,0.0,0.0,883.265981074825,0.0,1.0,20.0,1027.63515383693,27487.2666317492,160464.159696738,0.0,4.0,,,,,,False
883ca814ddfffff,23.758165,85.857815,2.285,2.75,306.785,307.64,288.895,289.42,1.0,0.0,2026-08-11,20,0,0,0,0,0,0,1,1,0.0333333333333333,468.776801814198,0.0,0.0,1309.29587718564,0.0,1.0,20.0,121.183203617279,25996.3372155814,152924.299323254,0.0,4.0,,,,,,False
883ca816b7fffff,23.7599225,85.8562525,1.895,2.71,307.0875,309.62,288.0375,290.62,1.0,0.0,2026-08-24,7,0,0,1,1,2,2,2,2,0.0666666666666667,332.109371809518,0.0,0.0,1541.01950051396,0.0,1.0,20.0,1518.1018051871,24885.6605181574,154290.981825215,0.0,4.0,,,,,,False
883ca82613fffff,23.6876183333333,86.3910988888889,2.24111111111111,7.42,311.694444444444,331.76,284.306666666667,296.66,0.888888888888889,0.0,2026-08-20,11,0,0,0,0,4,1,10,7,0.233333333333333,125.899627029251,0.0,1.0,862.918144102253,0.0,1.0,94.0,3833.4493501853,83871.2068854771,380189.662857215,0.0,6.0,3822901583.0,,23.3320464,86.362422,39474.9633429826,True
883ca826c1fffff,23.691985,86.403335,1.63,2.28,304.27,306.66,279.525,288.53,1.0,0.0,2026-08-19,12,0,0,0,0,1,1,2,2,0.0666666666666667,311.461420716856,0.0,1.0,860.694114735503,0.0,87.0,97.0,2494.05242423939,131965.643481207,433248.331536934,0.0,4.0,3822901583.0,,23.3320464,86.362422,40067.9730333045,True
883ca826c5fffff,23.6857757142857,86.39472,2.13714285714286,5.47,311.481428571429,331.8,282.770714285714,296.19,0.785714285714286,0.0,2026-08-23,8,0,0,1,1,3,3,6,6,0.2,39.4660848634187,0.0,1.0,453.534922764625,1.0,2.0,94.0,6325.33222624574,91582.4015324877,386856.917031189,0.0,6.0,3822901583.0,,23.3320464,86.362422,39300.8056071673,True
883ca826d9fffff,23.712315,86.423715,2.24333333333333,3.71,306.028333333333,308.97,286.018333333333,290.36,1.0,0.0,2026-08-23,8,0,0,2,2,4,3,5,4,0.133333333333333,75.8973143538323,0.0,14.0,600.59554756984,0.0,89.0,100.0,3316.00537726909,166369.086354685,488880.84968425,0.0,3.0,3822901583.0,,23.3320464,86.362422,42562.8815110915,True
883ca826dbfffff,23.708888,86.431396,2.658,4.19,308.042,326.57,284.5,290.49,0.8,0.0,2026-08-19,12,0,0,0,0,1,1,3,3,0.1,0.0371824140875191,0.0,5.0,777.695237855756,0.0,89.0,102.0,3669.53087256303,134853.610235706,477079.003240458,0.0,3.0,3822901583.0,,23.3320464,86.362422,42311.0205297058,True
883ca826e1fffff,23.676265,86.3981686666667,3.262,13.01,313.646333333333,338.05,284.325333333333,299.12,0.8,0.0,2026-08-23,8,0,0,8,2,12,5,17,10,0.333333333333333,462.116617544485,0.0,1.0,970.158769792378,0.0,4.0,98.0,123.956762317664,78281.1226997657,366056.29602151,0.0,7.0,3822901583.0,,23.3320464,86.362422,38283.6066891234,True
883ca826e3fffff,23.6746085714286,86.4027657142857,2.10571428571429,5.73,307.985714285714,330.3,285.061428571429,296.81,0.857142857142857,0.0,2026-08-23,8,0,0,2,2,3,3,4,4,0.133333333333333,343.975041882317,0.0,0.0,1206.0159248413,0.0,6.0,101.0,1150.99898391838,82758.4558031119,374446.6382033,0.0,6.0,3822901583.0,,23.3320464,86.362422,38148.8668842308,True
883ca826e9fffff,23.6817556521739,86.3942173913044,2.37217391304348,7.5,311.947391304348,342.21,282.681086956522,297.15,0.826086956521739,0.0,2026-08-23,8,0,0,10,2,17,5,29,11,0.366666666666667,51.9113475053629,0.0,1.0,616.23436601553,0.0,3.0,95.0,2040.70455444485,85815.1095208657,370268.940877908,0.0,6.0,3822901583.0,,23.3320464,86.362422,38852.9969182251,True
883ca826ebfffff,23.6780811111111,86.4002261111111,3.54055555555556,10.56,312.617777777778,335.45,284.569444444444,296.72,0.722222222222222,0.0,2026-08-23,8,0,0,4,2,5,3,11,7,0.233333333333333,264.999475073137,0.0,1.0,771.944727778201,0.0,5.0,98.0,1707.82274017541,85521.6252116595,381473.709732346,0.0,6.0,3822901583.0,,23.3320464,86.362422,38504.2477924207,True
883ca82769fffff,23.631925,86.294595,0.74,0.92,303.83,304.06,280.96,285.93,1.0,0.0,2026-08-16,15,0,0,0,0,0,0,1,1,0.0333333333333333,894.671364936549,0.0,0.0,3783.02831709134,0.0,0.0,6.0,0.0,9365.08347161731,49644.3723540687,1.0,1.0,3822901583.0,,23.3320464,86.362422,33915.2679841705,True
883ca83001fffff,23.6816848387097,86.093855483871,2.6258064516129,7.89,311.009032258065,336.48,283.071290322581,296.77,0.935483870967742,0.0,2026-08-23,8,0,0,1,1,9,4,18,10,0.333333333333333,173.534925964989,0.0,10.0,34.9197998244608,5.0,57.0,78.0,3517.6475331182,37663.2714802065,152717.503443063,2.0,6.0,3822901583.0,,23.3320464,86.362422,47438.6097602878,True
883ca83003fffff,23.6803333333333,86.09997,2.58,3.68,309.026666666667,318.72,289.49,290.66,1.0,0.0,2026-08-20,11,0,0,0,0,1,1,1,1,0.0333333333333333,31.1383425657558,0.0,19.0,71.4213327096109,9.0,60.0,94.0,2112.12036200966,39558.5832897937,205343.251421636,1.0,6.0,3822901583.0,,23.3320464,86.362422,46957.5850302322,True
883ca83005fffff,23.6759633333333,86.0864473333333,2.41266666666667,4.86,306.209333333333,315.89,281.58,290.53,1.0,0.0,2026-08-22,9,0,0,1,1,5,4,11,9,0.3,32.5165825697983,0.0,6.0,296.087534226823,5.0,56.0,75.0,3291.28603888064,62376.7221281666,140633.681190443,1.0,6.0,3822901583.0,,23.3320464,86.362422,47369.5215115786,True
883ca83007fffff,23.67687,86.09338,2.42,2.42,310.32,310.32,289.84,289.84,1.0,0.0,2026-07-31,31,0,0,0,0,0,0,0,0,0.0,32.7759350935928,0.0,18.0,109.116285004882,3.0,58.0,79.0,4432.42198588591,45176.9912335804,159811.923719549,1.0,6.0,3822901583.0,,23.3320464,86.362422,47033.2475708767,True
883ca83009fffff,23.6886414285714,86.0873985714286,3.78571428571429,11.05,314.767142857143,334.9,285.341428571429,290.26,0.714285714285714,0.0,2026-08-22,9,0,0,1,1,1,1,2,2,0.0666666666666667,15.290273447135,0.0,5.0,339.659871084088,2.0,38.0,68.0,2519.58348369369,27987.293547909,125228.980370563,2.0,6.0,3822901583.0,,23.3320464,86.362422,48447.8903148995,True
883ca8300dfffff,23.6807055,86.083759,2.3035,5.57,312.442,334.86,283.264,290.71,0.95,0.0,2026-08-21,10,0,0,0,0,6,3,14,6,0.2,40.9270106427633,0.0,7.0,380.942838812005,3.0,50.0,69.0,2516.07629898877,49930.5787737881,132897.457694072,1.0,6.0,3822901583.0,,23.3320464,86.362422,47954.6482354814,True
883ca8302bfffff,23.6673781818182,86.0918772727273,1.59181818181818,3.18,304.72,309.03,285.375454545454,290.14,1.0,0.0,2026-08-22,9,0,0,1,1,2,2,7,7,0.233333333333333,18.9990007970885,0.0,16.0,318.40526626053,7.0,58.0,90.0,2133.24413131937,63147.8630271424,181524.557159315,1.0,6.0,3822901583.0,,23.3320464,86.362422,46276.3192230091,True
883ca83031fffff,23.67063,86.11243,1.53,1.53,306.56,306.56,288.05,288.05,1.0,0.0,2026-07-29,33,0,0,0,0,0,0,0,0,0.0,27.3057454261999,0.0,13.0,58.6450759519924,7.0,58.0,131.0,1453.18614083359,42654.5005612281,345448.986736757,1.0,5.0,3822901583.0,,23.3320464,86.362422,45351.8833588148,True
883ca83039fffff,23.6744575,86.10603,1.175,1.84,304.44,307.56,276.305,279.45,1.0,0.0,2026-08-21,10,0,0,0,0,2,2,4,3,0.1,126.398928431596,0.0,30.0,47.9674846360622,10.0,63.0,125.0,3277.90050889502,42679.6020312952,281446.603287442,1.0,6.0,3822901583.0,,23.3320464,86.362422,46070.7664311154,True
883ca8303bfffff,23.674285,86.112485,1.54,1.87,310.365,315.17,282.675,285.27,1.0,0.0,2026-08-20,11,0,0,0,0,2,2,2,2,0.0666666666666667,251.885216489201,0.0,11.0,247.716720267374,2.0,58.0,127.0,894.650198414421,39990.5666090225,333057.179172604,1.0,5.0,3822901583.0,,23.3320464,86.362422,45683.6047692436,True
883ca83041fffff,23.69698,86.075994,2.608,10.21,313.466,339.34,281.06,289.7,0.8,0.0,2026-08-19,12,0,0,0,0,2,1,6,4,0.133333333333333,778.462613776101,0.0,0.0,1644.58329883796,0.0,8.0,64.0,0.0,21460.5101115425,111645.724491688,0.0,3.0,3822901583.0,,23.3320464,86.362422,49876.3509097404,True
883ca83043fffff,23.6962166666667,86.0803166666667,1.80833333333333,4.91,303.641666666667,316.92,283.696666666667,289.45,1.0,0.0,2026-08-19,12,0,0,0,0,1,1,4,3,0.1,420.678246540331,0.0,0.0,1216.20881978464,0.0,10.0,65.0,574.349193154684,17411.2583323907,113135.074122094,1.0,4.0,3822901583.0,,23.3320464,86.362422,49550.1098578735,True
883ca83047fffff,23.68715,86.08223,0.85,0.85,309.67,309.67,283.56,283.56,1.0,0.0,2026-08-20,11,0,0,0,0,1,1,1,1,0.0333333333333333,296.485743486756,0.0,2.0,891.714431259745,0.0,31.0,68.0,1054.62738406952,32902.9667118308,121351.513732332,1.0,6.0,3822901583.0,,23.3320464,86.362422,48622.1454129736,True
883ca83049fffff,23.7055775,86.07216,3.7725,9.38,308.495,333.48,287.23,289.91,1.0,0.0,2026-08-09,22,0,0,0,0,0,0,3,2,0.0666666666666667,715.847786346789,0.0,0.0,2254.53593201205,0.0,1.0,58.0,0.0,16537.1567332859,83970.489122383,0.0,3.0,,,,,,False
883ca83061fffff,23.6769966666667,86.07082,1.03,1.18,304.396666666667,305.59,287.416666666667,289.9,1.0,0.0,2026-08-20,11,0,0,0,0,1,1,1,1,0.0333333333333333,455.337761181119,0.0,1.0,690.825089574712,0.0,13.0,66.0,438.694736478576,57214.0581082332,126666.635683738,0.0,4.0,3822901583.0,,23.3320464,86.362422,48425.9058523993,True
883ca83069fffff,23.68017,86.06213,1.43,1.43,303.79,303.79,287.71,287.71,1.0,0.0,2026-07-16,46,0,0,0,0,0,0,0,0,0.0,6.92019436184201,0.0,0.0,1580.58483318445,0.0,6.0,64.0,4594.99643226229,36242.7128349723,124444.720122936,0.0,3.0,3822901583.0,,23.3320464,86.362422,49250.7243229157,True
883ca8306bfffff,23.68038,86.0688,1.4,1.4,303.18,303.18,286.49,286.49,1.0,0.0,2026-08-20,11,0,0,0,0,1,1,1,1,0.0333333333333333,229.555894943056,0.0,0.0,1116.17693871805,0.0,11.0,63.0,1931.35104770611,46214.9984719232,124783.970466911,0.0,3.0,3822901583.0,,23.3320464,86.362422,48847.9654754605,True
883ca83235fffff,23.707845,86.072615,6.26,7.04,334.42,334.81,287.995,289.5,1.0,0.0,2026-08-11,20,0,0,0,0,0,0,2,2,0.0666666666666667,575.237448483561,0.0,0.0,2226.07405456033,0.0,1.0,48.0,0.0,14668.6149836721,80176.2552765271,0.0,3.0,,,,,,False
883ca8360bfffff,23.7944533333333,86.2341,1.775,3.24,303.241666666667,308.27,283.571666666667,290.18,1.0,0.0,2026-08-22,9,0,0,1,1,1,1,4,3,0.1,139.317965914466,0.0,0.0,1800.42842890655,0.0,5.0,27.0,533.368714417736,23410.2529271318,124496.109730294,0.0,3.0,,,,,,False
883ca83661fffff,23.7784806666667,86.2074306666667,3.12866666666667,11.8,309.428666666667,334.25,284.632666666667,297.32,0.866666666666667,0.0,2026-08-30,1,1,1,2,2,3,3,11,9,0.3,792.848550775887,0.0,0.0,1150.22934105819,0.0,8.0,45.0,0.0,30323.79895501,96810.4827634416,0.0,3.0,,,,,,False
883ca83663fffff,23.77825875,86.2113,2.86416666666667,6.99,313.342083333333,337.8,284.451666666667,297.76,0.75,0.0,2026-08-21,10,0,0,0,0,3,3,14,11,0.366666666666667,1141.23901873339,0.0,0.0,1315.98089678447,0.0,8.0,45.0,0.0,32608.1000906478,100444.597417562,0.0,3.0,,,,,,False
883ca83665fffff,23.7718985714286,86.1967571428571,1.49142857142857,2.29,305.328571428571,311.3,281.447142857143,289.94,1.0,0.0,2026-08-16,15,0,0,0,0,0,0,5,5,0.166666666666667,791.99449832362,0.0,1.0,929.106256623418,0.0,25.0,43.0,0.0,20856.8088278005,99586.0834309495,0.0,3.0,,,,,,False
883ca83667fffff,23.773985,86.210005,1.955,2.54,301.75,306.75,279.88,290.32,1.0,0.0,2026-08-15,16,0,0,0,0,0,0,2,2,0.0666666666666667,710.527882450224,0.0,0.0,1557.48420340121,0.0,5.0,46.0,0.0,30982.5506300128,103155.189213529,0.0,3.0,,,,,,False
883ca8366bfffff,23.781504,86.2096245,2.5105,9.99,316.3915,342.6,283.8955,298.09,0.75,0.0,2026-08-23,8,0,0,4,2,6,4,13,9,0.3,892.377509591703,0.0,0.0,993.802808568261,0.0,8.0,45.0,0.0,33963.9225950156,92694.0085923485,0.0,3.0,,,,,,False
883ca8366dfffff,23.7737575,86.1962475,2.4875,4.9,307.0675,309.97,286.1575,289.27,1.0,0.0,2026-08-07,24,0,0,0,0,0,0,2,2,0.0666666666666667,900.251249481255,0.0,2.0,718.448161033641,0.0,25.0,43.0,0.0,20682.6600592729,96533.3371401351,0.0,3.0,,,,,,False
883ca8369bfffff,23.800872,86.323834,2.572,6.43,308.124,332.78,276.02,294.67,0.8,0.0,2026-08-23,8,0,0,1,1,3,3,5,5,0.166666666666667,485.248667762614,0.0,0.0,1658.34329097374,0.0,6.0,152.0,216.996837552939,64460.2020923359,300697.793700325,0.0,16.0,,,,,,False
883ca836c7fffff,23.79495,86.28111,0.83,0.83,301.73,301.73,287.64,287.64,1.0,0.0,2026-07-29,33,0,0,0,0,0,0,0,0,0.0,246.426618205384,0.0,2.0,939.895372943139,0.0,7.0,22.0,2262.88028357425,107895.102076904,231571.926158209,0.0,2.0,,,,,,False
883ca88881fffff,23.7821585714286,85.5731242857143,1.96428571428571,4.68,304.024285714286,307.92,285.894285714286,290.47,1.0,0.0,2026-08-11,20,0,0,0,0,0,0,3,3,0.1,469.958195119052,0.0,0.0,1304.13033729536,0.0,8.0,39.0,64.6769340061727,19424.380061715,42246.5130721325,0.0,26.0,8552402076.0,,23.9828599,85.3752294,30002.395296813,True
883ca88885fffff,23.7813933333333,85.5672366666667,1.84666666666667,2.96,307.26,320.3,285.28,291.97,1.0,0.0,2026-08-16,15,0,0,0,0,0,0,2,2,0.0666666666666667,301.768894099918,0.0,0.0,1289.33039442607,0.0,7.0,39.0,500.815472627765,21653.2295884228,47913.6995201966,0.0,25.0,8552402076.0,,23.9828599,85.3752294,29666.7641909107,True
883ca88887fffff,23.780534,85.575528,1.512,2.3,303.81,312.69,284.21,292.95,1.0,0.0,2026-08-20,11,0,0,0,0,2,2,4,4,0.133333333333333,507.931290465802,0.0,0.0,1174.94800165134,0.0,8.0,33.0,0.0,18014.4178893065,41638.0122921328,0.0,26.0,8552402076.0,,23.9828599,85.3752294,30300.2268693299,True
883ca8888dfffff,23.783585,85.566205,2.0,2.95,306.9,313.4,284.275,289.32,1.0,0.0,2026-08-09,22,0,0,0,0,0,0,1,1,0.0333333333333333,210.218994029428,0.0,0.0,1213.00750386259,0.0,7.0,42.0,1248.33838393948,22313.5809487609,46372.6721600359,0.0,25.0,8552402076.0,,23.9828599,85.3752294,29414.9929748803,True
883ca888ebfffff,23.7869535714286,85.5526878571429,2.54142857142857,7.21,313.657142857143,332.66,286.663571428571,299.95,0.785714285714286,0.0,2026-08-22,9,0,0,1,1,3,3,9,6,0.2,39.4530263776521,0.0,2.0,235.188771720207,1.0,3.0,33.0,2210.04475261547,20974.6616450176,52218.0904403921,1.0,20.0,8552402076.0,,23.9828599,85.3752294,28235.9149060217,True
883ca88913fffff,23.7440666666667,85.5059833333333,0.998333333333333,1.92,304.221666666667,308.54,286.635,291.59,1.0,0.0,2026-08-20,11,0,0,0,0,2,1,4,3,0.1,532.055110311649,0.0,1.0,785.406068597591,0.0,7.0,17.0,0.0,43553.378544743,136721.080869001,0.0,7.0,8552402076.0,,23.9828599,85.3752294,29609.3554229997,True
883ca889cdfffff,23.74476,85.5079,0.99,0.99,306.38,306.38,287.54,287.54,1.0,0.0,2026-07-31,31,0,0,0,0,0,0,0,0,0.0,618.74669678272,0.0,1.0,701.044538450952,0.0,7.0,17.0,0.0,43090.7702408341,134383.687418839,0.0,7.0,8552402076.0,,23.9828599,85.3752294,29629.2851230176,True
883ca88aa7fffff,23.803295,85.539075,2.0,3.02,305.9,307.88,289.855,292.16,1.0,0.0,2026-08-20,11,0,0,0,0,1,1,1,1,0.0333333333333333,796.320916960754,0.0,0.0,2158.52508517316,0.0,5.0,29.0,0.0,14311.3097747165,63905.9603524013,0.0,14.0,8552402076.0,,23.9828599,85.3752294,25957.7476165815,True
883ca8a833fffff,23.77252,85.99299,1.7,1.83,302.105,304.4,288.465,290.45,1.0,0.0,2026-08-07,24,0,0,0,0,0,0,1,1,0.0333333333333333,274.469511743561,0.0,1.0,793.538051807147,0.0,4.0,10.0,1092.34645516059,36831.9313466289,92036.1423607347,0.0,2.0,,,,,,False
883ca8a8e5fffff,23.7721,85.99903,0.33,0.33,295.9,295.9,272.08,272.08,1.0,0.0,2026-08-22,9,0,0,1,1,1,1,1,1,0.0333333333333333,181.245906229962,0.0,0.0,1103.91646285187,0.0,3.0,9.0,2189.19337135504,30316.6607608589,83551.9027572347,0.0,2.0,,,,,,False
883ca8a8e7fffff,23.76766,86.01146,1.625,2.07,305.675,306.45,289.6,290.75,1.0,0.0,2026-07-28,34,0,0,0,0,0,0,0,0,0.0,53.9839571207389,0.0,1.0,720.194092548866,0.0,3.0,10.0,1706.83213135582,22700.6864422369,72822.2903510911,0.0,3.0,,,,,,False
883ca8a8edfffff,23.776645,85.99585,1.15,1.73,304.88,311.53,283.375,288.72,1.0,0.0,2026-08-22,9,0,0,1,1,2,2,3,3,0.1,199.310355732614,0.0,0.0,1323.53957186801,0.0,3.0,8.0,858.574714852847,33929.0810203368,80407.6343308719,0.0,2.0,,,,,,False
883ca8adb3fffff,23.77288,86.19396,3.57,3.57,311.12,311.12,290.18,290.18,1.0,0.0,2026-08-09,22,0,0,0,0,0,0,1,1,0.0333333333333333,688.139169421709,0.0,2.0,826.461284514095,0.0,26.0,43.0,0.0,18629.1974067622,98636.7085973557,0.0,3.0,,,,,,False
883ca8c4c9fffff,23.65578,85.50799,1.33,1.73,306.86,309.62,283.696666666667,291.51,1.0,0.0,2026-08-22,9,0,0,1,1,1,1,2,2,0.0666666666666667,581.167722025184,0.0,3.0,505.496477502419,0.0,10.0,28.0,0.0,17141.9462595977,72500.3768426514,1.0,6.0,8552402076.0,,23.9828599,85.3752294,38665.796591251,True
883ca8c6a3fffff,23.657132,85.507324,1.13,1.53,304.492,315.01,286.118,289.07,1.0,0.0,2026-08-24,7,0,0,3,2,5,4,5,4,0.133333333333333,673.155001377556,0.0,4.0,621.022378585866,0.0,9.0,28.0,0.0,15767.695763394,71491.1535357473,1.0,6.0,8552402076.0,,23.9828599,85.3752294,38501.7767960787,True
883ca90d81fffff,23.78243,87.08344,1.7,1.7,305.85,305.85,285.63,285.63,1.0,0.0,2026-07-04,58,0,0,0,0,0,0,0,0,0.0,84.0179937690813,0.0,1.0,890.779878799643,0.0,3.0,6.0,2972.86039271806,48256.2744873238,149136.185909762,0.0,2.0,961102113.0,Asansol Fire Station,23.6855487,86.97616835068,15315.7610067986,True
883ca90d89fffff,23.78436,87.08208,1.1,1.1,298.61,298.61,277.82,277.82,1.0,0.0,2026-08-16,15,0,0,0,0,0,0,1,1,0.0333333333333333,162.288695457627,0.0,2.0,664.936904634329,0.0,3.0,6.0,4023.24052589446,47795.6363365529,151505.400075073,0.0,2.0,961102113.0,Asansol Fire Station,23.6855487,86.97616835068,15368.4224718975,True
883ca940c5fffff,23.58105,86.72466,0.69,0.69,301.51,301.51,273.15,273.15,1.0,0.0,2026-07-04,58,0,0,0,0,0,0,0,0,0.0,580.921781279835,0.0,0.0,3091.80249230826,0.0,0.0,1.0,0.0,22951.2499283777,93147.2553315076,0.0,0.0,7466818593.0,Asansol Fire Brigade,23.6855371,86.9761021,28134.5437035102,True
883ca94447fffff,23.63472,86.834755,2.075,2.59,303.545,304.87,288.375,288.51,1.0,0.0,2026-08-09,22,0,0,0,0,0,0,1,1,0.0333333333333333,139.988809194707,0.0,0.0,1827.88252879807,0.0,22.0,46.0,1568.59842333907,24177.1832990316,122481.912734925,1.0,2.0,7466818593.0,Asansol Fire Brigade,23.6855371,86.9761021,15473.1025714945,True
883ca944e1fffff,23.62111,86.89014,2.115,2.33,306.835,307.97,290.645,292.26,1.0,0.0,2026-08-06,25,0,0,0,0,0,0,1,1,0.0333333333333333,149.046941144274,0.0,0.0,2962.69953112833,0.0,0.0,2.0,671.059683305707,46572.1181134987,191590.613933074,0.0,2.0,7466818593.0,Asansol Fire Brigade,23.6855371,86.9761021,11301.6592361204,True
883ca946b3fffff,23.66193,86.91245,0.72,0.72,306.82,306.82,281.95,281.95,1.0,0.0,2026-07-25,37,0,0,0,0,0,0,0,0,0.0,37.6889558949676,0.0,0.0,1839.55424037876,0.0,2.0,56.0,3465.3698208508,113449.869381964,506010.79526296,1.0,2.0,7466818593.0,Asansol Fire Brigade,23.6855371,86.9761021,6996.79018041342,True
883ca94707fffff,23.61789,86.78893,1.9,1.9,305.36,305.36,283.23,283.23,1.0,0.0,2026-08-26,5,1,1,1,1,1,1,1,1,0.0333333333333333,863.898627529584,0.0,0.0,1622.77850507075,0.0,1.0,33.0,0.0,10892.9181390869,72723.3641392219,0.0,1.0,7466818593.0,Asansol Fire Brigade,23.6855371,86.9761021,20504.9831879096,True
883ca94739fffff,23.616,86.79124,0.82,0.82,295.4,295.4,268.0,268.0,1.0,0.0,2026-08-22,9,0,0,1,1,1,1,1,1,0.0333333333333333,678.423921703553,0.0,0.0,1308.57303780923,0.0,1.0,34.0,0.0,11694.8839623248,73622.8392612299,0.0,1.0,7466818593.0,Asansol Fire Brigade,23.6855371,86.9761021,20364.1597999132,True
883ca9473dfffff,23.61443,86.789925,1.84666666666667,4.04,310.526666666667,331.37,286.023333333333,298.97,0.833333333333333,0.0,2026-08-10,21,0,0,0,0,0,0,4,2,0.0666666666666667,634.878042089133,0.0,0.0,1293.14469347857,0.0,1.0,34.0,0.0,12880.0296277947,73936.9633451608,0.0,1.0,7466818593.0,Asansol Fire Brigade,23.6855371,86.9761021,20554.4244928508,True
883ca95aa1fffff,23.55263,86.5415666666667,1.78333333333333,2.72,303.246666666667,305.74,285.37,286.48,1.0,0.0,2026-08-23,8,0,0,1,1,3,3,3,3,0.1,166.342362609975,0.0,0.0,6178.12426102063,0.0,0.0,1.0,1430.64447024591,15930.9335915563,43054.8329591953,0.0,0.0,3822901583.0,,23.3320464,86.362422,30516.3066548701,True
883ca95aa7fffff,23.54945,86.5442766666667,1.32666666666667,2.3,301.696666666667,303.54,282.296666666667,290.16,1.0,0.0,2026-08-29,2,1,1,2,2,2,2,3,3,0.1,161.079435083838,0.0,0.0,6149.55653145868,0.0,0.0,1.0,1477.22992141566,17687.1832424478,42235.9127718423,0.0,0.0,3822901583.0,,23.3320464,86.362422,30403.7733358328,True
883ca960b3fffff,23.5579066666667,87.23762,1.40333333333333,1.51,304.59,309.96,269.376666666667,271.78,1.0,0.0,2026-08-27,4,1,1,1,1,1,1,1,1,0.0333333333333333,601.622979179409,0.0,2.0,947.926279871029,0.0,18.0,292.0,0.0,70595.4831757214,386450.53712874,2.0,6.0,6757753082.0,,23.5384626,87.2951191,6250.92623384498,True
883ca960bbfffff,23.5617666666667,87.2302133333333,3.99333333333333,5.84,325.706666666667,333.44,284.836666666667,289.26,1.0,0.0,2026-08-10,21,0,0,0,0,0,0,2,2,0.0666666666666667,538.412533045459,0.0,0.0,1124.06555372078,0.0,16.0,194.0,0.0,65598.2886713445,308772.737454884,2.0,5.0,6757753082.0,,23.5384626,87.2951191,7109.10644992892,True
883ca962e5fffff,23.61149,87.1463575,2.04,3.92,299.2575,304.87,281.9475,288.59,1.0,0.0,2026-08-25,6,1,1,3,2,3,2,4,3,0.1,30.0296711267339,0.0,0.0,993.539207154987,0.0,4.0,19.0,5841.84479708748,90273.7084607931,438229.595634251,2.0,21.0,6757753082.0,,23.5384626,87.2951191,17198.7791640696,True
883ca962edfffff,23.61313,87.14422,2.36,2.36,306.56,306.56,288.58,288.58,1.0,0.0,2026-08-09,22,0,0,0,0,0,0,1,1,0.0333333333333333,9.47752140289921,0.0,1.0,712.492097185429,0.0,4.0,19.0,5861.61028185525,98406.6685340274,445433.645307799,2.0,21.0,6757753082.0,,23.5384626,87.2951191,17476.6532454736,True
883ca96307fffff,23.56417,87.081835,1.515,2.48,304.3725,313.01,276.16,287.87,1.0,0.0,2026-08-09,22,0,0,0,0,0,0,1,1,0.0333333333333333,119.944761353875,0.0,8.0,411.914638817403,2.0,24.0,55.0,2147.30295065329,63099.4558623132,238053.298492697,0.0,5.0,961102113.0,Asansol Fire Station,23.6855487,86.97616835068,17226.2726195342,True
883ca96339fffff,23.563067,87.084347,1.79,4.59,305.104,313.39,280.208,289.06,1.0,0.0,2026-08-20,11,0,0,0,0,2,2,6,5,0.166666666666667,66.6521441358725,0.0,6.0,136.668383697726,2.0,23.0,55.0,3758.77080231624,62423.7480645582,243247.419837117,0.0,5.0,961102113.0,Asansol Fire Station,23.6855487,86.97616835068,17482.3165141527,True
883ca9633dfffff,23.5614063636364,87.0837236363636,2.58272727272727,7.2,310.218181818182,331.86,281.993636363636,299.29,0.909090909090909,0.0,2026-08-27,4,1,1,1,1,3,3,7,6,0.2,89.5105085673829,0.0,8.0,269.055713644576,1.0,21.0,55.0,3757.22940765825,59044.9228059565,230783.918618654,0.0,5.0,961102113.0,Asansol Fire Station,23.6855487,86.97616835068,17585.5977693398,True
883ca96565fffff,23.5577834375,87.2412265625,2.7353125,14.28,313.5871875,343.58,282.9884375,297.45,0.875,0.0,2026-08-30,1,3,3,9,5,10,6,19,11,0.366666666666667,575.238626072762,0.0,6.0,628.212001354829,0.0,26.0,460.0,0.0,81218.4453877195,425473.37007132,1.0,7.0,6757753082.0,,23.5384626,87.2951191,5901.74650723909,True
883ca9656dfffff,23.5611914285714,87.2381471428572,1.53142857142857,3.32,308.641428571429,337.89,276.884285714286,286.4,1.0,0.0,2026-08-27,4,2,2,2,2,4,3,5,4,0.133333333333333,874.345860161749,0.0,0.0,1114.34596180744,0.0,14.0,353.0,0.0,69468.7032255808,391218.087234407,2.0,6.0,6757753082.0,,23.5384626,87.2951191,6335.81084369106,True
883ca96c9bfffff,23.4837628571429,87.3621942857143,2.44857142857143,5.06,310.581428571429,337.08,283.411428571429,297.47,0.857142857142857,0.0,2026-08-21,10,0,0,0,0,1,1,5,4,0.133333333333333,168.796458123346,0.0,3.0,372.672355059104,3.0,3.0,2033.0,826.789239898382,65787.7067628082,479398.996176915,2.0,17.0,6757753082.0,,23.5384626,87.2951191,9141.42526371301,True
883ca96da9fffff,23.40276,87.28404,1.24,1.24,303.54,303.54,290.4,290.4,1.0,0.0,2026-07-28,34,0,0,0,0,0,0,0,0,0.0,16.6177111148154,0.0,0.0,1427.23450889894,0.0,2.0,6.0,4142.49838918169,56358.2561978249,223253.399369866,0.0,1.0,6757753082.0,,23.5384626,87.2951191,15065.8458516912,True
883ca96e59fffff,23.55093,87.24238,2.87,2.87,317.38,317.38,287.06,287.06,1.0,0.0,2026-08-20,11,0,0,0,0,1,1,1,1,0.0333333333333333,43.8337944647445,0.0,8.0,487.035060479306,1.0,25.0,402.0,4444.37490671995,69464.8972363816,423491.691641073,2.0,7.0,6757753082.0,,23.5384626,87.2951191,5557.04362926396,True
883ca96e5bfffff,23.5500366666667,87.24484,2.26666666666667,3.06,301.09,303.92,283.13,286.45,1.0,0.0,2026-08-23,8,0,0,1,1,2,2,2,2,0.0666666666666667,27.1506772593495,0.0,9.0,320.649874304699,8.0,31.0,494.0,5956.86696156038,77221.6051217259,448850.032998819,2.0,7.0,6757753082.0,,23.5384626,87.2951191,5289.38628143486,True
883ca96eb3fffff,23.50349,87.32597,3.33,3.33,308.31,308.31,287.21,287.21,1.0,0.0,2026-08-20,11,0,0,0,0,1,1,1,1,0.0333333333333333,168.330074943493,0.0,1.0,632.518540245743,0.0,612.0,4844.0,4553.99255522795,200821.006294092,676041.994601375,2.0,20.0,6757753082.0,,23.5384626,87.2951191,4990.93189221306,True
883ca96ee9fffff,23.51684,87.27125,3.24,3.24,305.73,305.73,287.18,287.18,1.0,0.0,2026-08-19,12,0,0,0,0,1,1,1,1,0.0333333333333333,105.511395550137,0.0,0.0,1281.98814372938,0.0,20.0,3321.0,5418.21476717126,112347.491218305,495248.142802999,2.0,10.0,6757753082.0,,23.5384626,87.2951191,3415.71187427266,True
883ca97099fffff,23.6900706666667,87.0988593333333,1.93666666666667,4.11,303.495333333333,309.6,281.277333333333,292.0,1.0,0.0,2026-08-24,7,0,0,1,1,2,2,11,8,0.266666666666667,223.709878359399,0.0,0.0,1570.11023952377,0.0,1.0,7.0,1710.24062138953,77938.6717440831,336987.784095466,2.0,32.0,961102113.0,Asansol Fire Station,23.6855487,86.97616835068,12518.9684308771,True
883ca9709bfffff,23.69322,87.1089228571428,1.84928571428571,3.94,304.427857142857,309.79,283.842857142857,291.06,1.0,0.0,2026-08-20,11,0,0,0,0,1,1,10,6,0.2,68.1441492188525,0.0,0.0,2573.27334827258,0.0,0.0,7.0,3251.00094822873,66041.7101539526,321508.17721017,4.0,27.0,961102113.0,Asansol Fire Station,23.6855487,86.97616835068,13561.4389338726,True
883ca970d3fffff,23.6965566666667,87.0948916666667,1.335,2.37,305.4,310.56,281.971666666667,290.41,1.0,0.0,2026-08-20,11,0,0,0,0,1,1,3,3,0.1,132.501882330681,0.0,0.0,1225.33076351104,0.0,4.0,6.0,3743.671407847,96585.2305163095,308731.029137161,1.0,28.0,961102113.0,Asansol Fire Station,23.6855487,86.97616835068,12165.3281866637,True
883ca97329fffff,23.66546,86.93528,0.98,0.98,303.93,303.93,286.68,286.68,1.0,0.0,2026-08-08,23,0,0,0,0,0,0,1,1,0.0333333333333333,25.6376334274988,0.0,9.0,347.041616449801,4.0,40.0,1053.0,5985.47709963333,222771.627883252,706927.873960855,1.0,2.0,7466818593.0,Asansol Fire Brigade,23.6855371,86.9761021,4718.69792998404,True
883ca97361fffff,23.66804,86.92381,1.36,1.36,301.79,301.79,286.96,286.96,1.0,0.0,2026-08-08,23,0,0,0,0,0,0,1,1,0.0333333333333333,85.9093160511667,0.0,0.0,1395.69141197736,0.0,18.0,384.0,5729.12916075585,167620.241581038,627016.323502117,1.0,4.0,7466818593.0,Asansol Fire Brigade,23.6855371,86.9761021,5672.85990610205,True
883ca97363fffff,23.66957,86.934195,2.11,2.29,318.64,332.4,289.35,293.26,0.5,0.0,2026-08-09,22,0,0,0,0,0,0,1,1,0.0333333333333333,318.792310371842,0.0,9.0,381.958621877707,2.0,45.0,1116.0,4021.51396199984,252471.359184168,728788.866083404,1.0,2.0,7466818593.0,Asansol Fire Brigade,23.6855371,86.9761021,4624.18227371793,True
883ca97365fffff,23.665244,86.918046,1.578,2.82,305.804,309.68,285.74,287.72,1.0,0.0,2026-08-20,11,0,0,0,0,1,1,2,2,0.0666666666666667,50.162571367833,0.0,0.0,2005.7698491919,0.0,11.0,137.0,4157.85464437511,136621.987969135,580874.3074477,1.0,3.0,7466818593.0,Asansol Fire Brigade,23.6855371,86.9761021,6331.65315890263,True
883ca9736bfffff,23.67374,86.92664,4.78,4.78,331.6,331.6,300.12,300.12,0.0,0.0,2026-07-25,37,0,0,0,0,0,0,0,0,0.0,174.697836730292,0.0,0.0,1279.75215102863,0.0,16.0,810.0,5539.3625432248,211086.282352375,682059.083831169,1.0,3.0,7466818593.0,Asansol Fire Brigade,23.6855371,86.9761021,5209.59078030464,True
883ca9736dfffff,23.66792,86.91748,2.4,2.4,323.06,323.06,278.51,278.51,1.0,0.0,2026-07-25,37,0,0,0,0,0,0,0,0,0.0,184.785552012963,0.0,0.0,2041.1229227008,0.0,11.0,151.0,4670.13252995796,140376.424787744,588853.633102074,1.0,3.0,7466818593.0,Asansol Fire Brigade,23.6855371,86.9761021,6287.47241408399,True
883ca97507fffff,23.66603,87.153865,2.08,2.98,309.245,312.24,279.625,284.81,1.0,0.0,2026-08-15,16,0,0,0,0,0,0,2,2,0.0666666666666667,52.522358628592,0.0,0.0,2560.27485710273,0.0,0.0,5.0,1245.67987387144,96119.5065196002,351999.890295225,0.0,28.0,961102113.0,Asansol Fire Station,23.6855487,86.97616835068,18247.1255534584,True
883ca97539fffff,23.66547,87.158,2.224,4.52,310.302,332.25,283.812,296.03,0.8,0.0,2026-08-22,9,0,0,1,1,4,3,5,4,0.133333333333333,165.610465859639,0.0,0.0,2950.18868526209,0.0,0.0,5.0,4432.16626842039,95451.4401941071,349220.18636958,0.0,28.0,961102113.0,Asansol Fire Station,23.6855487,86.97616835068,18673.1668923382,True
883ca9753dfffff,23.662924516129,87.15502,2.89645161290322,8.29,315.696451612903,340.74,286.148387096774,298.79,0.774193548387097,0.0,2026-08-25,6,1,1,3,3,9,6,21,11,0.366666666666667,89.3909792221219,0.0,0.0,2697.17116891703,0.0,0.0,5.0,3999.57429209611,94159.1665578866,359429.016339183,0.0,28.0,961102113.0,Asansol Fire Station,23.6855487,86.97616835068,18407.9067506703,True
883ca97541fffff,23.6914071428571,87.1238157142857,2.12857142857143,3.7,309.168571428571,331.4,286.22,298.75,0.857142857142857,0.0,2026-08-15,16,0,0,0,0,0,0,3,3,0.1,228.756222592426,0.0,0.0,2044.45249136126,0.0,1.0,6.0,519.784505695326,68049.2749910921,286964.071304724,2.0,22.0,961102113.0,Asansol Fire Station,23.6855487,86.97616835068,15067.2738749019,True
883ca97545fffff,23.68643,87.1218685714286,2.32857142857143,5.25,310.887142857143,331.36,284.13,296.22,0.714285714285714,0.0,2026-08-29,2,1,1,1,1,2,2,4,4,0.133333333333333,323.597668087343,0.0,0.0,2234.53214683583,0.0,2.0,6.0,1506.82089553105,66409.3504828643,310038.905276119,2.0,22.0,961102113.0,Asansol Fire Station,23.6855487,86.97616835068,14855.3896336787,True
883ca97547fffff,23.68311,87.129012,1.856,2.52,306.872,309.82,288.54,291.19,1.0,0.0,2026-08-20,11,0,0,0,0,3,2,5,4,0.133333333333333,78.7554396391852,0.0,0.0,1614.709895211,0.0,2.0,3.0,2003.8462616387,81141.6426092486,299363.605611624,1.0,23.0,961102113.0,Asansol Fire Station,23.6855487,86.97616835068,15585.9239987119,True
883ca97549fffff,23.6947585714286,87.1221114285714,2.35428571428571,3.7,309.571428571429,334.84,286.251428571429,300.8,0.857142857142857,0.0,2026-08-23,8,0,0,2,1,3,2,6,5,0.166666666666667,80.490597593844,0.0,0.0,2296.57032048938,0.0,1.0,6.0,2625.66501210115,65873.3022756151,281329.616773189,2.0,22.0,961102113.0,Asansol Fire Station,23.6855487,86.97616835068,14914.2525334413,True
883ca9754dfffff,23.6911951515152,87.12022,2.06666666666667,8.44,306.93303030303,331.33,281.796363636364,297.12,0.96969696969697,0.0,2026-08-26,5,1,1,2,2,8,4,20,10,0.333333333333333,288.601818426103,0.0,0.0,2404.809569158,0.0,1.0,6.0,235.534838296306,60430.0465782415,297319.0824853,2.0,22.0,961102113.0,Asansol Fire Station,23.6855487,86.97616835068,14700.0176634688,True
883ca97725fffff,23.6954392307692,87.1057992307692,2.15461538461538,4.08,305.972307692308,331.19,284.464615384615,298.57,0.923076923076923,0.0,2026-08-20,11,0,0,0,0,2,1,6,3,0.1,77.6223454554245,0.0,0.0,2276.47832601772,0.0,1.0,7.0,5269.1105792747,69916.7392690095,312968.357533095,5.0,28.0,961102113.0,Asansol Fire Station,23.6855487,86.97616835068,13261.5243354074,True
883ca97727fffff,23.696035,87.114425,1.7475,3.9,301.125,304.39,281.6075,288.22,1.0,0.0,2026-08-20,11,0,0,0,0,1,1,2,2,0.0666666666666667,53.81587131884,0.0,0.0,3042.06156636918,0.0,0.0,6.0,3427.9723362897,59380.2339594933,302086.416879113,3.0,23.0,961102113.0,Asansol Fire Station,23.6855487,86.97616835068,14143.3602729547,True
883ca9c825fffff,23.752841,86.416191,1.524,2.28,306.968,312.32,284.1,291.19,1.0,0.0,2026-08-23,8,0,0,3,2,6,4,8,6,0.2,31.9669358810568,0.0,3.0,272.400921433812,2.0,6.0,52.0,3719.65087815753,128976.770933587,596314.618051229,0.0,4.0,3822901583.0,,23.3320464,86.362422,46909.4653299684,True
883ca9c82dfffff,23.762135,86.40676,1.96,2.4,302.765,303.46,287.63,289.39,1.0,0.0,2026-08-20,11,0,0,0,0,1,1,1,1,0.0333333333333333,11.3232385910757,0.0,0.0,1217.31182095257,0.0,9.0,61.0,5442.83371889201,121818.812305246,611167.886758897,0.0,4.0,3822901583.0,,23.3320464,86.362422,47830.8971342659,True
883ca9c865fffff,23.767159,86.398245,2.454,4.66,305.567,318.64,284.183,291.75,1.0,0.0,2026-08-20,11,0,0,0,0,3,2,8,7,0.233333333333333,748.741543105199,0.0,0.0,2177.30678274414,0.0,8.0,84.0,0.0,140375.95552855,623469.263702512,1.0,4.0,3822901583.0,,23.3320464,86.362422,48311.1542466443,True
883ca9c867fffff,23.7669214705882,86.4048291176471,2.54264705882353,5.99,316.722352941176,340.1,282.989411764706,297.22,0.794117647058823,0.0,2026-08-23,8,0,0,3,2,9,5,20,11,0.366666666666667,321.08448876735,0.0,0.0,1778.78177176223,0.0,11.0,81.0,1131.65250238624,137731.849295907,634940.35864052,0.0,4.0,3822901583.0,,23.3320464,86.362422,48340.439281405,True
883ca9c869fffff,23.78171,86.39363,1.36,1.36,302.79,302.79,281.03,281.03,1.0,0.0,2026-07-27,35,0,0,0,0,0,0,0,0,0.0,150.631228562649,0.0,0.0,2017.89026768328,0.0,10.0,120.0,4494.84469039648,157624.728117269,669899.30041592,0.0,5.0,3822901583.0,,23.3320464,86.362422,49885.429748758,True
883ca9c86dfffff,23.7783473913044,86.3904191304348,2.65565217391304,8.41,313.61652173913,342.22,282.569565217391,297.97,0.826086956521739,0.0,2026-08-23,8,0,0,5,2,8,5,15,10,0.333333333333333,132.867927383439,0.0,0.0,2466.25175649306,0.0,2.0,98.0,3268.89459882522,140551.631712316,633350.631845591,0.0,4.0,3822901583.0,,23.3320464,86.362422,49493.9142968929,True
883ca9c91bfffff,23.74961,86.4182533333333,1.64,2.38,306.406666666667,311.42,288.683333333333,290.96,1.0,0.0,2026-08-20,11,0,0,0,0,1,1,2,2,0.0666666666666667,116.243180236228,0.0,3.0,564.270047883968,0.0,6.0,69.0,4163.79050278413,127631.412009403,583829.672799051,0.0,4.0,3822901583.0,,23.3320464,86.362422,46579.5056331748,True
883ca9c933fffff,23.718538,86.420538,2.304,4.56,307.524,310.37,287.232,290.0,1.0,0.0,2026-08-22,9,0,0,1,1,2,2,5,4,0.133333333333333,1.08352949200554,0.0,0.0,993.56190936395,0.0,91.0,99.0,5523.56831256681,182559.736452054,502471.903036731,0.0,4.0,3822901583.0,,23.3320464,86.362422,43198.7481548088,True
883ca9c951fffff,23.7559208333333,86.3966933333333,1.6525,3.11,304.3475,310.55,284.766666666667,290.36,1.0,0.0,2026-08-23,8,0,0,3,2,7,4,8,5,0.166666666666667,306.945171031754,0.0,0.0,1194.48319646428,0.0,5.0,35.0,2185.7217489674,119370.841203797,575619.724594135,0.0,5.0,3822901583.0,,23.3320464,86.362422,47058.5524784498,True
883ca9c953fffff,23.7575288888889,86.4047872222222,2.64666666666667,6.66,313.203888888889,337.36,285.41,296.25,0.833333333333333,0.0,2026-08-23,8,0,0,4,2,6,4,13,9,0.3,152.446321811694,0.0,0.0,960.949435467269,0.0,6.0,45.0,3374.42008492125,120569.573812473,596822.705464672,0.0,4.0,3822901583.0,,23.3320464,86.362422,47304.422980668,True
883ca9c959fffff,23.7642575,86.3933925,2.96,3.93,308.17,310.71,286.385,291.65,1.0,0.0,2026-08-22,9,0,0,1,1,1,1,3,3,0.1,425.984555083338,0.0,0.0,1774.70999022535,0.0,4.0,72.0,950.650433987008,131099.72793048,602705.992541893,0.0,5.0,3822901583.0,,23.3320464,86.362422,47955.6684515285,True
883ca9c95bfffff,23.7618869135802,86.4022801234568,2.46012345679012,7.07,312.56975308642,342.4,282.734197530864,296.71,0.851851851851852,0.0,2026-08-30,1,1,1,12,3,29,6,58,13,0.433333333333333,246.713994885131,0.0,0.0,1470.12287249201,0.0,6.0,54.0,1304.02046188876,120192.056944071,600805.875374948,0.0,4.0,3822901583.0,,23.3320464,86.362422,47762.4518314246,True
883ca9c9a1fffff,23.711195,86.4501558823529,3.00411764705882,8.86,315.266764705882,346.75,285.521176470588,296.32,0.764705882352941,0.0,2026-08-23,8,0,0,2,2,6,4,18,11,0.366666666666667,174.952128447679,0.0,0.0,2251.49023459396,0.0,1.0,103.0,907.989279365427,87084.4541364576,432436.594310517,0.0,0.0,3822901583.0,,23.3320464,86.362422,42921.2420985017,True
883ca9c9a9fffff,23.7167458333333,86.4457275,1.81666666666667,2.84,304.165833333333,310.79,284.756666666667,290.34,1.0,0.0,2026-08-23,8,0,0,1,1,3,2,8,5,0.166666666666667,169.506606744254,0.0,0.0,1580.58039251172,0.0,3.0,99.0,1441.37686218815,96216.0458914118,447726.780232123,0.0,1.0,3822901583.0,,23.3320464,86.362422,43431.6585838861,True
883ca9c9abfffff,23.71461,86.4530533333333,1.30666666666667,2.41,310.09,316.01,283.556666666667,288.6,1.0,0.0,2026-08-20,11,0,0,0,0,1,1,2,2,0.0666666666666667,189.574387229091,0.0,0.0,2363.65451351733,0.0,1.0,97.0,2949.77904206277,87978.9313591765,416927.546388557,0.0,0.0,3822901583.0,,23.3320464,86.362422,43353.2099020553,True
883ca9c9adfffff,23.70958,86.445085,2.14,2.3,301.41,304.34,275.095,286.1,1.0,0.0,2026-08-22,9,0,0,1,1,1,1,1,1,0.0333333333333333,108.155944886505,0.0,0.0,1937.69536186227,0.0,9.0,104.0,3560.73483727585,92525.4552445294,448729.62912911,0.0,2.0,3822901583.0,,23.3320464,86.362422,42640.9537588395,True
883ca9c9c5fffff,23.7377185,86.43355825,3.03525,13.01,313.741,340.12,282.6455,298.94,0.825,0.0,2026-08-23,8,0,0,8,2,17,5,22,7,0.233333333333333,94.490261384611,0.0,1.0,80.8394343941712,1.0,4.0,98.0,3320.33865167846,119779.487285303,506346.16589125,0.0,2.0,3822901583.0,,23.3320464,86.362422,45496.1619756714,True
883ca9c9e1fffff,23.72499,86.43662,3.52,3.52,299.92,299.92,286.38,286.38,1.0,0.0,2026-08-07,24,0,0,0,0,0,0,1,1,0.0333333333333333,133.105230681121,0.0,1.0,684.90953659534,0.0,6.0,98.0,3872.40557678183,115424.608440168,479275.13288703,0.0,1.0,3822901583.0,,23.3320464,86.362422,44158.1458066661,True
883ca9c9e3fffff,23.7242025,86.4403183333333,2.13416666666667,4.21,306.556666666667,313.31,285.125833333333,289.15,1.0,0.0,2026-08-23,8,0,0,2,2,5,4,9,6,0.2,235.992416274918,0.0,0.0,987.651268281487,0.0,2.0,100.0,661.054345333813,99343.7680222993,469809.238077707,0.0,1.0,3822901583.0,,23.3320464,86.362422,44138.6951608578,True
883ca9c9e5fffff,23.71616,86.42556,4.23,4.23,306.37,306.37,290.44,290.44,1.0,0.0,2026-08-20,11,0,0,0,0,1,1,1,1,0.0333333333333333,58.4503978709043,0.0,1.0,797.801644658328,0.0,90.0,99.0,4150.52287728446,158907.742671381,489605.780764629,0.0,2.0,3822901583.0,,23.3320464,86.362422,43011.80328143,True
883ca9c9e7fffff,23.71763,86.44038,1.835,2.13,304.065,305.07,285.045,288.3,1.0,0.0,2026-08-22,9,0,0,1,1,1,1,1,1,0.0333333333333333,129.865087214656,0.0,0.0,1037.53070892889,0.0,10.0,101.0,4667.04760358031,104372.996268559,457213.960267638,0.0,1.0,3822901583.0,,23.3320464,86.362422,43424.3143323811,True
883ca9c9e9fffff,23.7349025,86.429675,1.445,1.86,302.4375,305.46,284.6775,288.49,1.0,0.0,2026-08-23,8,0,0,2,2,2,2,2,2,0.0666666666666667,127.065299861421,0.0,1.0,416.543518216489,1.0,4.0,96.0,3411.38369249408,137139.213529971,507994.759426695,0.0,3.0,3822901583.0,,23.3320464,86.362422,45126.4350066177,True
883ca9c9ebfffff,23.7343066666667,86.43545,1.83333333333333,2.99,306.65,310.8,277.8,282.81,1.0,0.0,2026-08-23,8,0,0,2,2,3,3,3,3,0.1,51.8747599375157,0.0,1.0,411.82122194522,1.0,3.0,95.0,2704.20852363339,117152.921739582,485313.665372133,0.0,1.0,3822901583.0,,23.3320464,86.362422,45154.7894925141,True
883ca9c9edfffff,23.723682,86.421704,1.726,3.56,304.578,309.72,283.412,290.33,1.0,0.0,2026-08-23,8,0,0,3,2,5,3,5,3,0.1,193.194260570459,0.0,1.0,974.562214870367,0.0,86.0,99.0,3008.24919999773,178611.346022013,502713.464610456,0.0,4.0,3822901583.0,,23.3320464,86.362422,43779.2156334955,True
883ca9cb03fffff,23.7806,86.37194,2.035,2.22,309.255,311.49,285.235,288.64,1.0,0.0,2026-08-09,22,0,0,0,0,0,0,1,1,0.0333333333333333,58.228477238822,0.0,0.0,1393.18466538851,0.0,28.0,71.0,3527.27675094096,130302.040681697,518517.915010846,0.0,7.0,3822901583.0,,23.3320464,86.362422,49670.3344911357,True
883ca9cb07fffff,23.7747637037037,86.3641540740741,1.98333333333333,5.74,309.758148148148,328.11,282.693703703704,292.36,0.962962962962963,0.0,2026-08-22,9,0,0,2,1,6,3,15,9,0.3,274.431802607256,0.0,1.0,962.863924381558,0.0,31.0,54.0,2134.77881435515,142397.723393896,447049.039521401,0.0,5.0,3822901583.0,,23.3320464,86.362422,49015.0104597999,True
883ca9cb09fffff,23.793892,86.353504,2.502,5.81,314.878,338.68,288.466,297.87,0.8,0.0,2026-08-10,21,0,0,0,0,0,0,2,2,0.0666666666666667,43.721959919879,0.0,0.0,1257.84556218884,0.0,29.0,116.0,2789.96662448794,81992.2157259605,396580.132141551,0.0,16.0,,,,,,False
883ca9cb0dfffff,23.78152,86.348332,1.872,2.35,305.652,308.85,284.886,291.03,1.0,0.0,2026-08-19,12,0,0,0,0,1,1,4,4,0.133333333333333,11.507957479539,0.0,23.0,402.202207637821,1.0,45.0,63.0,7071.77034654686,105295.382542229,373756.935591527,0.0,6.0,3822901583.0,,23.3320464,86.362422,49783.5638820472,True
883ca9cb15fffff,23.7815,86.37453,1.33,1.33,305.21,305.21,281.64,281.64,1.0,0.0,2026-07-27,35,0,0,0,0,0,0,0,0,0.0,139.741715599484,0.0,0.0,1635.18609351211,0.0,3.0,77.0,2662.31651289362,129012.60942618,533898.190252928,0.0,7.0,3822901583.0,,23.3320464,86.362422,49775.8108189792,True
883ca9cb17fffff,23.78131,86.3898405,2.4035,7.13,311.3255,334.84,285.332,298.07,0.85,0.0,2026-08-23,8,0,0,4,2,7,4,11,7,0.233333333333333,160.215086248948,0.0,0.0,2396.71358850862,0.0,2.0,105.0,7555.16338710801,139765.097983862,633454.445503691,0.0,5.0,3822901583.0,,23.3320464,86.362422,49818.0280769508,True
883ca9cb2bfffff,23.771445,86.362675,1.54,2.29,303.92,304.06,284.64,286.75,1.0,0.0,2026-08-22,9,0,0,1,1,1,1,2,2,0.0666666666666667,121.568573122685,0.0,1.0,898.607995804249,0.0,31.0,54.0,2290.82158814223,137392.082143503,427749.177112088,0.0,5.0,3822901583.0,,23.3320464,86.362422,48647.2694385472,True
883ca9cb31fffff,23.76707,86.37955,1.8,1.8,301.3,301.3,282.87,282.87,1.0,0.0,2026-08-23,8,0,0,1,1,1,1,1,1,0.0333333333333333,72.0352300145131,0.0,0.0,2142.09926452582,0.0,1.0,59.0,5591.5148585348,123036.685864424,537903.364625837,0.0,4.0,3822901583.0,,23.3320464,86.362422,48194.5298989341,True
883ca9cb33fffff,23.766885,86.39087,1.515,2.0,306.64,306.97,287.47,287.55,1.0,0.0,2026-08-20,11,0,0,0,0,2,1,2,1,0.0333333333333333,297.052752422751,0.0,0.0,1991.15567998177,0.0,1.0,71.0,1159.10514589661,131433.222519724,604302.440672151,0.0,5.0,3822901583.0,,23.3320464,86.362422,48229.7689142543,True
883ca9cb37fffff,23.764295,86.380795,1.605,1.95,304.175,306.12,281.755,286.18,1.0,0.0,2026-07-09,53,0,0,0,0,0,0,0,0,0.0,108.604651603925,0.0,0.0,1809.70155126754,0.0,1.0,56.0,3582.90861803585,116962.51315302,540229.739318643,1.0,4.0,3822901583.0,,23.3320464,86.362422,47892.2993508217,True
883ca9cb39fffff,23.7797133333333,86.3722716666667,1.52666666666667,2.51,308.316666666667,315.23,284.26,291.58,1.0,0.0,2026-08-22,9,0,0,1,1,1,1,4,4,0.133333333333333,144.951180883498,0.0,0.0,1451.00093066559,0.0,28.0,71.0,4484.88699386286,131979.922329334,519786.665259884,0.0,7.0,3822901583.0,,23.3320464,86.362422,49572.8583529327,True
883ca9cb3bfffff,23.7769709090909,86.3861863636364,2.46818181818182,6.37,310.837272727273,331.1,284.959090909091,296.92,0.909090909090909,0.0,2026-08-22,9,0,0,1,1,2,2,7,7,0.233333333333333,25.5700600759193,0.0,0.0,2898.69520088036,0.0,0.0,86.0,7417.021858224,124096.325634228,584923.150094549,0.0,4.0,3822901583.0,,23.3320464,86.362422,49318.655283883,True
883ca9cb3dfffff,23.771765,86.366235,2.89,4.99,316.325,327.08,287.865,292.7,0.5,0.0,2026-08-22,9,0,0,1,1,2,2,2,2,0.0666666666666667,10.6334756459751,0.0,0.0,1227.53090055868,0.0,31.0,55.0,4071.07484377957,143030.344106974,457447.82550221,0.0,5.0,3822901583.0,,23.3320464,86.362422,48684.2331954074,True
883ca9cb43fffff,23.7970638709677,86.3515116129032,3.09193548387097,9.59,312.869032258064,335.72,282.978709677419,298.41,0.806451612903226,0.0,2026-08-22,9,0,0,2,1,8,4,20,12,0.4,299.629159147648,0.0,0.0,1399.45154405239,0.0,11.0,119.0,581.182820684282,75616.0272026031,384080.588507126,0.0,16.0,,,,,,False
883ca9cb47fffff,23.794265,86.348865,1.485,1.53,303.37,306.53,277.86,286.56,1.0,0.0,2026-08-23,8,0,0,1,1,1,1,2,2,0.0666666666666667,367.450978259796,0.0,0.0,1543.08069445427,0.0,29.0,118.0,581.007354851359,79070.5510100006,384092.145187744,0.0,16.0,,,,,,False
883ca9cb4dfffff,23.8018976923077,86.3318776923077,2.40923076923077,3.63,316.9,336.99,284.470769230769,295.28,0.615384615384615,0.0,2026-08-23,8,0,0,3,2,4,3,8,7,0.233333333333333,62.5904823680022,0.0,0.0,1579.78529048582,0.0,4.0,157.0,3451.40452155101,55572.9676080306,314313.683901877,0.0,18.0,,,,,,False
883ca9cb63fffff,23.780005,86.3470425,0.97,1.34,302.335,307.68,278.9225,291.18,1.0,0.0,2026-08-23,8,0,0,1,1,2,2,3,3,0.1,117.952308227883,0.0,23.0,229.469934550786,1.0,45.0,61.0,5568.97119854005,109223.493705201,367269.24582912,0.0,6.0,3822901583.0,,23.3320464,86.362422,49619.8928368021,True
883ca9cb6bfffff,23.783985,86.341735,1.355,2.35,302.6275,311.93,277.53,290.84,1.0,0.0,2026-08-22,9,0,0,1,1,2,2,5,5,0.166666666666667,119.720980780227,0.0,1.0,882.879112036645,0.0,45.0,72.0,1748.4069003273,95202.8937172586,370598.253294757,0.0,7.0,,,,,,False
883ca9cca3fffff,23.81078,86.66684,1.35,1.35,298.72,298.72,278.93,278.93,1.0,0.0,2026-07-27,35,0,0,0,0,0,0,0,0,0.0,113.632641922714,0.0,0.0,2428.2332690923,0.0,1.0,5.0,1715.91234766752,61275.2915751195,247300.73071019,0.0,0.0,7466818593.0,Asansol Fire Brigade,23.6855371,86.9761021,34431.7397448873,True
883ca9cd99fffff,23.79666,86.63983,0.95,0.95,308.5,308.5,286.42,286.42,1.0,0.0,2026-08-07,24,0,0,0,0,0,0,1,1,0.0333333333333333,43.1729544579468,0.0,0.0,1069.26287061165,0.0,2.0,2.0,3590.5148915641,63286.8131985306,210870.689293872,0.0,0.0,7466818593.0,Asansol Fire Brigade,23.6855371,86.9761021,36412.136055556,True
883ca9d2c9fffff,24.11636,86.35013,1.5,2.15,300.385,302.17,286.545,287.38,1.0,0.0,2026-08-07,24,0,0,0,0,0,0,1,1,0.0333333333333333,134.636176508948,0.0,0.0,1067.42761177516,0.0,11.0,14.0,1481.46853907041,17283.1446763259,41859.2656138485,1.0,5.0,,,,,,False
883ca9d9a5fffff,23.8041875,86.321985,1.905,3.96,308.345,314.84,276.71,287.17,1.0,0.0,2026-08-22,9,0,0,1,1,2,2,3,3,0.1,840.494132329066,0.0,0.0,1615.73841986144,0.0,7.0,193.0,0.0,70262.5550405137,294362.43310361,0.0,21.0,,,,,,False
883ca9d9a7fffff,23.8040826666667,86.3292293333333,3.358,10.78,317.942444444444,343.3,284.316444444444,297.89,0.711111111111111,0.0,2026-08-30,1,2,2,7,5,13,8,30,16,0.533333333333333,220.948237123351,0.0,0.0,1488.19942877996,0.0,8.0,187.0,873.309789385032,57868.5054925289,300118.656176137,0.0,22.0,,,,,,False
883caa30b5fffff,22.57414,85.89199,2.05,2.71,306.135,306.63,289.635,290.95,1.0,0.0,2026-08-19,12,0,0,0,0,1,1,1,1,0.0333333333333333,804.801529504323,0.0,0.0,14011.0926460019,0.0,0.0,0.0,0.0,16005.643282133,51814.0547037358,1.0,2.0,,,,,,False
883caa30b7fffff,22.5731076923077,85.8968692307692,3.37076923076923,8.69,318.942307692308,338.24,288.616923076923,298.71,0.615384615384615,0.0,2026-08-22,9,0,0,1,1,4,2,8,5,0.166666666666667,347.210425622799,0.0,0.0,13986.2184424775,0.0,0.0,0.0,705.829112581555,13705.6187210793,52796.3787080939,1.0,2.0,,,,,,False
883caa3545fffff,22.60765,85.91538,0.99,0.99,303.87,303.87,286.49,286.49,1.0,0.0,2026-08-15,16,0,0,0,0,0,0,1,1,0.0333333333333333,70.5143370532433,0.0,0.0,9845.54888593737,0.0,0.0,0.0,1022.22251358613,11986.7862355637,48288.4303591718,0.0,2.0,,,,,,False
883caa354dfffff,22.61008,85.91367,1.7,1.7,306.4,306.4,290.52,290.52,1.0,0.0,2026-08-19,12,0,0,0,0,1,1,1,1,0.0333333333333333,337.448127694521,0.0,0.0,9611.63440870748,0.0,0.0,0.0,852.092618421279,12342.3569858748,48702.8365737043,0.0,2.0,,,,,,False
883caa356dfffff,22.58979,85.9048366666667,1.2,1.82,303.28,308.55,282.353333333333,289.38,1.0,0.0,2026-08-22,9,0,0,1,1,1,1,2,2,0.0666666666666667,139.413719714559,0.0,0.0,11997.2172329063,0.0,0.0,0.0,526.565528847629,12910.819817712,53931.800183789,1.0,2.0,,,,,,False
883caa4515fffff,22.13393,85.382935,0.76,1.02,300.185,304.05,281.125,289.31,1.0,0.0,2026-08-22,9,0,0,1,1,2,2,2,2,0.0666666666666667,184.30031292971,0.0,1.0,121.008580907127,1.0,8.0,38.0,677.125355182937,24449.7684249455,120858.874246536,2.0,9.0,,,,,,False
883caa4981fffff,21.9258314285714,85.2238057142857,1.93285714285714,5.66,304.325714285714,333.53,273.88,297.66,0.857142857142857,0.0,2026-08-11,20,0,0,0,0,0,0,4,3,0.1,843.537648407777,0.0,21.0,869.921586495211,0.0,79.0,147.0,0.0,10996.911851069,47346.1439660124,1.0,2.0,,,,,,False
883caa4989fffff,21.9305,85.2228166666667,0.976666666666667,1.13,302.456666666667,307.83,281.823333333333,287.4,1.0,0.0,2026-08-08,23,0,0,0,0,0,0,1,1,0.0333333333333333,709.448176511246,0.0,24.0,823.283809911824,0.0,60.0,144.0,0.0,11942.4173851609,48976.2112577636,1.0,3.0,,,,,,False
883caa498dfffff,21.92361,85.22111,0.96,1.3,302.955,306.09,280.56,284.18,1.0,0.0,2026-07-31,31,0,0,0,0,0,0,0,0,0.0,1098.06268824854,0.0,44.0,703.877765591556,0.0,86.0,137.0,0.0,9881.81960144106,43664.1887433526,1.0,2.0,,,,,,False
883caa4d63fffff,21.9695,85.31496,1.64,1.78,298.725,299.15,276.805,276.84,1.0,0.0,2026-08-01,30,0,0,0,0,0,0,0,0,0.0,1892.10382876692,0.0,0.0,2266.44181120191,0.0,3.0,20.0,0.0,9865.82137034031,37531.2680438847,1.0,3.0,,,,,,False
883caa4e19fffff,22.09742,85.35045,0.64,0.64,302.4,302.4,287.37,287.37,1.0,0.0,2026-07-31,31,0,0,0,0,0,0,0,0,0.0,95.5515979408086,0.0,1.0,933.148870728854,0.0,29.0,56.0,1333.92560499768,41704.3080353198,104626.66066727,3.0,9.0,,,,,,False
883caa7b23fffff,22.0547,85.4653566666667,1.32,2.19,301.293333333333,301.37,286.48,287.23,1.0,0.0,2026-08-19,12,0,0,0,0,1,1,1,1,0.0333333333333333,385.332323022619,0.0,0.0,3787.82451542015,0.0,0.0,1.0,2467.73202768813,17201.94148201,41313.0185619863,0.0,2.0,,,,,,False
883cab6ce5fffff,22.3642596774194,87.0174196774193,1.71451612903226,6.81,306.97935483871,330.83,283.249032258065,296.82,0.967741935483871,0.0,2026-08-29,2,1,1,7,3,10,5,16,9,0.3,668.557603640571,0.0,0.0,4842.45560582568,0.0,0.0,1.0,0.0,6114.15680688994,30579.4141005546,0.0,1.0,,,,,,False
883cab6dd9fffff,22.35898,87.0153,3.22,3.22,302.37,302.37,281.84,281.84,1.0,0.0,2026-08-08,23,0,0,0,0,0,0,1,1,0.0333333333333333,985.079020227689,0.0,0.0,4251.78612800692,0.0,0.0,1.0,0.0,4921.41975355859,32616.2826154125,0.0,1.0,,,,,,False
883cab6ddbfffff,22.3606861538462,87.0181038461538,1.33,2.39,305.654615384615,311.46,281.388461538462,291.16,1.0,0.0,2026-08-29,2,1,1,2,2,5,4,9,8,0.266666666666667,645.550906903565,0.0,0.0,4451.95171543141,0.0,0.0,1.0,0.0,5564.9335772853,32652.3578967554,0.0,1.0,,,,,,False
883cabc185fffff,22.7959583333333,86.2071883333333,2.95416666666667,5.59,317.26,339.22,282.276666666667,290.83,0.916666666666667,0.0,2026-08-31,0,1,1,3,2,5,4,9,6,0.2,150.036874551046,0.0,48.0,133.862669170451,1.0,653.0,1632.0,6071.09795763713,313257.619314927,1313927.85520453,2.0,16.0,,,,,,False
883cabc18dfffff,22.79911,86.20488,1.78,1.78,308.11,308.11,277.32,277.32,1.0,0.0,2026-08-11,20,0,0,0,0,0,0,1,1,0.0333333333333333,26.7518248942266,0.0,90.0,465.248996218196,3.0,485.0,1604.0,12111.8179664834,307777.067109343,1339542.64090433,2.0,15.0,,,,,,False
883cabc1a1fffff,22.784385,86.20676,4.045,5.76,320.735,330.33,292.495,296.08,0.5,0.0,2026-08-19,12,0,0,0,0,1,1,1,1,0.0333333333333333,18.0918703521509,0.0,13.0,38.7086340346771,3.0,717.0,1741.0,4508.98563507712,295556.682126799,1246596.88776363,1.0,17.0,,,,,,False
883cabc1a9fffff,22.7888484210526,86.2039494736842,2.33105263157895,8.88,308.050526315789,335.59,284.708421052632,296.14,0.894736842105263,0.0,2026-08-25,6,2,1,2,1,6,2,11,5,0.166666666666667,30.2025798355929,0.0,3.0,249.818849798151,2.0,729.0,1860.0,2366.02588207207,309456.384822758,1290405.61209669,1.0,15.0,,,,,,False
883cabc1abfffff,22.7902469230769,86.2104915384615,2.66846153846154,4.63,306.671538461538,334.08,285.469230769231,291.97,0.923076923076923,0.0,2026-08-20,11,0,0,0,0,4,2,8,6,0.2,48.0159101563603,0.0,54.0,187.677800932131,4.0,719.0,1686.0,6792.27695580921,315692.658635119,1276273.29695304,2.0,18.0,,,,,,False
883cabc1adfffff,22.78325,86.20175,0.97,0.97,300.43,300.43,268.66,268.66,1.0,0.0,2026-08-15,16,0,0,0,0,0,0,1,1,0.0333333333333333,77.1934108547615,0.0,12.0,28.0219161175563,8.0,557.0,1921.0,5599.1463333696,292487.776634769,1238688.02354093,1.0,16.0,,,,,,False
883cabc1e1fffff,22.79361,86.19175,1.46,1.46,307.8,307.8,288.8,288.8,1.0,0.0,2026-07-29,33,0,0,0,0,0,0,0,0,0.0,98.8988043153533,0.0,25.0,292.525481378102,5.0,394.0,1969.0,6362.95609474676,295098.89159881,1306887.02534408,1.0,17.0,,,,,,False
883cabc1e3fffff,22.7953175,86.19760875,2.4475,5.16,308.4925,311.6,288.2325,290.67,1.0,0.0,2026-08-20,11,0,0,0,0,4,2,5,3,0.1,51.5513378251372,0.0,6.0,541.794718481202,0.0,531.0,1924.0,4763.31223340159,301487.286624115,1353290.76871342,1.0,14.0,,,,,,False
883cabc1e7fffff,22.7899189473684,86.1962494736842,2.53684210526316,4.37,308.035789473684,333.15,283.767368421053,295.38,0.947368421052632,0.0,2026-08-25,6,1,1,1,1,6,3,13,8,0.266666666666667,93.8279032337584,0.0,4.0,514.002102243117,0.0,528.0,1986.0,3375.72962764117,303559.367166028,1292251.53838014,1.0,15.0,,,,,,False
883cabd365fffff,22.943,85.96716,0.48,0.48,299.72,299.72,275.76,275.76,1.0,0.0,2026-08-16,15,0,0,0,0,0,0,1,1,0.0333333333333333,453.120995023826,0.0,6.0,721.579257440119,0.0,11.0,21.0,243.48850175122,17774.1946154536,49306.1593817244,1.0,13.0,,,,,,False
883cabd367fffff,22.94316,85.96852,1.22,1.22,302.4,302.4,288.57,288.57,1.0,0.0,2026-08-19,12,0,0,0,0,1,1,1,1,0.0333333333333333,333.855190136035,0.0,6.0,783.240106872616,0.0,12.0,21.0,974.609386193428,17789.5297082703,49718.2165112073,1.0,13.0,,,,,,False
883cabd751fffff,23.02939,86.16188,1.47,1.47,298.88,298.88,288.12,288.12,1.0,0.0,2026-07-29,33,0,0,0,0,0,0,0,0,0.0,551.684647796951,0.0,0.0,,0.0,0.0,1.0,0.0,7515.09768906091,34283.0160718294,0.0,0.0,3822901583.0,,23.3320464,86.362422,39294.2210039621,True
883cabd829fffff,22.78704,86.00527,1.38,1.38,303.89,303.89,289.48,289.48,1.0,0.0,2026-07-29,33,0,0,0,0,0,0,0,0,0.0,505.090112423249,0.0,1.0,445.688298252199,1.0,15.0,104.0,0.0,7175.70965322352,34342.5730346938,1.0,13.0,,,,,,False
883cabd82dfffff,22.78345,86.00488,2.4,2.4,300.33,300.33,282.88,282.88,1.0,0.0,2026-08-07,24,0,0,0,0,0,0,1,1,0.0333333333333333,474.451692393047,0.0,1.0,799.612758431988,0.0,38.0,105.0,266.31092811134,8004.72478101958,37931.560580753,0.0,13.0,,,,,,False
883cabd883fffff,22.8008471428571,86.0908885714286,2.55285714285714,3.35,315.215714285714,332.6,286.034285714286,290.28,0.857142857142857,0.0,2026-08-27,4,2,2,3,3,3,3,6,5,0.166666666666667,387.227060530054,0.0,3.0,299.845739640031,3.0,18.0,214.0,597.525702872655,59263.1110443802,195928.447781328,2.0,15.0,,,,,,False
883cabd887fffff,22.7989566666667,86.0904033333333,1.64333333333333,2.12,305.563333333333,306.62,279.18,288.98,1.0,0.0,2026-08-16,15,0,0,0,0,0,0,2,2,0.0666666666666667,191.22159448398,0.0,3.0,514.157589309198,0.0,17.0,218.0,769.027238152032,52069.1252817119,194230.229693472,2.0,15.0,,,,,,False
883cabd88bfffff,22.8103457142857,86.0882642857143,1.60285714285714,2.12,303.72,306.38,287.738571428571,289.26,1.0,0.0,2026-08-10,21,0,0,0,0,0,0,4,3,0.1,48.8709158812855,0.0,4.0,702.753166624843,0.0,97.0,168.0,1590.27366060165,72594.2329731288,181435.245909016,1.0,9.0,,,,,,False
883cabd8b9fffff,22.79791,86.09154,2.275,3.39,302.115,305.22,281.56,288.34,1.0,0.0,2026-08-22,9,0,0,1,1,1,1,2,2,0.0666666666666667,109.719155103658,0.0,3.0,592.356590711801,0.0,18.0,214.0,691.674032736348,49984.4697491673,199599.06996232,1.0,15.0,,,,,,False
883cabd8d7fffff,22.81711,86.08775,1.28,1.28,302.61,302.61,289.23,289.23,1.0,0.0,2026-07-29,33,0,0,0,0,0,0,0,0,0.0,63.3790892148135,0.0,11.0,213.383186336976,4.0,100.0,167.0,5514.56859613145,73154.9873966353,172843.583655197,1.0,10.0,,,,,,False
883cabda81fffff,22.857155,86.055795,0.795,1.07,305.29,306.06,282.7,286.56,1.0,0.0,2026-07-31,31,0,0,0,0,0,0,0,0,0.0,76.0256298567688,0.0,7.0,199.616499468768,2.0,16.0,127.0,2591.24209504548,27110.6253266101,82535.7991540958,1.0,6.0,,,,,,False
883cabdad1fffff,22.8752766666667,86.0602333333333,2.38333333333333,3.49,306.246666666667,309.68,287.193333333333,289.8,1.0,0.0,2026-08-19,12,0,0,0,0,1,1,3,3,0.1,194.872143244894,0.0,0.0,1371.30529164642,0.0,11.0,75.0,969.284787046982,14202.6621922503,68527.0594864155,1.0,8.0,,,,,,False
883cabdad3fffff,22.875165,86.063225,1.48,1.85,308.915,311.63,287.5,288.3,1.0,0.0,2026-07-31,31,0,0,0,0,0,0,0,0,0.0,109.905334161633,0.0,0.0,1456.93348458707,0.0,11.0,96.0,1077.25066940927,13646.9153476592,70106.2295471024,1.0,8.0,,,,,,False
883cabdad7fffff,22.87332,86.0625516666667,1.52833333333333,4.38,305.700833333333,316.62,282.7825,290.39,1.0,0.0,2026-08-22,9,0,0,2,1,4,3,9,6,0.2,75.2729360899536,0.0,0.0,1631.29272483715,0.0,11.0,81.0,986.824239228588,13911.9691745893,66510.3424132496,1.0,8.0,,,,,,False
883cad6d0dfffff,24.14523,86.33312,3.46,3.46,317.53,317.53,288.81,288.81,1.0,0.0,2026-08-26,5,1,1,1,1,1,1,1,1,0.0333333333333333,964.691800596029,0.0,0.0,1797.24339616129,0.0,5.0,70.0,0.0,15773.5200985387,58045.4903970991,1.0,7.0,,,,,,False
883cad6d23fffff,24.118865,86.350295,1.8,2.39,304.28,306.14,286.09,289.63,1.0,0.0,2026-08-23,8,0,0,1,1,1,1,2,2,0.0666666666666667,112.084373303658,0.0,0.0,1007.95712078372,0.0,11.0,14.0,1544.77656695459,17550.0676541826,42051.179322088,1.0,6.0,,,,,,False
883cad6d35fffff,24.11925,86.35555,0.67,0.67,302.26,302.26,284.47,284.47,1.0,0.0,2026-07-25,37,0,0,0,0,0,0,0,0,0.0,55.0247347877918,0.0,8.0,472.437430062905,2.0,11.0,14.0,1909.34108735192,17649.8516936126,42195.9408598311,1.0,5.0,,,,,,False
883cb00309fffff,21.00937,80.87962,1.13,1.13,303.97,303.97,289.74,289.74,1.0,0.0,2026-08-01,30,0,0,0,0,0,0,0,0,0.0,486.508018608549,1740.06016141419,1.0,699.848475800301,0.0,1.0,52.0,226.705010104127,18398.494079234,64617.2152520482,0.0,0.0,,,,,,False
883cb0344bfffff,21.1928966666667,81.4151666666667,2.34333333333333,3.83,311.623333333333,320.71,274.456666666667,292.14,1.0,0.0,2026-07-27,35,0,0,0,0,0,0,0,0,0.0,199.780161174295,21316.2892392834,7.0,268.776666739038,5.0,154.0,352.0,6769.38798164684,141224.041565607,579771.931282708,1.0,8.0,,,,,,False
883cb0345dfffff,21.19331,81.41738,1.67,1.67,311.72,311.72,267.23,267.23,1.0,0.0,2026-07-13,49,0,0,0,0,0,0,0,0,0.0,144.352399365941,25366.4595935417,14.0,212.065312295419,4.0,147.0,354.0,8635.3985848915,142555.331621888,564612.101907951,2.0,8.0,,,,,,False
883cb03601fffff,21.21967,81.39117,0.82,0.82,307.04,307.04,289.54,289.54,1.0,0.0,2026-08-12,19,0,0,0,0,0,0,1,1,0.0333333333333333,39.8303081279478,51348.219672121,0.0,1100.93486946236,0.0,52.0,516.0,10153.8756319382,297000.915028507,945206.50794928,1.0,10.0,,,,,,False
883cb03621fffff,21.19365,81.39023,1.27,1.27,312.39,312.39,290.55,290.55,1.0,0.0,2026-08-25,6,1,1,1,1,1,1,1,1,0.0333333333333333,46.8411280372833,13717.9122500025,30.0,24.2532279242263,14.0,196.0,328.0,2236.13159031094,183238.11479765,802283.451280316,1.0,10.0,,,,,,False
883cb03623fffff,21.1945,81.39828,2.1,2.1,317.88,317.88,289.66,289.66,1.0,0.0,2026-08-12,19,0,0,0,0,0,0,1,1,0.0333333333333333,19.2980017575368,13160.107767431,17.0,235.357738440872,2.0,165.0,306.0,3365.62518891905,157439.49768226,716203.822893116,1.0,10.0,,,,,,False
883cb03625fffff,21.190315,81.3884,4.12,6.48,316.585,332.09,287.05,293.59,0.5,0.0,2026-08-01,30,0,0,0,0,0,0,0,0,0.0,170.428022628212,11496.5338854361,40.0,199.556537364592,16.0,199.0,320.0,1616.73963817861,150708.803283119,797981.854322159,1.0,11.0,,,,,,False
883cb03627fffff,21.1890016666667,81.3918666666667,1.59166666666667,2.81,305.858333333333,312.27,283.835,290.96,1.0,0.0,2026-08-25,6,2,1,2,1,2,1,4,3,0.1,111.716794450816,10633.2168056824,29.0,415.724763376546,4.0,195.0,312.0,2497.42180447548,127250.283470163,732714.045279855,1.0,10.0,,,,,,False
883cb03635fffff,21.19639,81.41189,2.93,2.93,307.28,307.28,281.28,281.28,1.0,0.0,2026-08-25,6,1,1,1,1,1,1,1,1,0.0333333333333333,273.044783246249,16410.8637630091,16.0,667.634567274888,0.0,150.0,348.0,1618.67937084024,160643.388600166,625995.27271229,1.0,9.0,,,,,,False
883cb03637fffff,21.1964716666667,81.4170866666667,5.19,16.41,327.316666666667,342.85,290.428333333333,294.86,0.5,0.0,2026-08-25,6,2,1,3,2,3,2,3,2,0.0666666666666667,256.39589077718,26252.7963285075,18.0,548.248477237719,0.0,131.0,350.0,2601.9099435259,161246.986510985,588144.691165221,1.0,8.0,,,,,,False
883cb03711fffff,21.1770733333333,81.38356,3.46,6.9,316.133333333333,334.02,292.146666666667,292.96,0.666666666666667,0.0,2026-08-23,8,0,0,1,1,1,1,1,1,0.0333333333333333,132.120781354757,10706.3193244092,18.0,22.7978731904725,6.0,192.0,412.0,2958.23972593312,70112.8205272083,699430.500235776,1.0,6.0,,,,,,False
883cb03719fffff,21.182024,81.381994,2.23,3.66,311.426,329.97,288.068,290.28,1.0,0.0,2026-08-25,6,2,1,2,1,2,1,5,3,0.1,266.599697225989,9031.4006752479,43.0,216.077526768448,14.0,198.0,350.0,1409.18437796038,96967.4872746354,788145.36128856,1.0,7.0,,,,,,False
883cb0371bfffff,21.1832757142857,81.3875778571429,2.845,6.91,312.336428571429,334.48,286.828571428571,295.16,1.0,0.0,2026-08-25,6,1,1,1,1,1,1,5,3,0.1,26.9327391356127,7181.33976753803,31.0,321.322420376235,6.0,187.0,319.0,1939.57614833396,88414.3014094892,725305.773945618,1.0,8.0,,,,,,False
883cb0a8a5fffff,21.19,81.1990766666667,1.18666666666667,1.43,308.156666666667,309.08,291.523333333333,293.29,1.0,0.0,2026-08-25,6,1,1,1,1,1,1,1,1,0.0333333333333333,16.1315558490966,19563.3386023739,0.0,2547.52965523367,0.0,0.0,2.0,5512.58029585636,70257.4686169758,217148.108804273,1.0,2.0,,,,,,False
883cb10d2dfffff,21.21132,82.13687,1.14,1.14,305.64,305.64,290.21,290.21,1.0,0.0,2026-07-30,32,0,0,0,0,0,0,0,0,0.0,468.128374510881,6003.22471927695,0.0,1324.43183821964,0.0,1.0,1.0,432.710088329539,31011.9825900249,87672.1066350424,0.0,0.0,,,,,,False
883cb18411fffff,21.80323,82.039455,1.725,2.72,297.085,298.4,275.475,275.57,1.0,0.0,2026-08-12,19,0,0,0,0,0,0,1,1,0.0333333333333333,1921.3793477342,0.0,0.0,1141.39053769947,0.0,2.0,8.0,0.0,4588.1525096404,57899.7664392331,0.0,0.0,,,,,,False
883cb18417fffff,21.801698,82.040332,0.98,1.56,300.526,304.74,275.802,283.12,1.0,0.0,2026-08-02,29,0,0,0,0,0,0,2,1,0.0333333333333333,1875.72823282723,0.0,1.0,950.203454547165,0.0,1.0,8.0,0.0,4332.4096752123,56084.8199691383,0.0,0.0,,,,,,False
883cb18857fffff,21.60441,81.8241,0.69,0.69,302.4,302.4,287.0,287.0,1.0,0.0,2026-07-30,32,0,0,0,0,0,0,0,0,0.0,964.590237882805,516.257653944603,0.0,1867.57023692442,0.0,1.0,3.0,0.0,12883.7489212529,47398.2219694035,0.0,0.0,,,,,,False
883cb18a3dfffff,21.6227283333333,81.7943966666667,0.9,1.77,301.773333333333,308.07,282.918333333333,288.51,1.0,0.0,2026-08-01,30,0,0,0,0,0,0,0,0,0.0,700.545534825162,1575.84970660811,0.0,1800.06589648933,0.0,1.0,3.0,0.0,10864.0934340941,48342.5527089611,0.0,0.0,,,,,,False
883cb18b23fffff,21.56129,81.75552,2.0,2.0,308.68,308.68,288.46,288.46,1.0,0.0,2026-08-01,30,0,0,0,0,0,0,0,0,0.0,306.893624100394,1998.08368682062,0.0,3640.773100636,0.0,0.0,4.0,786.959901578277,13420.6535626889,42482.8420856404,1.0,4.0,,,,,,False
883cb18db1fffff,21.57609,82.02261,1.34,1.34,312.33,312.33,290.67,290.67,1.0,0.0,2026-08-09,22,0,0,0,0,0,0,1,1,0.0333333333333333,1188.18361617998,0.0,0.0,2201.68069964542,0.0,1.0,5.0,0.0,7814.31007189403,42718.4692313903,1.0,1.0,,,,,,False
883cb1a32dfffff,21.7299,82.21591,1.24,1.24,301.56,301.56,281.85,281.85,1.0,0.0,2026-08-14,17,0,0,0,0,0,0,1,1,0.0333333333333333,37.1334245444901,8981.86346062014,0.0,1267.48536364514,0.0,1.0,3.0,3858.24311712474,14672.4754289694,62082.5372459069,1.0,1.0,,,,,,False
883cb1a367fffff,21.7307,82.21486,1.485,1.78,307.99,309.17,287.715,287.73,1.0,0.0,2026-08-25,6,1,1,1,1,1,1,1,1,0.0333333333333333,57.6103854015655,8069.31430949931,0.0,1323.44603200158,0.0,1.0,3.0,4129.12353666013,14652.4186954974,62490.3346908232,1.0,1.0,,,,,,False
883cb1b8dbfffff,21.72969,82.21273,1.54,1.54,307.73,307.73,290.31,290.31,1.0,0.0,2026-08-09,22,0,0,0,0,0,0,1,1,0.0333333333333333,40.6610648006825,8125.06285465696,0.0,1180.8247797259,0.0,1.0,3.0,3657.21127867447,14913.7324221478,62080.8809891443,1.0,1.0,,,,,,False
883cb1b93dfffff,21.63124,82.11251,0.62,0.62,304.85,304.85,285.92,285.92,1.0,0.0,2026-08-01,30,0,0,0,0,0,0,0,0,0.0,555.352725603615,1712.4741981304,2.0,167.717077327885,1.0,4.0,13.0,0.0,12328.8377540507,59566.1605575613,1.0,2.0,,,,,,False
883cb1bb23fffff,21.67319,82.0807966666667,2.03333333333333,3.52,311.41,319.62,287.706666666667,289.8,1.0,0.0,2026-08-01,30,0,0,0,0,0,0,0,0,0.0,1243.9856182838,0.0,0.0,1237.56365719525,0.0,1.0,6.0,0.0,12965.6925873227,47435.2389278383,1.0,2.0,,,,,,False
883cb1bb35fffff,21.6731166666667,82.0815,2.34666666666667,2.61,306.566666666667,308.34,288.806666666667,290.43,1.0,0.0,2026-07-26,36,0,0,0,0,0,0,0,0,0.0,1196.9493920797,0.0,0.0,1222.77098681899,0.0,1.0,7.0,0.0,13354.3791249359,47303.9083819788,1.0,2.0,,,,,,False
883cb1c011fffff,21.38918,81.64633,1.1,1.1,305.04,305.04,288.18,288.18,1.0,0.0,2026-07-07,55,0,0,0,0,0,0,0,0,0.0,195.080320540111,7084.91096797746,0.0,949.638967548193,0.0,10.0,14.0,2718.11325684638,23048.3329688088,135583.326860407,1.0,8.0,,,,,,False
883cb1c013fffff,21.38851,81.64832,2.02,2.02,307.23,307.23,288.47,288.47,1.0,0.0,2026-07-31,31,0,0,0,0,0,0,0,0,0.0,116.43531671613,7197.17315160177,0.0,977.429408521274,0.0,12.0,14.0,3324.9590071502,27183.3401807416,138456.792659281,1.0,9.0,,,,,,False
883cb1c015fffff,21.376624,81.6408,2.122,3.01,304.94,308.65,284.102,289.38,1.0,0.0,2026-08-14,17,0,0,0,0,0,0,3,3,0.1,333.071443921553,3512.2768681134,2.0,143.36950370846,2.0,12.0,13.0,662.178200951086,26936.8237359142,139682.319540896,1.0,10.0,,,,,,False
883cb1c01bfffff,21.391375,81.64632,1.17,1.61,302.415,303.81,280.68,284.12,1.0,0.0,2026-08-25,6,1,1,1,1,1,1,1,1,0.0333333333333333,38.762369033112,6233.750587294,0.0,1179.94837666085,0.0,2.0,14.0,2877.21113162159,19923.1289237403,131618.098608776,1.0,8.0,,,,,,False
883cb1c03bfffff,21.37491,81.6418533333333,2.80666666666667,3.58,305.57,309.0,286.796666666667,289.59,1.0,0.0,2026-08-25,6,1,1,1,1,1,1,2,2,0.0666666666666667,169.503920946771,3499.22353588625,2.0,309.122173284628,2.0,12.0,13.0,874.137923576027,28838.8903666538,144215.323311365,1.0,10.0,,,,,,False
883cb1c081fffff,21.377726,81.680668,2.114,3.49,308.852,313.2,288.202,289.19,1.0,0.0,2026-08-09,22,0,0,0,0,0,0,1,1,0.0333333333333333,336.824811698762,6783.32493892124,0.0,2945.1019397052,0.0,0.0,15.0,1132.91929522584,42246.7674940472,138004.484939829,1.0,11.0,,,,,,False
883cb1c085fffff,21.3755666666667,81.6803633333333,2.37333333333333,3.85,307.716666666667,314.57,280.29,290.4,1.0,0.0,2026-08-25,6,1,1,1,1,1,1,2,2,0.0666666666666667,410.1620554272,6982.30030768231,0.0,2840.26333867876,0.0,0.0,15.0,426.773344853734,44261.3242836318,139102.211038169,1.0,11.0,,,,,,False
883cb1c087fffff,21.3718975,81.6853,2.1425,3.11,306.9,308.68,288.6275,290.7,1.0,0.0,2026-08-25,6,1,1,1,1,1,1,2,2,0.0666666666666667,189.305035194734,5003.03656521784,0.0,3194.99658998168,0.0,0.0,14.0,2333.28704281322,38771.5953656007,139102.353005412,3.0,12.0,,,,,,False
883cb1c08dfffff,21.37752,81.67648,1.85,1.85,303.65,303.65,277.68,277.68,1.0,0.0,2026-08-25,6,1,1,1,1,1,1,1,1,0.0333333333333333,19.3523041720578,6047.11201134396,0.0,2533.49326303649,0.0,0.0,15.0,1108.69891301489,46511.4606785781,140664.208986084,1.0,12.0,,,,,,False
883cb1c0abfffff,21.364485,81.67898,2.645,3.31,304.52,306.52,286.34,289.6,1.0,0.0,2026-08-25,6,1,1,1,1,1,1,2,2,0.0666666666666667,90.7463590735014,8171.80132626244,0.0,2622.90076302299,0.0,0.0,13.0,1334.68363420822,50033.3504116867,153304.793036093,2.0,13.0,,,,,,False
883cb1c0e5fffff,21.36383,81.65446,1.52,1.52,306.94,306.94,287.29,287.29,1.0,0.0,2026-08-09,22,0,0,0,0,0,0,1,1,0.0333333333333333,80.7337310117709,12304.7560518593,10.0,351.604953247183,8.0,12.0,13.0,2526.19505905088,65521.7424856527,174390.606366749,1.0,13.0,,,,,,False
883cb1c123fffff,21.30871,81.590545,1.74,2.03,305.72,311.2,286.38,290.29,1.0,0.0,2026-08-12,19,0,0,0,0,0,0,2,2,0.0666666666666667,282.453129558714,7524.48242762941,13.0,818.821158098856,0.0,107.0,292.0,709.136275170868,68085.3612205402,428236.201556759,1.0,11.0,,,,,,False
883cb1c129fffff,21.31614,81.5776,1.74,1.74,296.12,296.12,284.69,284.69,1.0,0.0,2026-07-24,38,0,0,0,0,0,0,0,0,0.0,153.593871928721,3795.70919009579,12.0,102.258321123355,6.0,36.0,136.0,1107.43559659717,39246.7595234413,240616.512676082,1.0,8.0,,,,,,False
883cb1c137fffff,21.29999,81.60863,0.96,0.96,305.34,305.34,285.78,285.78,1.0,0.0,2026-07-07,55,0,0,0,0,0,0,0,0,0.0,109.460850194705,18649.257174041,5.0,584.399334256549,0.0,128.0,1113.0,3698.20949387407,151688.881265182,684166.440976057,1.0,14.0,,,,,,False
883cb1c13dfffff,21.31067,81.59203,1.0675,1.29,306.43,309.73,287.49,290.05,1.0,0.0,2026-08-25,6,1,1,1,1,1,1,2,2,0.0666666666666667,183.446608104696,7840.38569993914,13.0,629.328201053028,0.0,78.0,246.0,1948.14791661976,68403.4465559974,416967.658608824,1.0,11.0,,,,,,False
883cb1c16dfffff,21.31799,81.55822,1.26,1.26,308.73,308.73,289.56,289.56,1.0,0.0,2026-08-09,22,0,0,0,0,0,0,1,1,0.0333333333333333,191.088620191974,11404.4804265184,0.0,1914.04513780226,0.0,10.0,125.0,4013.5931616877,42081.6571587538,175949.178854509,0.0,7.0,,,,,,False
883cb1c199fffff,21.3443533333333,81.66819,1.47333333333333,2.43,305.563333333333,307.44,286.626666666667,291.05,1.0,0.0,2026-08-09,22,0,0,0,0,0,0,1,1,0.0333333333333333,305.032379532493,4787.27253846607,0.0,2933.34875779722,0.0,0.0,311.0,1220.42114669776,66274.7031194031,248717.593965768,1.0,16.0,,,,,,False
883cb1c1d3fffff,21.348905,81.66479,2.875,3.89,309.17,312.21,286.735,287.19,1.0,0.0,2026-08-11,20,0,0,0,0,0,0,1,1,0.0333333333333333,28.1470250228996,13353.6589667897,0.0,2318.52782571229,0.0,10.0,14.0,2735.05104079887,66830.6519793371,229614.223536334,1.0,16.0,,,,,,False
883cb1c611fffff,21.48869,81.77155,0.53,0.53,296.31,296.31,271.59,271.59,1.0,0.0,2026-07-26,36,0,0,0,0,0,0,0,0,0.0,574.837662204897,1858.85247436521,0.0,1702.83312855199,0.0,1.0,1.0,0.0,13406.3062205687,45829.3000567997,1.0,5.0,,,,,,False
883cb1c615fffff,21.4866385714286,81.7689871428571,1.09857142857143,2.05,302.474285714286,310.89,277.507142857143,288.8,1.0,0.0,2026-08-02,29,0,0,0,0,0,0,1,1,0.0333333333333333,799.864884984398,2291.97097470129,0.0,2037.96048565967,0.0,1.0,1.0,0.0,12753.9424788111,45459.9615174384,1.0,4.0,,,,,,False
883cb1c61dfffff,21.48882,81.76712,3.14,3.14,299.05,299.05,276.79,276.79,1.0,0.0,2026-07-30,32,0,0,0,0,0,0,0,0,0.0,603.947076490396,2895.76013982872,0.0,2129.59906490072,0.0,1.0,1.0,0.0,13343.0637082811,44610.1682115643,1.0,4.0,,,,,,False
883cb1c6d5fffff,21.50195,81.81033,0.925,1.31,297.925,298.76,278.335,283.39,1.0,0.0,2026-08-12,19,0,0,0,0,0,0,2,2,0.0666666666666667,1101.52775522842,0.0,0.0,1549.03207785558,0.0,3.0,5.0,0.0,18795.0941332597,68498.3875255114,0.0,7.0,,,,,,False
883cb1cac9fffff,21.29379,81.59311,0.81,0.81,305.98,305.98,287.1,287.1,1.0,0.0,2026-08-12,19,0,0,0,0,0,0,1,1,0.0333333333333333,247.538532197695,8733.11047976943,72.0,412.505964754554,26.0,138.0,1000.0,1597.31795745514,88741.7307763353,650886.192027673,1.0,11.0,,,,,,False
883cb1cacbfffff,21.2987575,81.607375,1.1775,2.09,307.0525,310.96,284.5075,288.41,1.0,0.0,2026-08-12,19,0,0,0,0,0,0,1,1,0.0333333333333333,236.371875519714,17434.6056321299,4.0,530.723552584328,0.0,132.0,1115.0,2459.76044957308,148477.246508203,693588.186073179,1.0,14.0,,,,,,False
883cb1caddfffff,21.29875,81.60899,2.435,3.09,321.605,330.83,293.82,297.84,0.5,0.0,2026-08-09,22,0,0,0,0,0,0,1,1,0.0333333333333333,80.2676656032903,18509.2207451154,4.0,445.820096812849,1.0,128.0,1117.0,3305.90101428985,155525.875557344,700517.746284647,1.0,14.0,,,,,,False
883cb1cdddfffff,21.24517,81.76959,1.53,1.85,306.305,307.98,289.41,289.61,1.0,0.0,2026-08-25,6,1,1,1,1,1,1,2,2,0.0666666666666667,0.386387121969245,5970.814302392,0.0,1667.3420129372,0.0,17.0,300.0,3424.02444181187,48498.496236804,226288.403424212,2.0,7.0,,,,,,False
883cb1ce8bfffff,21.34055,81.77967,0.31,0.31,297.66,297.66,281.57,281.57,1.0,0.0,2026-07-30,32,0,0,0,0,0,0,0,0,0.0,783.984946011937,2369.06276786418,0.0,2174.96714980587,0.0,1.0,1.0,0.0,16781.9463895158,66489.2969211916,0.0,0.0,,,,,,False
883cb410e3fffff,21.79304,80.01843,1.81,1.81,304.99,304.99,290.41,290.41,1.0,0.0,2026-07-10,52,0,0,0,0,0,0,0,0,0.0,146.888395436748,2893.48712365704,0.0,2271.61938224034,0.0,15.0,29.0,932.69821556905,22257.7842463224,101642.853367221,0.0,0.0,,,,,,False
883ce45a45fffff,26.41152,89.41228,2.71,2.71,295.54,295.54,284.45,284.45,1.0,0.0,2026-08-29,2,1,1,1,1,1,1,1,1,0.0333333333333333,366.632535405318,0.0,0.0,2698.27159126172,0.0,0.0,64.0,678.653290877068,11001.7374518467,89329.1658373627,0.0,0.0,4506616174.0,Cooch Behar Fire Service,26.3203356,89.4532897,10903.8528969694,True
883cf05327fffff,23.26589,88.54272,0.51,0.51,306.54,306.54,281.5,281.5,1.0,0.0,2026-08-02,29,0,0,0,0,0,0,1,1,0.0333333333333333,12.8993833994922,0.0,11.0,594.598291409582,0.0,14.0,16.0,6709.95950090119,74471.8525478258,177339.155435649,0.0,0.0,1074780708.0,,23.0992922,88.5479031750034,18456.0861569641,True
883cf66431fffff,22.8720866666667,88.21298,1.30333333333333,1.99,306.63,308.55,285.926666666667,290.16,1.0,0.0,2026-08-11,20,0,0,0,0,0,0,1,1,0.0333333333333333,103.400403779462,0.0,2.0,627.088594822891,0.0,4.0,10.0,4992.11162093338,85382.8406653139,346790.596462225,1.0,4.0,13929240872.0,তারকেশ্বর অগ্নিনির্বাপন পরিষেবা কেন্দ্র,22.882049,88.0246272,19354.7234160981,True
883cf6643bfffff,22.87357,88.21239,1.09,1.09,305.31,305.31,286.46,286.46,1.0,0.0,2026-08-09,22,0,0,0,0,0,0,1,1,0.0333333333333333,169.753795557161,0.0,2.0,555.567372829262,0.0,4.0,14.0,4520.40136932382,82071.8051985517,341959.983644261,1.0,4.0,13929240872.0,তারকেশ্বর অগ্নিনির্বাপন পরিষেবা কেন্দ্র,22.882049,88.0246272,19285.4958674841,True
883cf69b27fffff,23.4879,87.3685,0.845,1.01,303.31,306.83,281.73,283.7,1.0,0.0,2026-08-11,20,0,0,0,0,0,0,1,1,0.0333333333333333,198.721559538626,0.0,0.0,1161.856371987,0.0,3.0,2031.0,2072.04811926256,68895.1240717559,445333.297546325,1.0,17.0,6757753082.0,,23.5384626,87.2951191,9351.89239243749,True
883cf6b281fffff,23.717775,87.97699,216.63,348.59,240.515,273.1,292.67,292.89,0.0,0.0,2026-07-18,44,0,0,0,0,0,0,0,0,0.0,649.348558482055,0.0,0.0,2128.3298324093,0.0,6.0,28.0,0.0,50100.3831610222,192031.361109316,0.0,0.0,375705231.0,Kandi Fire Station,23.9491697,88.0304213046391,26192.9807901363,True
883cf6b283fffff,23.71875,87.98292,84.67,84.67,207.93,207.93,292.72,292.72,0.0,0.0,2026-07-18,44,0,0,0,0,0,0,0,0,0.0,1032.14234132538,0.0,0.0,2161.2339841179,0.0,12.0,29.0,0.0,52061.2758272845,187720.446760112,0.0,0.0,375705231.0,Kandi Fire Station,23.9491697,88.0304213046391,25968.12305615,True
883cf6b287fffff,23.71473,87.97963,84.67,84.67,367.0,367.0,291.34,291.34,0.0,1.0,2026-07-18,44,0,0,0,0,0,0,0,0,0.0,863.934929588749,0.0,0.0,2361.31180078459,0.0,1.0,28.0,0.0,50803.438015244,191353.056802168,0.0,0.0,375705231.0,Kandi Fire Station,23.9491697,88.0304213046391,26469.0249277604,True
883d004c4dfffff,32.80239,79.00343,12.34,12.34,347.87,347.87,316.79,316.79,0.0,0.0,2026-07-13,49,0,0,0,0,0,0,0,0,0.0,251.098224238794,1939.07602991634,0.0,1273.5705926473,0.0,16.0,155.0,843.02828906236,11680.3823782245,37104.8066241763,0.0,0.0,,,,,,False
883d02cd5dfffff,32.00008,78.53585,14.92,20.93,343.195,343.6,308.02,309.57,0.0,0.0,2026-08-24,7,0,0,2,1,2,1,2,1,0.0333333333333333,,0.0,0.0,,0.0,0.0,45.0,0.0,0.0,8257.74988889831,0.0,1.0,,,,,,False
883d046b41fffff,33.43012,78.19984,1.48,1.48,302.75,302.75,281.21,281.21,1.0,0.0,2026-08-20,11,0,0,0,0,1,1,1,1,0.0333333333333333,194.557122911861,2455.41484466641,19.0,128.217303972142,17.0,19.0,57.0,1320.05170357162,5637.37129960746,12025.4146850303,0.0,0.0,,,,,,False
883d0499abfffff,34.15832,77.61065,0.65,0.65,299.54,299.54,283.89,283.89,1.0,0.0,2026-08-09,22,0,0,0,0,0,0,1,1,0.0333333333333333,949.908840727245,51.4145975183081,4.0,454.409804640849,3.0,1087.0,4027.0,0.0,22262.144157592,198395.478034921,0.0,2.0,,,,,,False
883d12108dfffff,29.63628,77.26997,4.27,4.27,334.98,334.98,290.38,290.38,0.0,0.0,2026-08-02,29,0,0,0,0,0,0,1,1,0.0333333333333333,88.7261569391873,7257.01566542536,0.0,1069.24447873411,0.0,1.0,6.0,2157.5755849288,41452.9913193321,175657.757304385,0.0,0.0,,,,,,False
883d12a247fffff,29.97257,77.51968,0.41,0.41,296.97,296.97,274.77,274.77,1.0,0.0,2026-08-16,15,0,0,0,0,0,0,1,1,0.0333333333333333,80.597861290128,55619.9194498557,5.0,416.663617280613,3.0,51.0,243.0,7877.93503477772,330008.174163811,986622.218532744,0.0,4.0,,,,,,False
883d12c025fffff,29.4758458823529,76.8585617647059,3.42882352941176,17.46,314.888235294118,341.77,287.881176470588,293.84,0.823529411764706,0.0,2026-08-30,1,2,2,4,3,6,4,12,8,0.266666666666667,152.063649209642,10018.6259848779,57.0,105.773249987189,18.0,349.0,828.0,2300.86043442034,67076.1805773302,271662.534937386,2.0,12.0,,,,,,False
883d12c111fffff,29.4593258333333,76.8639933333333,15.3275,52.02,330.803333333333,367.0,289.44,297.42,0.583333333333333,0.166666666666667,2026-08-23,8,0,0,7,2,11,3,12,4,0.133333333333333,12.0230243910321,9819.69150350899,135.0,151.318487498097,31.0,568.0,828.0,2053.98224496676,57249.5115459326,262295.556216295,3.0,17.0,,,,,,False
883d12c113fffff,29.45823,76.87273,24.83,24.83,350.27,350.27,291.98,291.98,0.0,0.0,2026-08-22,9,0,0,1,1,1,1,1,1,0.0333333333333333,223.313257177882,9805.79807368416,123.0,319.270452009043,1.0,744.0,828.0,1912.47034108241,65397.4099853811,264578.365598103,1.0,17.0,,,,,,False
883d12c115fffff,29.45864,76.85911,30.37,30.37,330.26,330.26,290.01,290.01,0.0,0.0,2026-08-22,9,0,0,1,1,1,1,1,1,0.0333333333333333,263.455585164181,12320.155670415,101.0,218.382784408242,26.0,475.0,828.0,1778.6684549014,48443.2037881575,243819.913350316,3.0,19.0,,,,,,False
883d12c117fffff,29.4569542105263,76.8677805263158,6.62947368421053,29.94,324.504210526316,352.46,289.519473684211,296.9,0.631578947368421,0.0,2026-08-27,4,2,1,10,3,12,4,14,6,0.2,188.190760004829,6292.97799394842,154.0,78.2782818754944,44.0,615.0,828.0,1844.71195101114,59316.6410900082,258930.296057819,2.0,18.0,,,,,,False
883d12c119fffff,29.473255,76.856825,4.325,4.89,305.935,306.53,288.185,288.66,1.0,0.0,2026-08-20,11,0,0,0,0,1,1,1,1,0.0333333333333333,113.828449240027,9797.70149168433,41.0,276.07675085229,6.0,355.0,828.0,3468.96098268871,63990.809740053,265195.471057671,2.0,12.0,,,,,,False
883d12c1c5fffff,29.46341,76.88279,1.01,1.01,298.15,298.15,275.22,275.22,1.0,0.0,2026-08-29,2,1,1,1,1,1,1,1,1,0.0333333333333333,153.021511121692,6861.56641885882,153.0,0.0,42.0,718.0,828.0,2710.91079281884,82393.4626943467,277029.49482566,1.0,12.0,,,,,,False
883d12c1c7fffff,29.461624,76.890194,2.902,4.24,322.682,333.55,286.736,295.08,0.6,0.0,2026-08-29,2,2,1,3,2,3,2,3,2,0.0666666666666667,270.581707479241,11566.0630102282,145.0,12.5672101537862,54.0,591.0,828.0,3685.10538589915,94370.9973473808,285340.55277949,2.0,13.0,,,,,,False
883d12c1ebfffff,29.4587218181818,76.89036,3.97636363636364,5.64,322.226363636364,335.42,287.85,295.66,0.636363636363636,0.0,2026-08-29,2,7,2,8,3,8,3,8,3,0.1,13.4087539344933,12394.0458813321,110.0,109.223569669037,23.0,551.0,828.0,3949.74649415217,85623.9314100505,281831.408347207,2.0,12.0,,,,,,False
883d12cc43fffff,29.43284,77.00395,3.7,3.7,329.48,329.48,286.1,286.1,1.0,0.0,2026-08-29,2,1,1,1,1,1,1,1,1,0.0333333333333333,12.005213688603,17900.1861165729,0.0,1823.43273453052,0.0,6.0,53.0,3845.05248686212,152150.90060288,722162.559663124,2.0,13.0,,,,,,False
883d12cd69fffff,29.35825,76.95921,1.47,1.47,307.37,307.37,290.96,290.96,1.0,0.0,2026-08-23,8,0,0,1,1,1,1,1,1,0.0333333333333333,92.0208495277032,26954.5754111867,48.0,16.1808555694309,35.0,67.0,287.0,2092.14719040181,246761.572309677,903966.464397115,1.0,32.0,,,,,,False
883d12ce11fffff,29.47375,77.00088,0.41,0.41,305.35,305.35,289.93,289.93,1.0,0.0,2026-07-28,34,0,0,0,0,0,0,0,0,0.0,150.398387430883,6013.19725528555,0.0,5334.66277332789,0.0,0.0,10.0,1783.92617260205,52536.0643439186,371093.948265437,4.0,35.0,,,,,,False
883d136103fffff,29.59351,78.80054,5.23,5.23,295.11,295.11,284.9,284.9,1.0,0.0,2026-07-23,39,0,0,0,0,0,0,0,0,0.0,1382.62042609817,0.0,0.0,,0.0,0.0,1.0,0.0,2488.89884492582,11536.8411296065,0.0,0.0,,,,,,False
883d13c907fffff,29.73349,78.01696,5.29,5.29,332.85,332.85,303.52,303.52,0.0,0.0,2026-08-12,19,0,0,0,0,0,0,1,1,0.0333333333333333,152.562092340648,19452.825096829,0.0,,0.0,0.0,3.0,8741.01208395225,105708.197251742,304756.76755618,0.0,2.0,,,,,,False
883d142101fffff,31.24979625,76.92873875,0.6,0.83,303.8275,305.75,289.98625,292.12,1.0,0.0,2026-08-24,7,0,0,2,2,3,3,6,6,0.2,626.15931161715,1659.67030554393,3.0,230.051292090547,1.0,14.0,18.0,0.0,32588.1169919293,121621.499670293,1.0,2.0,31.0_76.5_station_0,,31.4114767,76.8634132,18973.9020980897,True
883d142109fffff,31.2585009090909,76.9252127272727,1.19909090909091,2.08,302.148181818182,305.34,286.957272727273,291.42,1.0,0.0,2026-08-24,7,0,0,2,2,2,2,6,6,0.2,333.413088194162,4103.75955532172,3.0,269.256614869474,2.0,12.0,17.0,201.167527200432,30614.9526767859,113981.831397344,1.0,1.0,31.0_76.5_station_0,,31.4114767,76.8634132,17952.0006594406,True
883d142143fffff,31.26112,76.91966,0.92,0.92,300.98,300.98,289.65,289.65,1.0,0.0,2026-08-23,8,0,0,1,1,1,1,1,1,0.0333333333333333,55.6579397283624,6278.66723560411,8.0,536.759881972302,0.0,14.0,17.0,2339.6365737376,30059.5513755307,116080.499159566,1.0,1.0,31.0_76.5_station_0,,31.4114767,76.8634132,17509.1311634885,True
883d142351fffff,31.32669,76.89336,0.97,0.97,305.92,305.92,289.85,289.85,1.0,0.0,2026-08-13,18,0,0,0,0,0,0,1,1,0.0333333333333333,13.9620212465603,5081.91877643132,0.0,2573.97642955254,0.0,0.0,8.0,2035.99764403849,35117.115502266,101834.20770626,1.0,1.0,31.0_76.5_station_0,,31.4114767,76.8634132,9822.95137241161,True
883d14235bfffff,31.3287075,76.8951025,0.8125,1.03,305.8025,307.94,290.865,292.7,1.0,0.0,2026-08-24,7,0,0,1,1,1,1,2,2,0.0666666666666667,158.802763146417,7090.23733909494,0.0,2757.36731565478,0.0,0.0,8.0,2498.00347077709,34387.4135599982,98053.0537713463,1.0,1.0,31.0_76.5_station_0,,31.4114767,76.8634132,9659.53541782926,True
883d14301bfffff,31.41325,76.83527,0.81,0.81,305.18,305.18,290.91,290.91,1.0,0.0,2026-08-05,26,0,0,0,0,0,0,1,1,0.0333333333333333,344.669277462407,7483.37022565741,2.0,560.891597600385,0.0,4.0,9.0,580.212409243032,39721.0757550703,146215.832997098,1.0,2.0,31.0_76.5_station_0,,31.4114767,76.8634132,2683.32262513329,True
883d144015fffff,30.89294,76.26231,3.45,3.45,338.89,338.89,297.38,297.38,0.0,0.0,2026-07-05,57,0,0,0,0,0,0,0,0,0.0,3.63928263778238,8461.95655682456,0.0,1765.53029832182,0.0,1.0,57.0,2314.639951222,35724.3097221603,144767.125262884,0.0,0.0,,,,,,False
883d144209fffff,30.94462,76.20167,2.52,2.52,336.27,336.27,298.48,298.48,0.0,0.0,2026-07-05,57,0,0,0,0,0,0,0,0,0.0,641.552504164503,1926.10143877818,1.0,869.343219755867,0.0,5.0,49.0,0.0,42281.5190844793,222027.280135388,0.0,0.0,,,,,,False
883d144239fffff,30.934065,76.22042,6.525,6.79,348.225,349.6,290.495,290.52,0.0,0.0,2026-07-05,57,0,0,0,0,0,0,0,0,0.0,455.932716523861,6024.81665246565,0.0,1920.13561515184,0.0,10.0,51.0,409.938973329737,40988.1231507574,213899.100667086,0.0,0.0,,,,,,False
883d14431dfffff,30.89252,76.1841,13.31,13.31,342.17,342.17,301.2,301.2,0.0,0.0,2026-07-14,48,0,0,0,0,0,0,0,0,0.0,185.943174184486,6504.59481494277,0.0,1030.04808846592,0.0,27.0,86.0,934.759941497847,64463.7640594347,205310.938453018,0.0,5.0,,,,,,False
883d144351fffff,30.9057533333333,76.1776566666667,10.46,13.57,343.08,346.63,298.83,300.17,0.0,0.0,2026-07-15,47,0,0,0,0,0,0,0,0,0.0,65.4624522652028,10082.0487339682,0.0,1052.5655613413,0.0,29.0,139.0,3050.15920073483,74069.3487924793,212044.097275687,0.0,5.0,,,,,,False
883d144353fffff,30.9057,76.18385,5.635,7.42,335.635,336.96,302.955,304.4,0.0,0.0,2026-07-15,47,0,0,0,0,0,0,0,0,0.0,73.8159632462175,20148.1276781742,20.0,461.265711756668,2.0,32.0,125.0,3395.5525010759,87274.9745638406,201298.601030437,0.0,4.0,,,,,,False
883d144369fffff,30.88434,76.14273,2.61,2.61,333.51,333.51,301.18,301.18,0.0,0.0,2026-07-15,47,0,0,0,0,0,0,0,0,0.0,249.702090910122,4085.94789087085,0.0,1925.98930301067,0.0,60.0,111.0,800.914043851216,35735.0433264072,210542.926797084,0.0,6.0,,,,,,False
883d144801fffff,30.73457,76.22543,4.6,4.6,339.6,339.6,299.57,299.57,0.0,0.0,2026-07-16,46,0,0,0,0,0,0,0,0,0.0,69.2572054817896,15425.4525603814,2.0,743.842891582192,0.0,3.0,113.0,2178.79393575077,114818.750435108,566822.60661376,0.0,5.0,,,,,,False
883d144aedfffff,30.77537,76.21571,2.26,2.26,335.57,335.57,300.8,300.8,0.0,0.0,2026-07-15,47,0,0,0,0,0,0,0,0,0.0,268.487548444786,5326.22866555466,0.0,1605.84995862329,0.0,1.0,3.0,718.626445898019,49964.2576971025,210306.479268718,0.0,1.0,,,,,,False
883d14588dfffff,30.82466,76.13155,1.6,1.6,334.08,334.08,296.89,296.89,0.0,0.0,2026-07-05,57,0,0,0,0,0,0,0,0,0.0,30.4277583228492,16969.374926327,0.0,2574.14036636208,0.0,0.0,10.0,2135.90058980872,74017.8427264093,293391.889700055,0.0,35.0,,,,,,False
883d145a47fffff,30.8752,76.01562,3.37,3.37,331.42,331.42,299.34,299.34,0.0,0.0,2026-08-13,18,0,0,0,0,0,0,1,1,0.0333333333333333,5.64086896825217,16568.7406848137,92.0,0.24027851407292,35.0,572.0,1088.0,4952.6734906322,120928.213247516,404456.30295497,0.0,11.0,,,,,,False
883d145a5dfffff,30.89344,76.02016,3.35,3.35,333.41,333.41,296.39,296.39,0.0,0.0,2026-07-03,59,0,0,0,0,0,0,0,0,0.0,37.4795323446744,11389.6475223641,37.0,249.783813846945,14.0,135.0,892.0,4739.55640917276,75108.8494321192,362718.331866146,0.0,8.0,,,,,,False
883d147011fffff,31.0280833333333,76.6176466666667,4.60333333333333,7.16,323.32,333.96,292.57,296.18,1.0,0.0,2026-07-16,46,0,0,0,0,0,0,0,0,0.0,81.8450738790392,2620.4208855419,1.0,342.347657682261,1.0,1.0,1.0,1593.70560390773,16178.595941499,96715.4430791364,0.0,11.0,31.0_76.5_station_0,,31.4114767,76.8634132,48528.7253621563,True
883d14d057fffff,31.33237,75.81205,2.45,2.45,334.81,334.81,300.79,300.79,0.0,0.0,2026-07-05,57,0,0,0,0,0,0,0,0,0.0,312.108393503588,2454.10086845208,0.0,1714.79894912952,0.0,2.0,4.0,795.109381793393,21451.3827134089,134724.598160965,1.0,3.0,,,,,,False
883d14d735fffff,31.35873,75.9233,2.43,2.43,330.85,330.85,299.95,299.95,0.0,0.0,2026-07-07,55,0,0,0,0,0,0,0,0,0.0,420.240732182251,4104.22828896296,0.0,2362.53618391932,0.0,3.0,7.0,544.184559561789,28041.6186432389,168619.371506408,0.0,1.0,,,,,,False
883d152c8dfffff,31.65889,78.40624,5.95,5.95,336.85,336.85,309.66,309.66,0.0,0.0,2026-08-29,2,1,1,1,1,1,1,1,1,0.0333333333333333,972.49275491764,214.108574976144,0.0,,0.0,1.0,3.0,0.0,8229.17305738189,40609.9592366146,0.0,0.0,,,,,,False
883d160245fffff,30.22995,76.24389,7.25,7.25,349.13,349.13,295.06,295.06,0.0,0.0,2026-07-15,47,0,0,0,0,0,0,0,0,0.0,229.849879618029,8732.84982886278,2.0,597.862417507049,0.0,2.0,4.0,1655.57973006213,48798.3044780583,175760.944303194,0.0,6.0,,,,,,False
883d16498dfffff,29.5969466666667,76.1083533333333,5.48,5.9,335.786666666667,338.67,294.956666666667,298.46,0.0,0.0,2026-08-02,29,0,0,0,0,0,0,2,1,0.0333333333333333,34.1423123243518,39961.1887468459,0.0,1942.1672919675,0.0,1.0,8.0,7385.94245742539,146445.833657315,247889.253555365,2.0,4.0,,,,,,False
883d1649e3fffff,29.59424,76.10698,3.14,3.14,333.3,333.3,292.87,292.87,0.0,0.0,2026-08-02,29,0,0,0,0,0,0,1,1,0.0333333333333333,0.40753841279238,37528.3198329257,0.0,2171.22640283673,0.0,1.0,8.0,8785.67438395751,143963.283731871,246034.931908727,2.0,4.0,,,,,,False
883d1649ebfffff,29.59857,76.10577,4.28,4.28,343.58,343.58,293.19,293.19,0.0,0.0,2026-08-02,29,0,0,0,0,0,0,1,1,0.0333333333333333,6.68909775163361,27493.2341055154,0.0,2142.93769635037,0.0,3.0,8.0,1747.87429673484,134174.540176235,247563.577090086,2.0,4.0,,,,,,False
883d166167fffff,29.77292,76.54585,2.6,2.6,305.43,305.43,291.67,291.67,1.0,0.0,2026-07-06,56,0,0,0,0,0,0,0,0,0.0,25.8850518369063,27731.4682739906,0.0,1546.8601517136,0.0,3.0,4.0,8369.068934076,128264.630120892,264793.041609681,0.0,0.0,,,,,,False
883d168499fffff,30.59958,76.29333,6.42,6.42,334.32,334.32,296.72,296.72,0.0,0.0,2026-07-03,59,0,0,0,0,0,0,0,0,0.0,321.680790996757,7113.41632122398,0.0,4324.79045889977,0.0,0.0,5.0,853.212741593289,46063.5116283277,182516.451005233,0.0,17.0,,,,,,False
883d16849dfffff,30.591075,76.28558,5.595,5.75,333.885,336.8,290.64,290.77,0.0,0.0,2026-07-03,59,0,0,0,0,0,0,0,0,0.0,166.851354670225,5160.13186059648,0.0,4849.64582006493,0.0,0.0,4.0,1350.94703283313,41533.9046545979,181431.428350442,0.0,7.0,,,,,,False
883d168713fffff,30.57939,76.16514,4.25,4.25,331.12,331.12,296.3,296.3,0.0,0.0,2026-07-17,45,0,0,0,0,0,0,0,0,0.0,221.972278300799,11615.8363338302,0.0,2516.42227188644,0.0,0.0,6.0,1094.49443967667,56076.0108506932,216840.557914422,0.0,1.0,,,,,,False
883d1eaa13fffff,30.67883,79.97158,7.16,7.16,341.17,341.17,300.44,300.44,0.0,0.0,2026-07-04,58,0,0,0,0,0,0,0,0,0.0,,0.0,0.0,,0.0,0.0,25.0,0.0,0.0,13396.6512040896,0.0,0.0,,,,,,False
883d1eaacdfffff,30.68277,79.97311,8.31,8.31,340.95,340.95,299.05,299.05,0.0,0.0,2026-07-04,58,0,0,0,0,0,0,0,0,0.0,,0.0,0.0,,0.0,0.0,25.0,0.0,0.0,14241.2403593166,0.0,0.0,,,,,,False
883d2255a9fffff,34.31184,76.76282,11.73,11.73,367.0,367.0,307.05,307.05,0.0,1.0,2026-08-27,4,1,1,1,1,1,1,1,1,0.0333333333333333,,0.0,7.0,270.599910207844,3.0,23.0,184.0,0.0,0.0,24397.1251851558,0.0,0.0,,,,,,False
883d300eddfffff,33.00349,75.69512,3.58,3.58,331.17,331.17,301.3,301.3,0.0,0.0,2026-07-04,58,0,0,0,0,0,0,0,0,0.0,83.6159166770519,7617.64655894235,16.0,590.200769312087,0.0,22.0,274.0,2429.16549011292,31757.6568881102,111484.284988593,0.0,0.0,33.0_75.5_station_0,,32.9763512,75.7202814524323,3818.28233980693,True
883d30aae3fffff,33.29054,75.72936,0.62,0.62,299.87,299.87,284.18,284.18,1.0,0.0,2026-08-23,8,0,0,1,1,1,1,1,1,0.0333333333333333,3974.5733589197,0.0,0.0,11197.8890063747,0.0,0.0,8.0,0.0,0.0,49347.3041775982,0.0,0.0,33.0_75.5_station_0,,32.9763512,75.7202814524323,34844.0032044827,True
883d30b167fffff,33.41989,75.5211,0.66,0.66,295.4,295.4,284.35,284.35,1.0,0.0,2026-07-15,47,0,0,0,0,0,0,0,0,0.0,4003.06876713031,0.0,0.0,11200.4297649959,0.0,0.0,0.0,0.0,0.0,1459.07811910899,0.0,0.0,,,,,,False
883d324225fffff,31.53852,75.116435,6.52,7.68,338.885,339.95,297.575,297.84,0.0,0.0,2026-08-28,3,2,1,2,1,2,1,2,1,0.0333333333333333,88.9719509053312,11035.0721237734,0.0,1496.80967004448,0.0,1.0,7.0,2358.14773608743,87458.9766915837,303459.438836246,0.0,2.0,,,,,,False
883d324319fffff,31.53692,75.11433,2.62,2.62,330.56,330.56,297.72,297.72,0.0,0.0,2026-08-29,2,1,1,1,1,1,1,1,1,0.0333333333333333,57.9045693250375,10251.9345909779,0.0,1750.19419765904,0.0,1.0,7.0,2104.4246630897,80560.4659433074,301576.465437109,0.0,2.0,,,,,,False
883d324961fffff,31.30223,75.0976,2.69,2.69,331.03,331.03,300.39,300.39,0.0,0.0,2026-08-24,7,0,0,1,1,1,1,1,1,0.0333333333333333,1017.5636080902,0.0,0.0,2952.52142937422,0.0,0.0,3.0,0.0,11552.25757505,97782.8158665901,0.0,0.0,,,,,,False
883d324aabfffff,31.40735,75.17533,3.22,3.22,332.72,332.72,295.73,295.73,0.0,0.0,2026-07-17,45,0,0,0,0,0,0,0,0,0.0,1494.07913065488,0.0,0.0,1581.86702579909,0.0,1.0,104.0,0.0,5465.14001434597,65302.0557046739,0.0,1.0,,,,,,False
883d324e2dfffff,31.46021,75.26255,7.0,7.0,342.47,342.47,291.43,291.43,0.0,0.0,2026-07-10,52,0,0,0,0,0,0,0,0,0.0,789.222290901523,1610.11587124716,0.0,2377.37011816589,0.0,1.0,3.0,0.0,18760.437772424,119744.090287537,0.0,6.0,,,,,,False
883d324e67fffff,31.46243,75.26495,8.86,8.86,342.15,342.15,290.92,290.92,0.0,0.0,2026-07-10,52,0,0,0,0,0,0,0,0,0.0,508.853302899258,2474.20093363224,0.0,2419.36060246176,0.0,1.0,3.0,0.0,20114.3463122624,119512.765979539,0.0,6.0,,,,,,False
883d324f55fffff,31.44144,75.25272,6.0,6.0,339.13,339.13,300.06,300.06,0.0,0.0,2026-07-16,46,0,0,0,0,0,0,0,0,0.0,588.78786078265,3323.31933586045,0.0,2611.42238142742,0.0,0.0,4.0,0.0,21777.4214943808,110816.577747022,0.0,1.0,,,,,,False
883d324f57fffff,31.44495,75.25894,5.58,5.58,351.56,351.56,301.27,301.27,0.0,0.0,2026-07-15,47,0,0,0,0,0,0,0,0,0.0,254.045511553085,2922.30637451079,0.0,1994.14296186477,0.0,1.0,4.0,1333.35821592173,26131.623537855,110114.822508893,0.0,2.0,,,,,,False
883d326327fffff,31.53144,75.59608,3.49,3.49,331.99,331.99,301.0,301.0,0.0,0.0,2026-07-10,52,0,0,0,0,0,0,0,0,0.0,318.419247055891,6293.99502643318,0.0,2239.24319904803,0.0,1.0,14.0,1178.86309548724,61509.5928790924,302900.520812506,0.0,1.0,,,,,,False
883d326581fffff,31.58428,75.88541,7.07,7.07,336.5,336.5,299.75,299.75,0.0,0.0,2026-08-27,4,1,1,1,1,1,1,1,1,0.0333333333333333,37.1871366710231,16281.8766647709,2.0,399.961215718907,2.0,5.0,33.0,5423.04946341138,71274.2338483989,374027.337612864,0.0,1.0,,,,,,False
883d3266ebfffff,31.68795,75.85299,2.13,2.13,338.05,338.05,296.34,296.34,0.0,0.0,2026-08-16,15,0,0,0,0,0,0,1,1,0.0333333333333333,629.015978411417,2990.1352386499,0.0,4311.68058004552,0.0,0.0,2.0,0.0,58792.9349451368,258328.713869722,1.0,1.0,,,,,,False
883d326821fffff,31.38404,75.65004,14.38,14.38,341.82,341.82,298.68,298.68,0.0,0.0,2026-07-06,56,0,0,0,0,0,0,0,0,0.0,72.9372146298328,20334.344806431,0.0,1064.40838518609,0.0,1.0,19.0,3162.21348883521,93904.208087144,431641.831610688,0.0,6.0,,,,,,False
883d326827fffff,31.38127,75.6491,3.0,3.0,336.75,336.75,296.35,296.35,0.0,0.0,2026-07-06,56,0,0,0,0,0,0,0,0,0.0,129.576113447094,22356.2829378336,1.0,830.198785664846,0.0,4.0,21.0,5801.21577885326,100857.752853208,449561.258371196,0.0,7.0,,,,,,False
883d32682bfffff,31.39467,75.65387,3.63,3.63,337.04,337.04,295.54,295.54,0.0,0.0,2026-07-06,56,0,0,0,0,0,0,0,0,0.0,14.6759069630627,10146.5674656049,0.0,2117.41119504737,0.0,2.0,15.0,2267.5368840543,87196.2664678084,378278.859808734,0.0,6.0,,,,,,False
883d326a6bfffff,31.4517,75.5873,11.05,11.05,330.81,330.81,290.15,290.15,0.0,0.0,2026-07-16,46,0,0,0,0,0,0,0,0,0.0,83.1287037012449,11269.3723744179,0.0,1659.23744741549,0.0,1.0,11.0,1948.97761794674,70877.460275983,307639.878322565,0.0,1.0,,,,,,False
883d326ea5fffff,31.49857,75.84365,5.11,5.11,330.44,330.44,301.14,301.14,0.0,0.0,2026-08-12,19,0,0,0,0,0,0,1,1,0.0333333333333333,0.683365384805846,28107.0215739267,0.0,1166.14360220292,0.0,3.0,19.0,9090.42467773711,86861.4272523172,379394.896784834,2.0,4.0,,,,,,False
883d32791dfffff,31.45518,75.4829,3.28,3.28,339.33,339.33,302.38,302.38,0.0,0.0,2026-07-15,47,0,0,0,0,0,0,0,0,0.0,10.991197718624,17357.6497396698,0.0,1284.16497260318,0.0,14.0,21.0,3706.77157780545,106157.430663149,351073.262750593,0.0,4.0,,,,,,False
883d32793dfffff,31.43415,75.47817,3.29,3.29,332.35,332.35,291.86,291.86,0.0,0.0,2026-07-05,57,0,0,0,0,0,0,0,0,0.0,195.356290257756,11265.5205461637,5.0,771.357515671481,0.0,14.0,21.0,4455.80610418094,114669.03907659,376080.707851393,0.0,5.0,,,,,,False
883d32795bfffff,31.47221,75.4748,1.74,1.74,330.53,330.53,297.35,297.35,0.0,0.0,2026-07-05,57,0,0,0,0,0,0,0,0,0.0,94.9196160667452,11065.5249644926,0.0,1956.80943717172,0.0,1.0,19.0,4409.58690641295,75778.8418424158,296576.605889059,0.0,2.0,,,,,,False
883d328dcbfffff,32.12557,75.26311,4.43,4.43,332.34,332.34,298.52,298.52,0.0,0.0,2026-07-03,59,0,0,0,0,0,0,0,0,0.0,762.400237656194,965.130687960655,1.0,856.003436910046,0.0,3.0,5.0,0.0,6253.00665453549,82846.9407537348,0.0,0.0,,,,,,False
883d333b67fffff,32.32051,76.85158,3.22,3.22,332.07,332.07,303.55,303.55,0.0,0.0,2026-08-30,1,1,1,1,1,1,1,1,1,0.0333333333333333,,0.0,0.0,,0.0,0.0,0.0,0.0,0.0,151.928718448301,0.0,0.0,,,,,,False
883d342209fffff,33.7595,74.85919,4.22,4.22,335.62,335.62,303.44,303.44,0.0,0.0,2026-07-28,34,0,0,0,0,0,0,0,0,0.0,545.803458833473,3422.76657766648,0.0,1654.94378408217,0.0,1.0,34.0,0.0,41259.8524649233,194777.871065374,1.0,2.0,,,,,,False
883d34a5c5fffff,34.07688,74.80086,2.46,2.46,335.22,335.22,305.24,305.24,0.0,0.0,2026-07-28,34,0,0,0,0,0,0,0,0,0.0,12.8136915162449,67911.0505362432,302.0,118.34093110544,60.0,901.0,1394.0,19167.4665211746,363701.811115615,1100966.76821871,0.0,5.0,,,,,,False
883d3589cdfffff,34.28052,75.33838,2.01,2.01,330.02,330.02,291.09,291.09,0.0,0.0,2026-07-18,44,0,0,0,0,0,0,0,0,0.0,26.8440198778028,4801.58327594117,10.0,327.261225936064,4.0,79.0,200.0,2508.55017806825,10546.1068300423,21849.5659056763,0.0,0.0,,,,,,False
883d35cd9dfffff,33.95844,75.34669,1.01,1.01,296.71,296.71,281.56,281.56,1.0,0.0,2026-07-13,49,0,0,0,0,0,0,0,0,0.0,,0.0,0.0,,0.0,0.0,196.0,0.0,0.0,18988.3623090558,0.0,0.0,,,,,,False
883d35db35fffff,33.99815,74.89324,2.59,2.59,325.91,325.91,287.39,287.39,0.0,0.0,2026-07-31,31,0,0,0,0,0,0,0,0,0.0,180.750054667298,10075.8372232818,0.0,2564.90275344538,0.0,0.0,26.0,579.785811567213,70024.3178803273,308559.611363659,0.0,10.0,,,,,,False
883d36a729fffff,32.97565,74.57558,3.61,3.61,332.38,332.38,298.7,298.7,0.0,0.0,2026-07-03,59,0,0,0,0,0,0,0,0,0.0,228.656016310691,2687.12390854209,0.0,,0.0,0.0,0.0,1322.17580552671,30221.338750532,116180.715560383,0.0,0.0,,,,,,False
883d800519fffff,25.78876,78.0251,4.13,4.13,337.38,337.38,298.64,298.64,0.0,0.0,2026-07-28,34,0,0,0,0,0,0,0,0,0.0,225.921822819886,3808.28494003658,0.0,8991.33099030615,0.0,0.0,0.0,1492.14827744758,16598.5331746126,59251.8316412111,0.0,0.0,,,,,,False
883d800da9fffff,25.61422,78.04578,3.93,3.93,336.36,336.36,296.96,296.96,0.0,0.0,2026-07-15,47,0,0,0,0,0,0,0,0,0.0,1378.02291143474,0.0,0.0,9342.19874172767,0.0,0.0,0.0,0.0,9368.80439781507,34122.8565581537,0.0,0.0,,,,,,False
883d800dbdfffff,25.62002,78.06512,6.7,6.7,339.93,339.93,298.34,298.34,0.0,0.0,2026-07-28,34,0,0,0,0,0,0,0,0,0.0,453.287369801057,2018.12249693907,0.0,9044.00028833224,0.0,0.0,0.0,445.130483692179,9148.67893074611,42098.9369284252,0.0,0.0,,,,,,False
883d8030e1fffff,25.8805,78.24169,2.21,2.21,332.15,332.15,298.42,298.42,0.0,0.0,2026-07-26,36,0,0,0,0,0,0,0,0,0.0,486.978711598451,1047.5808636771,0.0,12009.3970684951,0.0,0.0,0.0,133.368793732339,11559.643675995,53244.9243946616,0.0,0.0,,,,,,False
883d803159fffff,25.8605,78.17506,3.61,3.61,333.16,333.16,295.41,295.41,0.0,0.0,2026-07-28,34,0,0,0,0,0,0,0,0,0.0,333.628484273351,1944.61478326987,0.0,8924.30317951318,0.0,0.0,0.0,621.949328089361,17967.4261838319,68879.901262146,0.0,0.0,,,,,,False
883d80315bfffff,25.86158,78.17712,4.21,4.21,333.49,333.49,295.51,295.51,0.0,0.0,2026-07-28,34,0,0,0,0,0,0,0,0,0.0,461.695299872766,1546.10158657627,0.0,9151.04331127567,0.0,0.0,0.0,246.11885227071,18321.5539401988,67716.5105842468,0.0,0.0,,,,,,False
883d8031c5fffff,25.84229,78.2156,3.85,3.85,338.91,338.91,297.23,297.23,0.0,0.0,2026-07-26,36,0,0,0,0,0,0,0,0,0.0,269.700455346749,1922.18058108306,0.0,8884.31906420821,0.0,0.0,0.0,928.775543006202,15834.2174522794,50054.8019154512,0.0,0.0,,,,,,False
883d803939fffff,25.67839,78.16461,3.18,3.18,333.83,333.83,297.21,297.21,0.0,0.0,2026-07-28,34,0,0,0,0,0,0,0,0,0.0,744.798963070977,1224.20660392519,0.0,3341.59935351668,0.0,0.0,1.0,0.0,7859.86405804121,27385.619286171,0.0,0.0,,,,,,False
883d8072d5fffff,25.59314,78.02229,2.09,2.09,332.61,332.61,296.45,296.45,0.0,0.0,2026-07-15,47,0,0,0,0,0,0,0,0,0.0,240.243016251082,2010.85648952188,0.0,11792.7802421904,0.0,0.0,5.0,872.007276744168,10495.2008762418,31814.7144515943,0.0,0.0,,,,,,False
883d807601fffff,25.63805,78.11816,1.92,1.92,331.17,331.17,297.06,297.06,0.0,0.0,2026-07-28,34,0,0,0,0,0,0,0,0,0.0,114.023095615393,2103.79020856748,0.0,9592.51315513572,0.0,0.0,0.0,1057.23832329914,11476.5781520376,34418.2917767402,0.0,0.0,,,,,,False
883d807667fffff,25.62175,78.10297,5.51,5.51,341.36,341.36,297.32,297.32,0.0,0.0,2026-07-15,47,0,0,0,0,0,0,0,0,0.0,62.9984390558674,2315.42248482242,0.0,10596.0407147119,0.0,0.0,0.0,1001.9966032629,12037.4096678631,47802.3503706395,0.0,0.0,,,,,,False
883d807741fffff,25.59535,78.06668,3.11,3.11,330.27,330.27,296.96,296.96,0.0,0.0,2026-07-15,47,0,0,0,0,0,0,0,0,0.0,388.742791008182,2539.02792729484,0.0,11729.1535591987,0.0,0.0,0.0,562.596377356729,11672.8516244572,40856.9867556279,0.0,0.0,,,,,,False
883d807749fffff,25.60594,78.065,2.71,2.71,330.62,330.62,296.23,296.23,0.0,0.0,2026-07-15,47,0,0,0,0,0,0,0,0,0.0,76.3905773210192,2222.96949422196,0.0,10548.3191696043,0.0,0.0,0.0,1138.39797654031,9546.09395531632,45284.7496151468,0.0,0.0,,,,,,False
883d81b5e1fffff,26.6319,79.26785,3.01,3.01,334.07,334.07,295.13,295.13,0.0,0.0,2026-07-15,47,0,0,0,0,0,0,0,0,0.0,128.947319288586,5149.46026664411,0.0,7096.57575154601,0.0,0.0,5.0,1622.36314258337,19691.9535609173,99939.079814462,0.0,1.0,,,,,,False
883d823569fffff,24.86659,78.14019,15.7,15.7,367.0,367.0,292.72,292.72,0.0,1.0,2026-07-16,46,0,0,0,0,0,0,0,0,0.0,884.887977937933,820.577036748182,0.0,,0.0,0.0,1.0,0.0,18188.7769474164,53423.6623924312,0.0,0.0,,,,,,False
883d842b6dfffff,26.23913,77.24174,5.34,5.34,331.25,331.25,298.08,298.08,0.0,0.0,2026-07-28,34,0,0,0,0,0,0,0,0,0.0,749.957418450125,916.078092850055,0.0,,0.0,0.0,0.0,0.0,6999.03015379415,14347.857766874,0.0,0.0,,,,,,False
883d858a17fffff,27.02486,77.7508,0.45,0.45,304.76,304.76,280.78,280.78,1.0,0.0,2026-08-16,15,0,0,0,0,0,0,1,1,0.0333333333333333,1379.80777487526,0.0,0.0,3053.40874505536,0.0,0.0,15.0,0.0,10865.9325268291,53323.5709363047,0.0,0.0,,,,,,False
883d86cb4dfffff,25.15206,76.18286,1.1,1.1,307.35,307.35,286.43,286.43,1.0,0.0,2026-07-10,52,0,0,0,0,0,0,0,0,0.0,7.77372843195725,11694.3929983359,0.0,1704.28094800493,0.0,1.0,1.0,6454.54310619886,40236.5965014867,71979.2768305337,1.0,1.0,,,,,,False
883d86d651fffff,25.51137,76.28304,2.78,2.78,307.8,307.8,292.14,292.14,1.0,0.0,2026-07-26,36,0,0,0,0,0,0,0,0,0.0,,0.0,0.0,,0.0,0.0,0.0,0.0,0.0,14553.3482583291,0.0,0.0,,,,,,False
883d89b6d7fffff,26.91881,82.54733,4.34,4.34,331.74,331.74,293.76,293.76,0.0,0.0,2026-08-11,20,0,0,0,0,0,0,1,1,0.0333333333333333,352.01651670695,2272.46665325554,0.0,,0.0,0.0,3.0,733.854217727419,10774.5318303758,70231.1168564596,0.0,0.0,,,,,,False
883d8a6303fffff,24.56513,81.00442,0.955,1.3,303.14,307.65,281.71,288.28,1.0,0.0,2026-07-29,33,0,0,0,0,0,0,0,0,0.0,36.2709406520095,13739.7947221046,2.0,208.087938321584,1.0,2.0,5.0,6304.61713104632,57630.8492146273,210250.276317721,2.0,2.0,,,,,,False
883d8a6e11fffff,24.52756,81.17059,1.58,1.58,313.55,313.55,290.21,290.21,1.0,0.0,2026-07-24,38,0,0,0,0,0,0,0,0,0.0,20.2518668233604,15761.722586187,2.0,419.469413245074,2.0,5.0,25.0,5596.37585061705,59000.4654500686,255263.901599151,1.0,7.0,,,,,,False
883d8a6e15fffff,24.52756,81.16882,0.84,0.84,305.88,305.88,284.01,284.01,1.0,0.0,2026-07-05,57,0,0,0,0,0,0,0,0,0.0,20.217494760838,17473.8632143897,2.0,273.142206762045,2.0,4.0,24.0,5396.82325097241,58056.9097376938,256352.444156242,1.0,7.0,,,,,,False
883d8a6e1dfffff,24.5289,81.16897,1.86333333333333,4.06,307.45,309.74,291.29,292.89,1.0,0.0,2026-07-26,36,0,0,0,0,0,0,0,0,0.0,26.7853093637383,17590.5290648207,2.0,236.576553956523,2.0,9.0,24.0,4207.98843110058,60124.8264930727,257525.038534021,1.0,7.0,,,,,,False
883d8c6523fffff,26.25253,80.53876,4.56,4.56,338.0,338.0,290.48,290.48,0.0,0.0,2026-07-29,33,0,0,0,0,0,0,0,0,0.0,221.985778514981,2352.47006437439,0.0,,0.0,0.0,0.0,1149.73227119008,50549.0131080409,186350.174990143,0.0,0.0,,,,,,False
883d8c85c5fffff,26.93955,80.08955,2.42,2.42,329.53,329.53,290.8,290.8,0.0,0.0,2026-07-07,55,0,0,0,0,0,0,0,0,0.0,130.507591301199,15095.5682513778,1.0,321.737307763959,1.0,1.0,1.0,6426.40411192228,45603.9732400273,75340.6325969346,0.0,0.0,,,,,,False
883d8c85cbfffff,26.95496,80.09619,3.89,3.89,331.27,331.27,295.71,295.71,0.0,0.0,2026-07-04,58,0,0,0,0,0,0,0,0,0.0,614.313867878995,1458.03466436286,0.0,2075.4988691418,0.0,1.0,1.0,0.0,25947.5032962259,74216.8518356918,0.0,0.0,,,,,,False
883d8c862bfffff,27.01321,80.04053,6.61,6.61,346.91,346.91,290.58,290.58,0.0,0.0,2026-07-05,57,0,0,0,0,0,0,0,0,0.0,707.471243738854,2227.70307152722,0.0,2250.56054471786,0.0,1.0,1.0,0.0,18180.4213846201,53280.0803017532,0.0,0.0,,,,,,False
883d8c92b7fffff,27.038095,79.831145,3.52,3.63,333.385,334.17,292.855,293.46,0.0,0.0,2026-07-04,58,0,0,0,0,0,0,0,0,0.0,6.88580205244315,8265.50161018705,0.0,2714.28895046718,0.0,0.0,1.0,2778.84743723961,35474.5886092613,187014.250003269,0.0,0.0,,,,,,False
883d8c954bfffff,27.03687,79.89066,6.74,6.74,339.4,339.4,299.51,299.51,0.0,0.0,2026-07-05,57,0,0,0,0,0,0,0,0,0.0,110.553080931572,11788.3648048192,0.0,1738.13980968905,0.0,8.0,11.0,2193.98693756828,67014.961435999,248263.573900025,0.0,0.0,,,,,,False
883d8c95a3fffff,27.00401,79.98059,3.71,3.71,335.62,335.62,297.68,297.68,0.0,0.0,2026-07-05,57,0,0,0,0,0,0,0,0,0.0,178.991182462506,6689.28198753474,0.0,2333.14652880067,0.0,1.0,2.0,1157.79614948654,34030.4917156756,127742.356857603,0.0,0.0,,,,,,False
883d8c96c7fffff,27.12263,79.95705,6.43,6.43,337.33,337.33,297.84,297.84,0.0,0.0,2026-07-04,58,0,0,0,0,0,0,0,0,0.0,3558.65235349007,0.0,0.0,5878.91971140606,0.0,0.0,1.0,0.0,0.0,9690.39078155966,0.0,0.0,,,,,,False
883d8c96ebfffff,27.1225,79.9528,9.9,9.9,345.07,345.07,299.66,299.66,0.0,0.0,2026-07-04,58,0,0,0,0,0,0,0,0,0.0,3979.82629384066,0.0,0.0,5974.8610550967,0.0,0.0,0.0,0.0,0.0,8308.30378440711,0.0,0.0,,,,,,False
883d8cd305fffff,26.6421982352941,79.4818088235294,2.24705882352941,6.35,307.514705882353,336.94,279.416470588235,297.45,0.941176470588235,0.0,2026-08-09,22,0,0,0,0,0,0,5,3,0.1,350.790275327388,3442.55302426626,0.0,14516.8546272152,0.0,0.0,3.0,924.407748680004,20051.1681680757,62984.576050802,1.0,2.0,,,,,,False
883d8cd30dfffff,26.64591,79.48125,1.26,1.26,306.51,306.51,291.63,291.63,1.0,0.0,2026-07-13,49,0,0,0,0,0,0,0,0,0.0,13.346016625064,3325.41733087942,0.0,14537.494446164,0.0,0.0,2.0,1396.79583437289,20377.098137373,57553.0545165005,1.0,2.0,,,,,,False
883d8cd329fffff,26.639525,79.48145,1.665,1.89,304.55,305.25,276.325,277.87,1.0,0.0,2026-07-31,31,0,0,0,0,0,0,0,0,0.0,321.240700850097,4508.1439030875,0.0,14434.3832452851,0.0,0.0,3.0,206.386220387424,19535.2821365565,62924.062033861,1.0,2.0,,,,,,False
883d8cd363fffff,26.6421712820513,79.4777805128205,2.40820512820513,11.09,312.815384615385,344.45,284.359487179487,296.29,0.948717948717949,0.0,2026-08-12,19,0,0,0,0,0,0,6,4,0.133333333333333,77.1014822151499,3120.90684568329,0.0,14121.2381121687,0.0,0.0,0.0,1013.50631606354,19086.7430548741,61631.5045321889,1.0,2.0,,,,,,False
883d93a0b5fffff,23.0023,77.60857,2.15,2.15,331.6,331.6,296.96,296.96,0.0,0.0,2026-07-15,47,0,0,0,0,0,0,0,0,0.0,77.9580903863573,8349.32878176262,11.0,7.52672258901843,11.0,13.0,15.0,3687.21365522612,28785.6656694117,66958.6116541681,0.0,4.0,,,,,,False
883d96160dfffff,23.06632,75.37764,1.69,1.69,297.88,297.88,283.94,283.94,1.0,0.0,2026-07-12,50,0,0,0,0,0,0,0,0,0.0,340.987691791939,3626.48619239107,0.0,1503.12400826918,0.0,5.0,6.0,814.289513873871,34317.4418727134,71141.9365161737,0.0,1.0,,,,,,False
883d991615fffff,24.05248,80.61337,1.18,1.18,306.97,306.97,292.77,292.77,1.0,0.0,2026-07-11,51,0,0,0,0,0,0,0,0,0.0,186.208962855716,5867.0207638982,0.0,1419.9954103856,0.0,1.0,1.0,1491.47350693709,17894.2606731055,32747.8678040896,1.0,1.0,,,,,,False
883d99a061fffff,24.201295,80.7991,1.14,1.46,305.27,305.65,288.75,289.58,1.0,0.0,2026-07-24,38,0,0,0,0,0,0,0,0,0.0,238.980798530726,11354.7951330206,5.0,286.133136988173,3.0,6.0,6.0,3579.59852334627,19453.1574333831,41525.2160723823,1.0,1.0,,,,,,False
883d99a065fffff,24.197445,80.796265,1.745,2.94,302.1,304.18,286.3,291.99,1.0,0.0,2026-07-12,50,0,0,0,0,0,0,0,0,0.0,291.287741669318,8021.2392592021,3.0,218.226405501745,2.0,6.0,6.0,963.253309602622,18296.7218379508,38984.5313089125,1.0,1.0,,,,,,False
883d99b813fffff,24.16557,80.6955,1.08,1.08,304.67,304.67,287.3,287.3,1.0,0.0,2026-07-03,59,0,0,0,0,0,0,0,0,0.0,1521.53234792809,0.0,0.0,2301.4129270354,0.0,1.0,3.0,0.0,8207.21679145861,25885.4426218652,1.0,1.0,,,,,,False
883d99b81bfffff,24.16693,80.69498,0.87,0.87,308.19,308.19,287.62,287.62,1.0,0.0,2026-07-03,59,0,0,0,0,0,0,0,0,0.0,1368.66363198398,0.0,0.0,2220.61051606378,0.0,1.0,3.0,0.0,8758.9572338358,25507.1286677317,1.0,1.0,,,,,,False
883d9cd70dfffff,24.24283,78.16224,0.97,0.97,304.35,304.35,292.25,292.25,1.0,0.0,2026-07-12,50,0,0,0,0,0,0,0,0,0.0,85.0920298103173,11259.974747182,0.0,1429.80532271985,0.0,1.0,2.0,2589.92675780128,69799.8922303359,119786.821567627,1.0,3.0,,,,,,False
883d9cd763fffff,24.24131,78.162895,1.95,2.24,317.045,318.76,294.425,294.46,1.0,0.0,2026-07-12,50,0,0,0,0,0,0,0,0,0.0,242.344731385812,7673.94676999327,0.0,1610.12004580138,0.0,2.0,2.0,1638.62333486516,68482.4039252655,120010.969449123,1.0,3.0,,,,,,False
883d9d4b29fffff,23.991165,79.394215,1.205,1.45,306.23,308.1,288.01,290.74,1.0,0.0,2026-07-26,36,0,0,0,0,0,0,0,0,0.0,24.8280503354078,39622.6679699036,2.0,861.433546249665,0.0,2.0,2.0,12495.1897106938,71457.9071782228,167459.175659302,1.0,1.0,,,,,,False
883d9d4b67fffff,23.99009,79.391815,1.6375,3.19,304.39,312.54,284.69,289.09,1.0,0.0,2026-07-30,32,0,0,0,0,0,0,0,0,0.0,70.3673248052418,35086.0334746257,0.0,1114.10364971694,0.0,2.0,2.0,10387.6491305395,69466.4584276163,167309.369483757,1.0,1.0,,,,,,False
883d9d740dfffff,24.32881,79.96535,3.74,3.74,297.7,297.7,285.31,285.31,1.0,0.0,2026-07-30,32,0,0,0,0,0,0,0,0,0.0,96.517475234184,4011.11075909891,0.0,,0.0,0.0,0.0,1949.76793706398,21640.1874655864,50517.2330789376,1.0,1.0,,,,,,False
883da02645fffff,28.18286,76.60889,3.39,3.39,337.22,337.22,291.61,291.61,0.0,0.0,2026-08-02,29,0,0,0,0,0,0,1,1,0.0333333333333333,24.1530784302972,53683.1872675251,19.0,99.8315859068815,6.0,77.0,83.0,10514.7758245318,287439.146463463,752443.205945431,2.0,5.0,,,,,,False
883da07859fffff,27.667755,76.134475,1.765,2.84,303.73,305.04,289.755,291.16,1.0,0.0,2026-08-18,13,0,0,0,0,1,1,1,1,0.0333333333333333,848.199015289037,1896.47917298038,0.0,,0.0,0.0,0.0,0.0,34221.3746017665,128610.955847734,1.0,3.0,,,,,,False
883da07a33fffff,27.66903,76.1297633333333,1.56333333333333,2.34,304.33,306.43,286.35,291.04,1.0,0.0,2026-07-29,33,0,0,0,0,0,0,0,0,0.0,362.477942724599,3051.82056736086,0.0,,0.0,0.0,1.0,685.373466872495,30317.8724600479,122891.696388037,1.0,3.0,,,,,,False
883da07a37fffff,27.666971,76.130186,1.776,2.55,309.373,314.84,289.611,297.49,1.0,0.0,2026-08-02,29,0,0,0,0,0,0,1,1,0.0333333333333333,471.799717475613,3083.35818974439,0.0,,0.0,0.0,1.0,327.484306692576,31688.2697666448,123965.799397047,1.0,3.0,,,,,,False
883da0c5d1fffff,28.02522,75.76341,5.56,5.56,339.42,339.42,303.28,303.28,0.0,0.0,2026-07-15,47,0,0,0,0,0,0,0,0,0.0,769.663855768232,1274.33570772312,0.0,,0.0,0.0,11.0,0.0,12389.413685449,87668.0532756236,0.0,0.0,,,,,,False
883da10061fffff,28.46192,77.1757,7.14,7.14,312.21,312.21,273.69,273.69,1.0,0.0,2026-07-04,58,0,0,0,0,0,0,0,0,0.0,6.1122410666508,30094.3511771039,447.0,41.5286049947984,172.0,1802.0,11522.0,8284.95747388904,157639.087886014,602924.856506619,0.0,7.0,28.0_77.0_station_0,NIT Faridabad Fire Station,28.39005415,77.3055882337303,15015.3327852483,True
883da10063fffff,28.46357,77.18252,1.03,1.03,318.99,318.99,288.11,288.11,1.0,0.0,2026-07-04,58,0,0,0,0,0,0,0,0,0.0,15.4154754090714,35861.3419474021,551.0,75.0740998653155,120.0,1638.0,10874.0,9466.69215240047,153672.690246416,569058.5599465,0.0,7.0,28.0_77.0_station_0,NIT Faridabad Fire Station,28.39005415,77.3055882337303,14554.7464364293,True
883da10067fffff,28.46045,77.18133,7.14,7.14,336.03,336.03,273.37,273.37,1.0,0.0,2026-07-04,58,0,0,0,0,0,0,0,0,0.0,11.1015595753382,40728.0468341759,489.0,22.8603357434132,203.0,1489.0,9502.0,10932.246404532,161281.117710389,549485.075325731,0.0,7.0,28.0_77.0_station_0,NIT Faridabad Fire Station,28.39005415,77.3055882337303,14462.1537061452,True
883da108cbfffff,28.34674,77.23024,1.42,1.42,305.63,305.63,286.78,286.78,1.0,0.0,2026-07-26,36,0,0,0,0,0,0,0,0,0.0,122.182962246065,6865.37643279294,7.0,382.311570557543,1.0,2043.0,9058.0,1162.83185778685,111405.442032423,566155.185734646,0.0,7.0,28.0_77.0_station_0,NIT Faridabad Fire Station,28.39005415,77.3055882337303,8810.73331483506,True
883da108cdfffff,28.33847,77.220105,0.52,0.61,299.95,300.38,277.465,282.62,1.0,0.0,2026-08-22,9,0,0,1,1,1,1,1,1,0.0333333333333333,38.8147686876961,11599.9872785809,21.0,227.776207132423,5.0,1111.0,5357.0,2727.55772169329,97231.8202788588,437974.028305578,0.0,3.0,28.0_77.0_station_0,NIT Faridabad Fire Station,28.39005415,77.3055882337303,10146.2602629698,True
883da108d3fffff,28.3485244444444,77.2576077777778,1.62555555555556,4.66,305.828888888889,311.4,287.237777777778,293.07,1.0,0.0,2026-08-29,2,1,1,2,2,2,2,5,3,0.1,12.7060927330655,31164.2362868178,552.0,218.092555215932,53.0,4774.0,18962.0,9938.20898480263,253439.193375079,1003056.10881871,1.0,19.0,28.0_77.0_station_0,NIT Faridabad Fire Station,28.39005415,77.3055882337303,6582.01352864543,True
883da108dbfffff,28.35195,77.25737,3.28,3.28,303.02,303.02,285.41,285.41,1.0,0.0,2026-08-23,8,0,0,1,1,1,1,1,1,0.0333333333333333,3.58014300567148,32191.4353028112,692.0,247.913150213833,38.0,4861.0,19035.0,5670.03532431304,272404.965607004,999547.318221842,1.0,20.0,28.0_77.0_station_0,NIT Faridabad Fire Station,28.39005415,77.3055882337303,6339.568887327,True
883da10913fffff,28.275745,77.182345,3.005,4.81,306.835,308.67,288.79,290.34,1.0,0.0,2026-07-30,32,0,0,0,0,0,0,0,0,0.0,64.2403556423173,9615.19661398612,0.0,2710.86299424139,0.0,0.0,5.0,3163.82266890551,73340.4849998479,244968.082704757,0.0,0.0,28.0_77.0_station_0,NIT Faridabad Fire Station,28.39005415,77.3055882337303,17511.5170524391,True
883da109adfffff,28.252375,77.203545,2.915,3.06,311.17,315.4,293.395,295.07,1.0,0.0,2026-07-17,45,0,0,0,0,0,0,0,0,0.0,230.984067964269,7117.2191237403,1.0,678.91675765573,0.0,1.0,11.0,1110.50280423783,55263.5275996116,272525.640762697,0.0,0.0,28.0_77.0_station_0,NIT Faridabad Fire Station,28.39005415,77.3055882337303,18250.8656553333,True
883da109e9fffff,28.27343,77.18597,1.31,1.68,305.27,308.67,288.865,290.73,1.0,0.0,2026-07-29,33,0,0,0,0,0,0,0,0,0.0,171.445832790188,11880.4030274936,0.0,2277.59721142843,0.0,1.0,7.0,3013.87028774285,65291.5921672565,262695.193360801,0.0,0.0,28.0_77.0_station_0,NIT Faridabad Fire Station,28.39005415,77.3055882337303,17457.2926390845,True
883da10a95fffff,28.3719055555556,77.2255744444444,1.59444444444444,3.36,310.616666666667,322.5,289.807777777778,295.44,1.0,0.0,2026-08-29,2,1,1,1,1,3,2,3,2,0.0666666666666667,52.9021479313065,14552.0116886686,26.0,849.642551581862,0.0,1684.0,6773.0,5355.97870997649,106347.155662655,469420.143556502,0.0,8.0,28.0_77.0_station_0,NIT Faridabad Fire Station,28.39005415,77.3055882337303,8097.95109424845,True
883da10f63fffff,28.370675,77.263125,2.125,2.43,308.725,310.58,292.305,293.01,1.0,0.0,2026-08-12,19,0,0,0,0,0,0,2,2,0.0666666666666667,12.3816559528027,61909.5062285782,848.0,354.064879345683,6.0,7203.0,19566.0,16083.49754283,360677.998348175,1051031.12249129,0.0,24.0,28.0_77.0_station_0,NIT Faridabad Fire Station,28.39005415,77.3055882337303,4684.49687333687,True
883da13291fffff,28.65637,77.587525,1.655,2.4,303.655,304.22,285.465,285.78,1.0,0.0,2026-07-31,31,0,0,0,0,0,0,0,0,0.0,51.6645514260472,12083.9870668032,0.0,1486.26220112029,0.0,12.0,73.0,2470.24611774202,102221.78951597,399124.340673778,2.0,5.0,,,,,,False
883da13295fffff,28.65147,77.58823,1.0,1.18,309.775,312.79,285.645,291.13,1.0,0.0,2026-08-13,18,0,0,0,0,0,0,2,2,0.0666666666666667,25.5273013022212,16081.6898916459,0.0,1472.35592577816,0.0,11.0,34.0,3739.38407423637,99694.3503996267,383305.849452301,1.0,6.0,,,,,,False
883da13297fffff,28.6504,77.59071,1.03,1.03,304.55,304.55,286.79,286.79,1.0,0.0,2026-07-31,31,0,0,0,0,0,0,0,0,0.0,21.1705863914084,16059.7493191245,0.0,1606.54071227036,0.0,11.0,53.0,4657.07553904933,94461.3830386251,365306.095824287,1.0,5.0,,,,,,False
883da1329dfffff,28.66221,77.57938,2.36,3.39,311.89,311.99,288.105,293.49,1.0,0.0,2026-08-13,18,0,0,0,0,0,0,1,1,0.0333333333333333,155.994279767273,21711.4949587872,0.0,1248.02985691475,0.0,10.0,81.0,5838.94709573071,103569.936871489,439127.428125757,2.0,5.0,,,,,,False
883da132d7fffff,28.6631457142857,77.5778571428571,1.92142857142857,3.12,309.151428571428,313.73,288.864285714286,293.86,1.0,0.0,2026-08-29,2,1,1,1,1,1,1,2,2,0.0666666666666667,70.1371663814693,23596.2319616781,0.0,1178.80781060414,0.0,10.0,81.0,6296.11246398315,106645.333443488,443720.89748035,1.0,5.0,,,,,,False
883da15081fffff,28.19945,76.90763,1.13,1.13,307.02,307.02,290.56,290.56,1.0,0.0,2026-08-12,19,0,0,0,0,0,0,1,1,0.0333333333333333,22.190187301876,2649.556799582,0.0,3829.81854034194,0.0,0.0,11.0,997.945775824652,29259.3849314398,241168.492632991,0.0,9.0,,,,,,False
883da151bdfffff,28.13105,76.89659,1.11,1.3,311.85,316.67,285.82,287.76,1.0,0.0,2026-08-20,11,0,0,0,0,1,1,2,2,0.0666666666666667,495.347363560041,5651.35554902166,0.0,1757.35811721858,0.0,3.0,6.0,134.716209309771,53148.83215345,133794.99705194,0.0,2.0,,,,,,False
883da1720dfffff,28.2783,77.2747133333333,1.57333333333333,1.88,306.61,309.9,289.926666666667,293.16,1.0,0.0,2026-08-11,20,0,0,0,0,0,0,1,1,0.0333333333333333,131.05778199914,18594.8452812999,0.0,1054.52446396089,0.0,323.0,1827.0,4396.89257620751,134862.816467423,519897.059615316,3.0,22.0,28.0_77.0_station_0,NIT Faridabad Fire Station,28.39005415,77.3055882337303,12752.6300663855,True
883da18031fffff,28.786925,76.949325,0.57,0.57,296.215,296.84,265.775,265.98,1.0,0.0,2026-07-21,41,0,0,0,0,0,0,0,0,0.0,206.223129783206,10098.3577717522,0.0,1663.22837747886,0.0,14.0,37.0,2185.34962504864,108447.343055292,352501.626668847,0.0,1.0,,,,,,False
883da18035fffff,28.77804,76.94639,0.76,0.76,301.65,301.65,269.04,269.04,1.0,0.0,2026-07-03,59,0,0,0,0,0,0,0,0,0.0,32.6811990485664,6949.79984389584,0.0,1382.82030587737,0.0,3.0,23.0,1215.72675740968,99794.555063105,339656.128836731,0.0,1.0,,,,,,False
883da1813bfffff,28.7446175,76.92734625,1.72,3.58,305.73875,310.6,286.445,296.42,1.0,0.0,2026-08-30,1,2,2,2,2,4,3,6,5,0.166666666666667,126.043571611947,13496.2663138394,0.0,2085.8280032913,0.0,2.0,21.0,4742.64447831483,90683.0540140782,424991.203193322,0.0,3.0,,,,,,False
883da181c9fffff,28.77622,76.94662,1.05,1.05,304.48,304.48,289.87,289.87,1.0,0.0,2026-07-22,40,0,0,0,0,0,0,0,0,0.0,73.1899307872307,7120.72147521384,0.0,1180.53410712812,0.0,3.0,23.0,1375.13679428325,103673.211917846,339072.976730852,0.0,1.0,,,,,,False
883da181cbfffff,28.7762533333333,76.9486233333333,1.1,1.33,307.576666666667,309.9,278.1,283.92,1.0,0.0,2026-08-14,17,0,0,0,0,0,0,2,1,0.0333333333333333,120.73734069733,6848.43820128477,0.0,1195.14897864658,0.0,3.0,24.0,1077.03471403943,100483.400417562,340571.072907293,0.0,1.0,,,,,,False
883da181edfffff,28.74504,76.93389,1.72,2.03,307.865,311.27,289.855,290.02,1.0,0.0,2026-07-31,31,0,0,0,0,0,0,0,0,0.0,157.672665153961,13326.9431515213,0.0,1769.49689645416,0.0,3.0,21.0,3533.19873522314,97921.2980574093,416184.453244655,0.0,3.0,,,,,,False
883da18349fffff,28.81726,76.83368,2.41,2.41,304.86,304.86,284.45,284.45,1.0,0.0,2026-08-09,22,0,0,0,0,0,0,1,1,0.0333333333333333,103.410644841548,10483.6846259511,0.0,2051.27750493473,0.0,1.0,3.0,2278.16884402286,64233.2030611371,218805.484288277,2.0,5.0,,,,,,False
883da184e5fffff,28.85279,77.142895,1.02,1.07,305.085,306.41,283.165,285.71,1.0,0.0,2026-08-18,13,0,0,0,0,1,1,2,2,0.0666666666666667,408.911052123793,9479.17142564202,0.0,1221.14422977637,0.0,8.0,89.0,974.331223526804,143218.099772155,702847.646262686,0.0,16.0,,,,,,False
883da184e7fffff,28.8532925,77.146445,1.6525,2.59,307.2025,308.74,290.965,293.53,1.0,0.0,2026-08-08,23,0,0,0,0,0,0,1,1,0.0333333333333333,76.1650890539903,9197.60776531832,0.0,1569.93758234403,0.0,6.0,87.0,2028.01423534655,125116.396893562,658362.148382301,0.0,14.0,,,,,,False
883da185d1fffff,28.8377675,77.1390175,1.0675,2.26,302.805,304.87,282.2175,288.54,1.0,0.0,2026-08-23,8,0,0,1,1,1,1,1,1,0.0333333333333333,31.6377149558259,14296.4037812553,0.0,1079.13936789822,0.0,6.0,98.0,4163.69964880267,144724.65753402,753101.743109964,0.0,25.0,,,,,,False
883da185d5fffff,28.836235,77.137395,1.26,1.86,314.5,321.31,292.945,294.07,1.0,0.0,2026-07-23,39,0,0,0,0,0,0,0,0,0.0,137.837876948477,20259.4705952267,1.0,923.245720047314,0.0,7.0,98.0,4058.27306571867,150751.629294087,772973.121949098,0.0,25.0,,,,,,False
883da185dbfffff,28.85254,77.14378,1.06,1.06,304.44,304.44,287.84,287.84,1.0,0.0,2026-07-31,31,0,0,0,0,0,0,0,0,0.0,333.591856095908,8764.62811430288,0.0,1306.84340310939,0.0,8.0,87.0,934.522716639614,139824.409150122,692732.584076176,0.0,16.0,,,,,,False
883da18a43fffff,28.709014,76.856656,1.716,2.06,306.762,311.56,286.998,290.28,1.0,0.0,2026-08-18,13,0,0,0,0,1,1,1,1,0.0333333333333333,94.5065157605778,4078.32932339248,0.0,1364.46043522188,0.0,58.0,133.0,1084.20437361364,90416.8747041691,361638.030919086,0.0,21.0,,,,,,False
883da18a47fffff,28.70671,76.85614,1.35,1.35,306.17,306.17,283.28,283.28,1.0,0.0,2026-08-25,6,1,1,1,1,1,1,1,1,0.0333333333333333,161.545829132592,4245.24065156797,0.0,1604.27263991441,0.0,32.0,132.0,940.13032750392,83270.6951027321,365574.99487612,0.0,21.0,,,,,,False
883da198a7fffff,28.7126233333333,76.8333433333333,2.11666666666667,2.46,305.373333333333,311.06,288.493333333333,293.81,1.0,0.0,2026-08-20,11,0,0,0,0,2,1,2,1,0.0333333333333333,88.8430848397443,12591.2432318656,0.0,1641.61479145598,0.0,3.0,95.0,2963.13412834272,67336.9451402684,243414.057247961,0.0,25.0,,,,,,False
883da1999bfffff,28.70929,76.83166,0.47,0.47,303.96,303.96,282.14,282.14,1.0,0.0,2026-07-25,37,0,0,0,0,0,0,0,0,0.0,72.7441464514243,16634.1182678396,0.0,1465.82046551603,0.0,3.0,83.0,3939.59377734479,61102.8076977374,242892.86676868,0.0,23.0,,,,,,False
883da19a61fffff,28.77409,76.69877,2.43,2.43,315.05,315.05,293.61,293.61,1.0,0.0,2026-07-15,47,0,0,0,0,0,0,0,0,0.0,119.182038810275,2147.37141908039,0.0,2672.58832038514,0.0,0.0,1.0,970.909145541197,32837.6520029774,146151.471333868,0.0,4.0,,,,,,False
883da19a65fffff,28.770685,76.693695,2.79,3.12,316.25,326.19,291.82,292.34,1.0,0.0,2026-07-29,33,0,0,0,0,0,0,0,0,0.0,100.949552465196,1989.34343195444,0.0,2938.63667423047,0.0,0.0,3.0,978.680804000889,32953.4592660996,118848.416627072,0.0,4.0,,,,,,False
883da19a67fffff,28.772845,76.70094,2.12,2.46,307.67,309.48,289.91,292.05,1.0,0.0,2026-08-04,27,0,0,0,0,0,0,1,1,0.0333333333333333,359.353982857312,2014.00244413664,0.0,2419.73791130286,0.0,1.0,1.0,695.881328558454,36271.5731777524,153125.955079373,0.0,4.0,,,,,,False
883da1ac53fffff,28.772185,77.567915,1.285,1.47,308.98,309.81,286.675,287.63,1.0,0.0,2026-08-18,13,0,0,0,0,1,1,1,1,0.0333333333333333,281.74214761099,7620.53790456551,0.0,4319.98794142348,0.0,0.0,6.0,788.821203924002,78674.2849936432,346488.444886989,0.0,2.0,,,,,,False
883da1ad81fffff,28.7003,77.59889,2.66,2.66,306.76,306.76,288.37,288.37,1.0,0.0,2026-07-26,36,0,0,0,0,0,0,0,0,0.0,82.7401083584772,19902.4213057269,39.0,56.5631751287181,26.0,66.0,77.0,5107.07002129598,106879.525776619,411249.246216725,1.0,6.0,,,,,,False
883da1cecbfffff,28.41934,76.88225,1.66,1.74,307.74,313.0,280.315,286.37,1.0,0.0,2026-07-14,48,0,0,0,0,0,0,0,0,0.0,230.716139406573,16292.1791716041,198.0,435.564324903963,4.0,1204.0,5670.0,2066.94272470236,113013.173502161,532655.448292136,0.0,13.0,,,,,,False
883da1cee9fffff,28.39612,76.86176,2.81,2.81,302.47,302.47,276.98,276.98,1.0,0.0,2026-07-14,48,0,0,0,0,0,0,0,0,0.0,323.453566352397,25570.1847565655,153.0,41.2039756958416,20.0,2111.0,6690.0,4465.45361764885,118819.183805281,519525.424823321,1.0,20.0,,,,,,False
883da32449fffff,27.53007,77.661265,4.625,6.28,330.62,331.65,290.03,291.77,1.0,0.0,2026-08-18,13,0,0,0,0,2,1,2,1,0.0333333333333333,24.2394804702734,54942.0228393912,2.0,522.210956643928,0.0,41.0,289.0,14613.3002569498,245962.849966114,883638.055121041,4.0,10.0,,,,,,False
883da32c13fffff,27.372255,77.692605,1.815,2.04,308.985,310.19,289.43,293.99,1.0,0.0,2026-07-11,51,0,0,0,0,0,0,0,0,0.0,6.97341261626956,45462.9675735465,28.0,523.722119468131,0.0,194.0,213.0,12364.9762935002,149705.567433719,319172.947907359,1.0,5.0,,,,,,False
883da32c1bfffff,27.375325,77.689675,2.285,3.33,309.745,312.72,290.22,290.36,1.0,0.0,2026-07-13,49,0,0,0,0,0,0,0,0,0.0,56.1977551545134,48780.5671084503,90.0,225.196124461266,8.0,194.0,213.0,13887.3979067657,149235.186043163,329876.726234023,2.0,5.0,,,,,,False
883da37425fffff,27.20782,77.32405,1.67,1.67,301.36,301.36,277.49,277.49,1.0,0.0,2026-07-16,46,0,0,0,0,0,0,0,0,0.0,335.973109065529,3109.9146054573,0.0,,0.0,0.0,3.0,1252.14103222185,15052.1203865758,59519.8969905136,0.0,0.0,,,,,,False
883da58841fffff,29.28863,75.85209,8.98,8.98,334.32,334.32,287.11,287.11,0.0,0.0,2026-07-23,39,0,0,0,0,0,0,0,0,0.0,560.122460095114,3451.14626615716,0.0,9482.49114556506,0.0,0.0,7.0,0.0,49089.1700422082,203688.370964219,0.0,0.0,,,,,,False
883da5c013fffff,29.06137,75.72145,5.585,5.96,338.745,340.14,293.39,293.44,0.0,0.0,2026-07-03,59,0,0,0,0,0,0,0,0,0.0,241.715043789136,12272.2242102289,0.0,2432.81695762304,0.0,1.0,1.0,1192.25054274698,94757.6142290717,290594.743452655,0.0,0.0,,,,,,False
883da5c03dfffff,29.04118,75.70134,6.91,6.91,349.66,349.66,291.73,291.73,0.0,0.0,2026-08-21,10,0,0,0,0,1,1,1,1,0.0333333333333333,37.6541570087213,8193.0003011962,0.0,5138.1333745961,0.0,0.0,0.0,3244.73475539045,50933.7495948819,261652.18855327,0.0,0.0,,,,,,False
883da5c709fffff,29.123228,75.778844,1.902,4.01,309.124,310.57,291.102,295.69,1.0,0.0,2026-08-24,7,0,0,2,2,2,2,4,4,0.133333333333333,188.786520049214,23764.7691882886,7.0,900.315746594725,0.0,53.0,2363.0,1232.15733817009,171560.422846536,722638.000996182,2.0,18.0,,,,,,False
883da5c755fffff,29.12565,75.78059,3.07,3.07,310.72,310.72,291.43,291.43,1.0,0.0,2026-07-30,32,0,0,0,0,0,0,0,0,0.0,84.3549908211511,29612.7527809473,9.0,672.933725840515,0.0,53.0,2232.0,4812.6412541275,173253.994512404,731851.669103119,2.0,18.0,,,,,,False
883da63621fffff,27.7916066666667,75.3314333333333,0.973333333333333,1.11,307.013333333333,308.88,292.116666666667,294.07,1.0,0.0,2026-08-21,10,0,0,0,0,2,2,3,3,0.1,71.0796973971919,3919.09152738364,0.0,1399.23233243713,0.0,2.0,4.0,1754.161914026,22088.5604042796,114653.949355869,0.0,0.0,,,,,,False
883daa04d1fffff,27.30503,79.42613,2.83,2.83,330.19,330.19,295.52,295.52,0.0,0.0,2026-07-04,58,0,0,0,0,0,0,0,0,0.0,283.369855585388,18138.0334182366,0.0,1145.28997867477,0.0,1.0,1.0,3310.54173248361,98232.9039553437,245604.631505426,0.0,0.0,,,,,,False
883daa04ddfffff,27.30484,79.42323,2.32,2.32,335.74,335.74,296.14,296.14,0.0,0.0,2026-07-04,58,0,0,0,0,0,0,0,0,0.0,132.885375602422,14660.2416313898,0.0,1344.64174159294,0.0,1.0,1.0,2723.87999214185,98781.5106552629,247800.309801308,0.0,0.0,,,,,,False
883daa0ce5fffff,27.11631,79.37561,7.71,7.71,330.18,330.18,297.16,297.16,0.0,0.0,2026-07-04,58,0,0,0,0,0,0,0,0,0.0,355.439614841495,1909.16090355979,0.0,1201.67154258573,0.0,1.0,2.0,744.456039134028,13221.5430138603,58980.7198628233,0.0,0.0,,,,,,False
883daa21b3fffff,27.19168,79.73158,0.72,0.72,295.0,295.0,265.92,265.92,1.0,0.0,2026-08-04,27,0,0,0,0,0,0,1,1,0.0333333333333333,732.442457215958,2082.10952130909,0.0,7094.20519526261,0.0,0.0,0.0,0.0,29004.4466650023,101575.424499924,0.0,0.0,,,,,,False
883daa30e5fffff,27.32498,79.56693,2.65,2.65,332.48,332.48,296.31,296.31,0.0,0.0,2026-07-04,58,0,0,0,0,0,0,0,0,0.0,142.818053894013,18918.8859907694,0.0,2487.36898569422,0.0,1.0,1.0,4779.39449623559,72877.7306357219,321281.656212075,0.0,2.0,,,,,,False
883daa31dbfffff,27.32431,79.5687,3.0,3.0,331.55,331.55,296.05,296.05,0.0,0.0,2026-07-04,58,0,0,0,0,0,0,0,0,0.0,84.9303575306563,17465.2379649205,0.0,2656.02440334481,0.0,0.0,1.0,3415.04089013888,71876.6758610181,322466.947117782,0.0,2.0,,,,,,False
883daa6693fffff,27.00952,79.67732,5.03,5.03,341.04,341.04,296.27,296.27,0.0,0.0,2026-07-04,58,0,0,0,0,0,0,0,0,0.0,388.009997047495,3079.58047033468,0.0,5805.13272999362,0.0,0.0,0.0,599.008505506317,20584.0070004285,51349.3028896123,0.0,0.0,,,,,,False
883dab490bfffff,27.0854,80.08167,2.94,2.94,331.42,331.42,290.78,290.78,0.0,0.0,2026-07-05,57,0,0,0,0,0,0,0,0,0.0,780.45010551726,1153.76570361636,0.0,3132.19010974596,0.0,0.0,1.0,0.0,17183.5038123335,62497.3106646288,0.0,0.0,,,,,,False
883dab4957fffff,27.0874,80.0805,1.35,1.35,331.54,331.54,290.63,290.63,0.0,0.0,2026-07-05,57,0,0,0,0,0,0,0,0,0.0,852.077791722403,887.45869676283,0.0,2918.32422879455,0.0,0.0,1.0,0.0,18852.3202353993,62656.4588335373,0.0,0.0,,,,,,False
883dab4b3bfffff,27.11999,80.05743,4.81,4.81,343.97,343.97,294.92,294.92,0.0,0.0,2026-07-04,58,0,0,0,0,0,0,0,0,0.0,1180.94238000961,0.0,0.0,2159.14332051868,0.0,1.0,1.0,0.0,8236.54258074728,58389.6450884803,0.0,0.0,,,,,,False
883dab5963fffff,27.15831,79.91831,2.72,2.72,336.66,336.66,297.65,297.65,0.0,0.0,2026-07-04,58,0,0,0,0,0,0,0,0,0.0,2385.82316223285,0.0,0.0,3669.26715371811,0.0,0.0,1.0,0.0,547.019446885903,21747.2006120901,0.0,0.0,,,,,,False
883dac2353fffff,28.95269,78.80715,2.32,2.32,308.37,308.37,290.81,290.81,1.0,0.0,2026-07-23,39,0,0,0,0,0,0,0,0,0.0,191.445703959964,8199.38951788271,0.0,2207.02101535785,0.0,1.0,7.0,2565.96022421177,98629.1018291562,306803.862200494,0.0,14.0,,,,,,False
883dac2a69fffff,28.8343533333333,78.7693633333333,4.84666666666667,4.92,328.73,336.56,287.246666666667,292.24,1.0,0.0,2026-07-31,31,0,0,0,0,0,0,0,0,0.0,2.60468506238584,68449.8682646977,26.0,284.088304568428,6.0,347.0,415.0,18710.0744255179,432773.335219832,1113803.51982765,0.0,2.0,,,,,,False
883dac38b1fffff,28.87213,78.78416,0.41,0.41,306.73,306.73,289.61,289.61,1.0,0.0,2026-07-22,40,0,0,0,0,0,0,0,0,0.0,237.714803375654,2793.0525871842,0.0,2264.50056579431,0.0,21.0,320.0,937.430598393002,51101.9622901185,646053.147256107,0.0,1.0,,,,,,False
883dad445bfffff,29.06069,79.5211,3.85,3.85,330.18,330.18,297.26,297.26,0.0,0.0,2026-08-13,18,0,0,0,0,0,0,1,1,0.0333333333333333,55.1195446570949,30578.3606071254,2.0,686.533949126136,0.0,8.0,17.0,6279.76209744965,126658.450139499,359704.377019856,1.0,7.0,,,,,,False
883dad46e5fffff,29.06436,79.52175,4.71,4.71,337.22,337.22,292.26,292.26,0.0,0.0,2026-08-08,23,0,0,0,0,0,0,1,1,0.0333333333333333,28.1533435172509,33569.6393915545,4.0,709.559804497472,0.0,8.0,13.0,8563.6379479998,132141.235438363,356938.431658584,1.0,6.0,,,,,,False
883dae1067fffff,27.91937,78.04649,1.31,1.31,313.17,313.17,293.65,293.65,1.0,0.0,2026-07-11,51,0,0,0,0,0,0,0,0,0.0,52.7902156972912,41940.1617141036,0.0,1208.19677744785,0.0,28.0,2667.0,8510.86442237738,275348.657978328,1164311.97401775,0.0,3.0,,,,,,False
883dae1881fffff,27.78664,78.10799,8.7,8.7,338.09,338.09,298.35,298.35,0.0,0.0,2026-07-06,56,0,0,0,0,0,0,0,0,0.0,71.9925326595072,7587.0972490898,1.0,708.607357148855,0.0,10.0,27.0,2234.65985782366,75503.9283053423,281557.47526173,0.0,1.0,,,,,,False
883db0aa4dfffff,25.75208,74.75655,30.34,30.34,339.56,339.56,308.52,308.52,0.0,0.0,2026-07-10,52,0,0,0,0,0,0,0,0,0.0,1279.38254863668,0.0,0.0,,0.0,0.0,1.0,0.0,7094.63100986944,43795.0454519902,0.0,0.0,,,,,,False
883db0d1d1fffff,25.49663,74.09119,3.17,3.17,334.67,334.67,297.02,297.02,0.0,0.0,2026-07-12,50,0,0,0,0,0,0,0,0,0.0,210.873132861897,2747.26248229715,0.0,2594.35265461613,0.0,0.0,1.0,951.101004469479,14320.9175117029,56145.6625728295,0.0,0.0,,,,,,False
883db15ac7fffff,25.56656,75.42664,2.99,2.99,335.58,335.58,298.62,298.62,0.0,0.0,2026-07-11,51,0,0,0,0,0,0,0,0,0.0,642.197902770594,1201.20582508168,0.0,,0.0,0.0,1.0,0.0,5817.45128125058,29279.9085566474,0.0,0.0,,,,,,False
883db23303fffff,24.57784,74.80232,0.65,0.65,304.11,304.11,287.94,287.94,1.0,0.0,2026-08-02,29,0,0,0,0,0,0,1,1,0.0333333333333333,346.879267218546,6222.34015457533,3.0,740.626545647809,0.0,8.0,9.0,584.410234803434,23166.0688977295,65223.5540613499,1.0,2.0,,,,,,False
883db2a69bfffff,24.94367,74.94578,1.09,1.09,303.76,303.76,280.4,280.4,1.0,0.0,2026-08-05,26,0,0,0,0,0,0,1,1,0.0333333333333333,1484.00696762794,0.0,0.0,15110.5953533054,0.0,0.0,0.0,0.0,7208.02133228525,120878.278621288,0.0,0.0,,,,,,False
883db2aa21fffff,24.69039,74.67906,0.43,0.43,299.8,299.8,280.34,280.34,1.0,0.0,2026-08-29,2,1,1,1,1,1,1,1,1,0.0333333333333333,401.908147125964,3096.63216358375,86.0,639.529639391308,0.0,86.0,121.0,776.46475025829,12135.6298590269,86795.4375810478,1.0,4.0,,,,,,False
883db2ab6bfffff,24.6612133333333,74.6331183333333,1.27666666666667,2.01,303.69,308.43,289.526666666667,295.04,1.0,0.0,2026-08-23,8,0,0,4,2,4,2,4,2,0.0666666666666667,28.1728463499501,13492.1100293235,3.0,592.288506970855,0.0,3.0,5.0,5432.74352451078,31588.4062452364,93266.7956872313,1.0,2.0,,,,,,False
883db2b2b1fffff,24.934085,74.635225,1.095,1.22,305.99,306.22,287.495,292.62,1.0,0.0,2026-08-22,9,0,0,1,1,1,1,2,2,0.0666666666666667,11.9719500585049,30443.5867245152,10.0,239.653720036376,2.0,16.0,141.0,7024.66838627416,117121.999204227,352094.659907698,1.0,11.0,,,,,,False
883db2b2b5fffff,24.93235,74.63354,1.47,1.47,307.3,307.3,294.35,294.35,1.0,0.0,2026-07-11,51,0,0,0,0,0,0,0,0,0.0,36.7780072431986,35449.2385800715,9.0,268.008360652477,2.0,16.0,148.0,7915.65354586989,122924.570900513,366438.67850605,1.0,11.0,,,,,,False
883db2b2bdfffff,24.9340642857143,74.6327114285714,1.38428571428571,1.98,308.078571428571,311.44,290.041428571429,294.06,1.0,0.0,2026-08-23,8,0,0,2,2,3,3,3,3,0.1,67.4431441438993,39845.6196103025,10.0,358.171033305684,3.0,16.0,140.0,10325.8521328604,121111.259491598,352149.107048954,1.0,10.0,,,,,,False
883db2b813fffff,24.7636485714286,74.6078364285714,1.0,1.79,304.444285714286,317.65,281.768571428571,295.29,1.0,0.0,2026-08-29,2,1,1,2,2,4,4,6,6,0.2,74.0909029016473,29631.511747149,76.0,365.174122382797,11.0,76.0,81.0,10315.2264258063,89893.7659321065,290131.636954086,2.0,4.0,,,,,,False
883db2b81bfffff,24.76634,74.60545,0.78,1.08,301.41,305.62,281.475,285.42,1.0,0.0,2026-08-02,29,0,0,0,0,0,0,1,1,0.0333333333333333,34.4827761394576,19530.3558642403,68.0,464.627811257757,1.0,76.0,81.0,4350.4696253506,85771.3914460992,291622.536432397,2.0,4.0,,,,,,False
883db2b8cdfffff,24.76429,74.6105,0.9,0.9,305.21,305.21,287.0,287.0,1.0,0.0,2026-08-21,10,0,0,0,0,1,1,1,1,0.0333333333333333,21.353187264312,28480.0914621017,76.0,219.648453176372,5.0,76.0,81.0,9256.3443397186,88206.0608199857,290041.573883736,2.0,4.0,,,,,,False
883db37437fffff,24.71536,75.951535,3.125,3.89,302.865,307.76,287.885,290.36,1.0,0.0,2026-07-26,36,0,0,0,0,0,0,0,0,0.0,416.548651334918,2601.76159836761,2.0,171.488448344616,2.0,4.0,15.0,553.381009481608,14160.838432638,62381.3275357267,2.0,2.0,,,,,,False
883db375d9fffff,24.71447,75.95454,1.6,1.6,304.2,304.2,288.31,288.31,1.0,0.0,2026-08-02,29,0,0,0,0,0,0,1,1,0.0333333333333333,729.20183451534,2346.40617242222,2.0,362.499763517421,2.0,6.0,15.0,0.0,12613.3430986951,64541.1946900194,2.0,2.0,,,,,,False
883db3a8d1fffff,25.13468,75.88749,1.16,1.16,303.46,303.46,290.42,290.42,1.0,0.0,2026-07-24,38,0,0,0,0,0,0,0,0,0.0,4.17077126117493,27595.9812980885,24.0,257.397913177191,13.0,638.0,2243.0,7468.88852691482,217022.275478017,917302.003925612,1.0,13.0,,,,,,False
883db3a9c5fffff,25.06504,75.83522,2.37,2.37,335.08,335.08,292.06,292.06,0.0,0.0,2026-07-06,56,0,0,0,0,0,0,0,0,0.0,258.849374882975,13280.3261422827,24.0,640.240976164769,0.0,41.0,43.0,2540.02415817496,101629.433560622,322180.495270309,1.0,1.0,,,,,,False
883db3a9ebfffff,25.06507,75.83813,2.33,2.33,339.31,339.31,286.85,286.85,0.0,0.0,2026-07-28,34,0,0,0,0,0,0,0,0,0.0,56.4517987524772,15657.4937834302,31.0,605.700238976485,0.0,42.0,43.0,2902.91147520966,97075.2139979283,317991.447869484,1.0,1.0,,,,,,False
883db3b209fffff,25.39528,75.65504,2.12,2.12,336.28,336.28,289.2,289.2,0.0,0.0,2026-07-18,44,0,0,0,0,0,0,0,0,0.0,900.288099025465,1591.83769092797,0.0,1503.67177051671,0.0,2.0,787.0,0.0,40446.013349968,211138.224550138,0.0,1.0,,,,,,False
883db4002dfffff,26.04517,73.63165,7.5,7.5,335.1,335.1,301.82,301.82,0.0,0.0,2026-07-16,46,0,0,0,0,0,0,0,0,0.0,822.151111992587,932.018815455172,0.0,,0.0,0.0,0.0,0.0,9138.05420007239,29278.214906148,0.0,0.0,,,,,,False
883db43461fffff,26.256528,74.096782,0.966,1.17,303.968,309.4,286.482,294.95,1.0,0.0,2026-08-29,2,1,1,1,1,3,3,4,4,0.133333333333333,420.958454629427,1921.43951468586,0.0,4892.95647853969,0.0,0.0,6.0,585.434282522707,8436.92128244609,37629.9940923929,0.0,0.0,,,,,,False
883db43469fffff,26.2581877777778,74.0955083333333,1.11666666666667,3.2,307.307222222222,330.04,288.772777777778,295.1,0.944444444444444,0.0,2026-08-24,7,0,0,5,3,7,5,13,9,0.3,471.550039123019,2042.90319276378,0.0,4728.25206501718,0.0,0.0,6.0,361.354265693545,8703.56085018499,39053.6572451856,0.0,0.0,,,,,,False
883db43481fffff,26.26909,74.18841,1.898,4.35,306.248,308.83,291.554,294.62,1.0,0.0,2026-08-28,3,2,1,3,2,3,2,3,2,0.0666666666666667,232.907649011684,2441.03988928958,9.0,440.810776161836,4.0,10.0,12.0,1195.108204316,16158.2641617157,69340.7255061845,2.0,2.0,,,,,,False
883db43485fffff,26.26526,74.18788,1.56,1.56,305.14,305.14,289.72,289.72,1.0,0.0,2026-07-30,32,0,0,0,0,0,0,0,0,0.0,28.2906902914187,2486.61873825685,10.0,18.1268655229595,7.0,10.0,12.0,1247.71355417376,17892.9735360996,78334.7569687627,2.0,2.0,,,,,,False
883db436e5fffff,26.29747,74.12477,0.64,0.64,303.83,303.83,288.53,288.53,1.0,0.0,2026-08-29,2,1,1,1,1,1,1,1,1,0.0333333333333333,698.233221495605,842.111790158057,7.0,660.917344169278,0.0,12.0,13.0,0.0,3894.68987270205,39051.8166068267,1.0,2.0,,,,,,False
883db442c3fffff,25.77057,73.47473,3.76,3.76,333.84,333.84,300.99,300.99,0.0,0.0,2026-07-16,46,0,0,0,0,0,0,0,0,0.0,1238.8708653106,0.0,0.0,10454.3856702955,0.0,0.0,0.0,0.0,18901.6514994645,75160.8408378313,0.0,0.0,,,,,,False
883db44495fffff,25.779825,73.70083,2.4225,4.59,317.1925,337.67,290.8525,295.14,0.75,0.0,2026-08-05,26,0,0,0,0,0,0,1,1,0.0333333333333333,108.519591910524,2685.63626866999,0.0,10189.6362723203,0.0,0.0,0.0,972.53229678866,7714.35217245532,37045.7564628551,0.0,0.0,,,,,,False
883db44d19fffff,25.58583,73.59401,2.88,2.88,334.63,334.63,299.9,299.9,0.0,0.0,2026-07-18,44,0,0,0,0,0,0,0,0,0.0,2693.83559769417,0.0,0.0,3652.6567000982,0.0,0.0,1.0,0.0,0.0,24245.5431722053,0.0,0.0,,,,,,False
883db455d1fffff,25.83146,73.51036,3.48,3.48,335.45,335.45,301.76,301.76,0.0,0.0,2026-07-11,51,0,0,0,0,0,0,0,0,0.0,937.431387872392,685.03350748651,0.0,14582.1145359413,0.0,0.0,0.0,0.0,18694.6361891312,67062.9387500843,0.0,0.0,,,,,,False
883db45a15fffff,25.68352,73.2762,2.93,2.93,338.66,338.66,305.42,305.42,0.0,0.0,2026-07-11,51,0,0,0,0,0,0,0,0,0.0,641.370509298337,3377.08496683358,0.0,9495.45259298587,0.0,0.0,0.0,0.0,14455.8721786666,109879.922234557,0.0,0.0,,,,,,False
883db4c985fffff,25.81547,73.20258,8.56,8.56,339.53,339.53,304.63,304.63,0.0,0.0,2026-07-17,45,0,0,0,0,0,0,0,0,0.0,510.469804392516,5836.94531962077,0.0,9067.84901815673,0.0,0.0,0.0,0.0,25119.6435334333,125621.741354207,0.0,0.0,,,,,,False
883db661b5fffff,24.658035,73.8759533333333,1.63333333333333,2.85,305.928333333333,310.49,291.86,295.93,1.0,0.0,2026-08-23,8,0,0,2,2,3,3,3,3,0.1,272.145648707724,1945.17167504717,0.0,1015.61853742961,0.0,5.0,32.0,808.683497467595,19600.0667239102,145079.022817246,1.0,4.0,,,,,,False
883db6c823fffff,24.82043,73.0922166666667,1.27666666666667,2.18,304.713333333333,311.8,285.52,291.71,1.0,0.0,2026-08-24,7,0,0,1,1,2,2,2,2,0.0666666666666667,774.495727050121,2041.64927982133,3.0,636.464990808808,0.0,21.0,24.0,0.0,10144.2895764243,51941.2417652831,2.0,3.0,,,,,,False
883db6c835fffff,24.820555,73.0939475,1.775,2.87,308.5225,315.29,292.0875,294.73,1.0,0.0,2026-08-24,7,0,0,2,2,2,2,2,2,0.0666666666666667,659.344533411578,1891.72377467625,3.0,708.986703610733,0.0,21.0,24.0,0.0,10397.2110238795,50422.3386095936,1.0,3.0,,,,,,False
883db6c83dfffff,24.82274,73.09526,0.93,0.93,305.94,305.94,289.26,289.26,1.0,0.0,2026-07-14,48,0,0,0,0,0,0,0,0,0.0,385.548596180001,2101.24035135542,3.0,632.337993789828,0.0,21.0,23.0,467.166725533774,11144.5988500511,50226.1589007809,1.0,3.0,,,,,,False
88424800adfffff,30.31688,74.109225,1.27,1.35,307.255,307.79,294.205,295.03,1.0,0.0,2026-08-16,15,0,0,0,0,0,0,2,1,0.0333333333333333,767.153640143774,1169.94300288449,0.0,1803.1462214738,0.0,2.0,6.0,0.0,25444.2088798607,94330.3651275818,0.0,1.0,,,,,,False
88424805c5fffff,30.36296,74.2361,2.27,2.27,331.16,331.16,298.43,298.43,0.0,0.0,2026-08-20,11,0,0,0,0,1,1,1,1,0.0333333333333333,124.604511907603,3369.66100118256,0.0,2465.21437357675,0.0,1.0,2.0,971.413229958934,29441.1068904126,101746.922708063,0.0,0.0,,,,,,False
88424805e9fffff,30.34867,74.23013,6.85,6.85,338.78,338.78,299.85,299.85,0.0,0.0,2026-08-26,5,1,1,1,1,1,1,1,1,0.0333333333333333,325.804766372135,3203.5381554882,0.0,2373.51078595153,0.0,1.0,3.0,827.175259398012,27104.0009834177,103381.205726683,0.0,0.0,,,,,,False
8842480a61fffff,30.21528,73.96711,7.39,7.39,330.09,330.09,292.15,292.15,0.0,0.0,2026-07-22,40,0,0,0,0,0,0,0,0,0.0,417.504627774673,2408.20291044954,2.0,648.401366099589,0.0,6.0,12.0,545.931458546044,18913.0189167291,100798.382817559,0.0,0.0,,,,,,False
8842481081fffff,30.429,73.96001,3.17,3.17,334.52,334.52,303.61,303.61,0.0,0.0,2026-07-04,58,0,0,0,0,0,0,0,0,0.0,31.3989559195745,6986.11102652854,3.0,342.506247278591,2.0,6.0,13.0,990.912243490323,42330.7153851486,114904.350991413,0.0,0.0,,,,,,False
8842481101fffff,30.37027,73.86142,10.67,10.67,333.28,333.28,300.14,300.14,0.0,0.0,2026-07-27,35,0,0,0,0,0,0,0,0,0.0,942.625809925258,564.701885461014,0.0,2343.21836930513,0.0,2.0,4.0,0.0,9524.17462983642,37483.2350118978,0.0,0.0,,,,,,False
884248110dfffff,30.36536,73.85832,8.58,8.58,331.39,331.39,299.52,299.52,0.0,0.0,2026-07-27,35,0,0,0,0,0,0,0,0,0.0,722.506263739467,807.782091858742,0.0,2416.16973172537,0.0,1.0,4.0,0.0,7464.05343347059,36414.2412915762,0.0,0.0,,,,,,False
8842485109fffff,29.99296,73.6627,2.99,2.99,344.36,344.36,292.8,292.8,0.0,0.0,2026-08-02,29,0,0,0,0,0,0,1,1,0.0333333333333333,13.0010527613443,3514.47645104656,0.0,,0.0,0.0,4.0,1623.20345078986,39324.9477855421,151166.26216194,0.0,0.0,,,,,,False
884248a2e7fffff,30.75039,74.26598,4.24,4.24,341.16,341.16,300.93,300.93,0.0,0.0,2026-07-04,58,0,0,0,0,0,0,0,0,0.0,376.148992578863,3360.66265456103,0.0,1483.51768636014,0.0,1.0,1.0,626.680055187331,18809.2639645343,123513.085213751,0.0,0.0,,,,,,False
884248a335fffff,30.68387,74.19865,5.92,5.92,332.99,332.99,302.32,302.32,0.0,0.0,2026-07-03,59,0,0,0,0,0,0,0,0,0.0,1192.79105355099,0.0,0.0,4118.96845735144,0.0,0.0,6.0,0.0,14671.687043045,104755.177316616,0.0,0.0,,,,,,False
884248a339fffff,30.701265,74.198375,8.905,13.51,345.79,347.14,301.53,301.62,0.0,0.0,2026-07-03,59,0,0,0,0,0,0,0,0,0.0,2159.15554640167,0.0,0.0,6046.87489484569,0.0,0.0,0.0,0.0,2769.48445448024,67106.0340218218,0.0,0.0,,,,,,False
884248a33bfffff,30.70224,74.2039633333333,5.03,6.92,335.133333333333,341.36,299.123333333333,302.36,0.0,0.0,2026-07-04,58,0,0,0,0,0,0,0,0,0.0,1804.36901503595,0.0,0.0,6173.84575764054,0.0,0.0,0.0,0.0,5207.21499475237,76382.3498201249,0.0,0.0,,,,,,False
884248b4b1fffff,30.86808,74.35948,4.95,4.95,342.41,342.41,300.11,300.11,0.0,0.0,2026-07-04,58,0,0,0,0,0,0,0,0,0.0,61.4339579552514,8613.21161060674,1.0,742.456453712793,0.0,17.0,23.0,3468.96263607273,34922.2551937702,140110.810395427,0.0,0.0,,,,,,False
884248b531fffff,30.80576,74.26406,4.74,4.74,330.15,330.15,295.53,295.53,0.0,0.0,2026-07-11,51,0,0,0,0,0,0,0,0,0.0,177.747998077717,6253.48480157036,0.0,4052.92778137434,0.0,0.0,6.0,1006.70284739549,27562.0159191929,58111.207037118,0.0,0.0,,,,,,False
884248b53bfffff,30.81207,74.26356,4.18,4.18,342.18,342.18,295.61,295.61,0.0,0.0,2026-07-06,56,0,0,0,0,0,0,0,0,0.0,384.099126569954,5352.20014410734,0.0,4083.21909493952,0.0,0.0,5.0,1019.17918861855,26081.9529410658,59001.9695851982,0.0,0.0,,,,,,False
884248b5e9fffff,30.81978,74.283745,3.4,3.6,332.235,333.12,298.815,298.87,0.0,0.0,2026-07-03,59,0,0,0,0,0,0,0,0,0.0,289.630482728747,4826.96196042937,0.0,2412.0930121779,0.0,4.0,11.0,1447.93242391458,20199.8766715441,84005.3992285901,0.0,0.0,,,,,,False
884248b883fffff,30.655145,74.16034,3.23,4.09,332.915,335.32,295.175,300.7,0.0,0.0,2026-08-16,15,0,0,0,0,0,0,2,1,0.0333333333333333,1246.35457446618,0.0,0.0,1261.18727424169,0.0,1.0,7.0,0.0,7579.47466391719,55663.4692143448,0.0,0.0,,,,,,False
884248b89dfffff,30.66035,74.16061,5.32,5.32,337.78,337.78,303.38,303.38,0.0,0.0,2026-07-17,45,0,0,0,0,0,0,0,0,0.0,1674.00000475889,0.0,0.0,1766.03728282709,0.0,1.0,7.0,0.0,5412.686834444,46724.5060727992,0.0,0.0,,,,,,False
884248b8a9fffff,30.63576,74.14642,6.14,6.14,330.19,330.19,298.97,298.97,0.0,0.0,2026-07-09,53,0,0,0,0,0,0,0,0,0.0,702.209368803821,1786.11747824499,0.0,2277.94752529141,0.0,1.0,1.0,0.0,7206.54897080426,49146.5433498804,0.0,0.0,,,,,,False
884248b8abfffff,30.64008,74.15028,9.02,9.02,341.85,341.85,304.41,304.41,0.0,0.0,2026-07-04,58,0,0,0,0,0,0,0,0,0.0,756.011616815373,1399.88917888046,0.0,1742.73216158458,0.0,1.0,7.0,0.0,6531.87884136,54568.7635421939,0.0,0.0,,,,,,False
884248b9cdfffff,30.61226,74.08923,3.23,3.23,336.88,336.88,292.62,292.62,0.0,0.0,2026-07-18,44,0,0,0,0,0,0,0,0,0.0,978.68811033411,51.0776469088366,0.0,8344.59562689905,0.0,0.0,1.0,0.0,5640.54801470313,30915.4702144541,0.0,0.0,,,,,,False
8842490411fffff,30.88305,75.44634,3.24,3.24,334.11,334.11,299.94,299.94,0.0,0.0,2026-07-07,55,0,0,0,0,0,0,0,0,0.0,524.98673457663,2491.00337337173,0.0,2731.94275614013,0.0,0.0,5.0,0.0,18467.5449847369,95316.6861919333,0.0,0.0,,,,,,False
884249045bfffff,30.90104,75.42482,1.87,1.87,334.52,334.52,299.92,299.92,0.0,0.0,2026-07-10,52,0,0,0,0,0,0,0,0,0.0,499.470247398329,2890.64708958724,0.0,2584.18688047702,0.0,0.0,4.0,21.4431404971419,19758.8145870916,100893.174049526,0.0,0.0,,,,,,False
88424905a3fffff,30.80121,75.47137,2.36,2.36,334.22,334.22,300.67,300.67,0.0,0.0,2026-08-16,15,0,0,0,0,0,0,1,1,0.0333333333333333,83.7903858887605,49039.0813813463,26.0,352.490318739274,5.0,52.0,55.0,12333.6582322916,169143.34662757,273757.308960384,0.0,3.0,,,,,,False
88424905ebfffff,30.81996,75.44285,6.74,6.74,335.75,335.75,299.95,299.95,0.0,0.0,2026-07-17,45,0,0,0,0,0,0,0,0,0.0,984.775098238108,509.493880380586,0.0,2359.72606608275,0.0,2.0,56.0,0.0,47836.0029673439,256625.111771199,0.0,0.0,,,,,,False
884249060dfffff,30.9168,75.37228,2.79,2.79,336.52,336.52,298.78,298.78,0.0,0.0,2026-07-10,52,0,0,0,0,0,0,0,0,0.0,16.0901255029033,4792.18457104559,0.0,2416.99494310873,0.0,1.0,9.0,1217.61985485794,48802.6450994848,166141.071509388,0.0,0.0,,,,,,False
8842490613fffff,30.93144,75.40876,2.98,2.98,331.75,331.75,299.9,299.9,0.0,0.0,2026-07-07,55,0,0,0,0,0,0,0,0,0.0,49.2267254610791,13357.4527042717,1.0,843.451765923549,0.0,4.0,5.0,2928.77078944689,42062.7516080817,123771.499717886,0.0,0.0,,,,,,False
8842490631fffff,30.90927,75.40314,3.0,3.0,337.06,337.06,299.55,299.55,0.0,0.0,2026-07-15,47,0,0,0,0,0,0,0,0,0.0,275.017747137498,1920.19182999278,0.0,2655.11349527531,0.0,0.0,5.0,832.609915532017,16579.3714689921,119091.12892073,0.0,0.0,,,,,,False
8842490659fffff,30.94882,75.37264,5.99,5.99,346.68,346.68,295.95,295.95,0.0,0.0,2026-07-06,56,0,0,0,0,0,0,0,0,0.0,150.511283355751,7394.5921340541,1.0,320.24277068759,1.0,1.0,8.0,2839.97010646263,46137.6318635278,178105.268647049,0.0,0.0,,,,,,False
884249066bfffff,30.92095,75.35497,9.68,9.68,344.13,344.13,302.24,302.24,0.0,0.0,2026-07-10,52,0,0,0,0,0,0,0,0,0.0,4.60217792556178,9242.13086128123,1.0,911.788166163277,0.0,4.0,5.0,2850.35338552552,62348.216560112,179529.700313206,0.0,0.0,,,,,,False
88424906a3fffff,30.90917,75.45639,4.35,4.35,342.13,342.13,296.9,296.9,0.0,0.0,2026-07-06,56,0,0,0,0,0,0,0,0,0.0,431.930533922141,2388.246726235,0.0,2434.56067781662,0.0,1.0,9.0,281.642846687812,31129.7286138293,123855.244593779,0.0,0.0,,,,,,False
88424906e1fffff,30.917865,75.42144,3.265,4.42,333.37,335.42,298.205,299.8,0.0,0.0,2026-07-16,46,0,0,0,0,0,0,0,0,0.0,609.576504890545,5486.12660744128,1.0,786.207897418946,0.0,4.0,4.0,0.0,38287.5866130124,119022.639120579,0.0,0.0,,,,,,False
884249086dfffff,30.64247,75.19198,3.05,3.05,335.3,335.3,293.3,293.3,0.0,0.0,2026-07-07,55,0,0,0,0,0,0,0,0,0.0,215.73328359876,8153.51561891194,0.0,3010.91047118123,0.0,0.0,2.0,1433.50901869483,84188.5446467758,252304.91198761,0.0,0.0,,,,,,False
8842491405fffff,30.955085,75.26294,3.38,4.36,335.46,335.62,298.815,298.87,0.0,0.0,2026-07-09,53,0,0,0,0,0,0,0,0,0.0,267.545142497042,11882.0140908881,1.0,863.760157296751,0.0,2.0,7.0,1325.07348855365,67852.2474743062,292718.561196011,0.0,0.0,,,,,,False
88424914abfffff,30.95016,75.34042,3.61,3.61,341.12,341.12,299.49,299.49,0.0,0.0,2026-07-15,47,0,0,0,0,0,0,0,0,0.0,246.148652047142,7006.11287134451,0.0,1752.61721094337,0.0,3.0,7.0,804.375273172103,66919.8943468058,217097.304529237,0.0,0.0,,,,,,False
8842491583fffff,30.911715,75.318775,4.205,4.97,330.1,330.17,295.125,295.37,0.0,0.0,2026-07-09,53,0,0,0,0,0,0,0,0,0.0,235.673189773005,5397.60174692036,0.0,3167.28228907848,0.0,0.0,5.0,1666.55986127357,42004.39361171,214834.395403905,0.0,0.0,,,,,,False
8842492425fffff,30.88651,75.90694,0.91,0.91,309.37,309.37,295.65,295.65,1.0,0.0,2026-07-13,49,0,0,0,0,0,0,0,0,0.0,74.0069798634431,46073.4766833789,402.0,23.917910871121,38.0,2912.0,9739.0,7611.65959938591,370861.359687325,1771142.07900367,3.0,57.0,30.5_75.5_station_0,Firebrigade Station,30.9193136,75.8504599,6508.09933621508,True
884249242dfffff,30.889735,75.906365,1.69,2.51,309.82,310.41,293.51,294.62,1.0,0.0,2026-07-29,33,0,0,0,0,0,0,0,0,0.0,35.7239393595291,52466.5375068087,420.0,6.25415700858946,120.0,2985.0,9677.0,11745.4588804117,385023.480622733,1797041.6888068,4.0,55.0,30.5_75.5_station_0,Firebrigade Station,30.9193136,75.8504599,6268.39999711146,True
8842492807fffff,30.68534,75.73537,3.08,3.08,331.11,331.11,299.64,299.64,0.0,0.0,2026-07-17,45,0,0,0,0,0,0,0,0,0.0,192.645587201139,4353.66213633541,1.0,988.603924851922,0.0,62.0,73.0,1248.8799175516,66067.7776742095,237343.053406145,0.0,2.0,30.5_75.5_station_0,Firebrigade Station,30.9193136,75.8504599,28171.9603963226,True
8842492863fffff,30.68641,75.71434,6.06,6.06,345.98,345.98,299.99,299.99,0.0,0.0,2026-07-10,52,0,0,0,0,0,0,0,0,0.0,108.348791335308,10123.6167705506,49.0,87.8183286296696,31.0,53.0,69.0,2859.75588148433,61444.9951591003,238614.937225096,0.0,2.0,30.5_75.5_station_0,Firebrigade Station,30.9193136,75.8504599,28911.4313790814,True
8842493045fffff,30.94148,75.56867,6.8,6.8,332.19,332.19,293.94,293.94,0.0,0.0,2026-07-09,53,0,0,0,0,0,0,0,0,0.0,130.558427189,7956.11449432194,0.0,3145.77828310577,0.0,0.0,2.0,960.916445501803,39927.9239720183,148138.881891854,0.0,1.0,30.5_75.5_station_0,Firebrigade Station,30.9193136,75.8504599,27034.2870268217,True
8842493065fffff,30.92034,75.56538,1.86,1.86,332.22,332.22,297.83,297.83,0.0,0.0,2026-07-09,53,0,0,0,0,0,0,0,0,0.0,433.018091986614,2752.72877087634,0.0,3886.84334855423,0.0,0.0,2.0,501.131855618631,36730.2883376998,139580.507452093,0.0,1.0,30.5_75.5_station_0,Firebrigade Station,30.9193136,75.8504599,27239.9863999903,True
88424930a5fffff,30.91553,75.65636,4.26,4.26,345.26,345.26,303.26,303.26,0.0,0.0,2026-07-10,52,0,0,0,0,0,0,0,0,0.0,174.084205507318,6683.25409354209,0.0,1336.04718466868,0.0,14.0,170.0,1495.19102102014,68704.1255102709,241998.506439261,0.0,2.0,30.5_75.5_station_0,Firebrigade Station,30.9193136,75.8504599,18551.831501474,True
88424930e5fffff,30.92682,75.63877,3.19,3.19,337.66,337.66,294.95,294.95,0.0,0.0,2026-07-06,56,0,0,0,0,0,0,0,0,0.0,98.6092282818385,4904.47623590416,0.0,2050.30158184442,0.0,12.0,102.0,1850.50104804099,49584.4634549801,232000.202606032,0.0,2.0,30.5_75.5_station_0,Firebrigade Station,30.9193136,75.8504599,20243.7776634237,True
8842493153fffff,30.90497,75.57843,13.48,13.48,345.27,345.27,301.09,301.09,0.0,0.0,2026-07-07,55,0,0,0,0,0,0,0,0,0.0,409.648142531651,4949.18458362801,0.0,3161.29570038153,0.0,0.0,17.0,574.901574108177,34668.982871053,146913.059259954,0.0,0.0,30.5_75.5_station_0,Firebrigade Station,30.9193136,75.8504599,26043.4716695582,True
884249315bfffff,30.91224,75.56654,4.15,4.15,343.92,343.92,301.85,301.85,0.0,0.0,2026-07-10,52,0,0,0,0,0,0,0,0,0.0,0.0059132363739821,4867.33911566749,0.0,4388.32425851382,0.0,0.0,5.0,999.752812822426,33434.8150066928,130059.362038916,0.0,0.0,30.5_75.5_station_0,Firebrigade Station,30.9193136,75.8504599,27141.379342557,True
884249320dfffff,30.98536,75.53713,8.86,8.86,335.12,335.12,298.44,298.44,0.0,0.0,2026-07-17,45,0,0,0,0,0,0,0,0,0.0,98.7760079673762,6115.01197023191,0.0,3517.12050367139,0.0,0.0,8.0,1786.82697986882,43534.5678404709,196220.11654628,0.0,1.0,30.5_75.5_station_0,Firebrigade Station,30.9193136,75.8504599,30811.0243432201,True
884249326bfffff,30.986255,75.533095,14.455,23.16,341.605,349.5,299.415,300.42,0.0,0.0,2026-07-17,45,0,0,0,0,0,0,0,0,0.0,43.9029001882255,6933.02861535649,0.0,3743.24114733792,0.0,0.0,9.0,2061.114259373,43593.1212958674,197768.467689842,0.0,1.0,30.5_75.5_station_0,Firebrigade Station,30.9193136,75.8504599,31208.8272493605,True
8842493307fffff,30.92257,75.53016,7.67,7.67,367.0,367.0,296.62,296.62,0.0,1.0,2026-07-16,46,0,0,0,0,0,0,0,0,0.0,605.317135758434,4042.94069341832,0.0,1891.99220922456,0.0,2.0,4.0,0.0,36588.2338459829,133911.586209902,0.0,1.0,30.5_75.5_station_0,Firebrigade Station,30.9193136,75.8504599,30606.7568572473,True
8842493323fffff,30.91256,75.52628,2.21,2.21,334.64,334.64,295.91,295.91,0.0,0.0,2026-07-06,56,0,0,0,0,0,0,0,0,0.0,211.696959842303,4113.95203710938,0.0,2689.30153348838,0.0,0.0,4.0,888.684859645337,28449.4604479379,123989.170511266,0.0,0.0,30.5_75.5_station_0,Firebrigade Station,30.9193136,75.8504599,30986.0081772041,True
8842493329fffff,30.91605,75.51606,8.33,8.33,341.17,341.17,294.08,294.08,0.0,0.0,2026-07-09,53,0,0,0,0,0,0,0,0,0.0,10.1252730486687,5713.6965695767,0.0,2165.09746817116,0.0,1.0,7.0,999.179395784354,33434.5640598082,137328.112120868,0.0,0.0,30.5_75.5_station_0,Firebrigade Station,30.9193136,75.8504599,31954.9804492124,True
8842493363fffff,30.923275,75.50492,6.95,6.95,333.235,334.56,300.575,300.93,0.0,0.0,2026-07-17,45,0,0,0,0,0,0,0,0,0.0,81.8478980931031,7059.33258861054,0.0,1795.5219185289,0.0,1.0,7.0,3510.10058124411,31733.6020135139,142013.777618433,0.0,0.0,30.5_75.5_station_0,Firebrigade Station,30.9193136,75.8504599,33019.0458982714,True
8842493a1bfffff,30.84485,75.56007,5.41,5.41,337.01,337.01,293.28,293.28,0.0,0.0,2026-07-10,52,0,0,0,0,0,0,0,0,0.0,548.64234447579,3136.95766336358,0.0,1470.26255074482,0.0,3.0,16.0,0.0,32440.0048351107,149701.393430884,0.0,2.0,30.5_75.5_station_0,Firebrigade Station,30.9193136,75.8504599,28958.8423409169,True
8842493a5dfffff,30.85322,75.52117,10.45,10.45,352.16,352.16,297.46,297.46,0.0,0.0,2026-07-17,45,0,0,0,0,0,0,0,0,0.0,90.189722696117,3499.99999975793,0.0,1280.88526499054,0.0,1.0,7.0,981.868437076503,38554.021407096,142398.227114606,0.0,2.0,30.5_75.5_station_0,Firebrigade Station,30.9193136,75.8504599,32316.0806998273,True
8842493a89fffff,30.84489,75.59411,3.81,3.81,343.61,343.61,292.15,292.15,0.0,0.0,2026-07-07,55,0,0,0,0,0,0,0,0,0.0,516.532141448569,7694.20542999308,1.0,654.305789550061,0.0,3.0,25.0,0.0,41544.7562338592,172907.960146538,0.0,1.0,30.5_75.5_station_0,Firebrigade Station,30.9193136,75.8504599,25855.2110154532,True
8842494dc7fffff,30.29307,75.218005,6.365,7.06,336.79,337.51,296.05,296.88,0.0,0.0,2026-07-12,50,0,0,0,0,0,0,0,0,0.0,727.280680288248,1556.48345481795,0.0,2356.91438873422,0.0,2.0,57.0,0.0,50111.7405912807,263855.385100235,0.0,2.0,30.0_75.0_station_0,"Fire Brigade,Rampura Phul",30.2778626,75.2361164,2423.56999616988,True
884249830bfffff,31.14149,74.88973,5.03,5.03,330.12,330.12,304.14,304.14,0.0,0.0,2026-08-16,15,0,0,0,0,0,0,1,1,0.0333333333333333,1366.25796144605,0.0,0.0,6970.46727074245,0.0,0.0,0.0,0.0,20577.0027586662,115691.665735965,0.0,0.0,,,,,,False
8842498317fffff,31.136385,74.91396,5.775,6.56,330.96,331.68,304.52,304.88,0.0,0.0,2026-08-16,15,0,0,0,0,0,0,2,1,0.0333333333333333,851.361366199361,1006.82201552486,0.0,7260.48483314201,0.0,0.0,4.0,0.0,27234.8377979357,132562.544100478,0.0,0.0,,,,,,False
8842498341fffff,31.14965,74.86246,7.07,7.07,330.78,330.78,300.58,300.58,0.0,0.0,2026-08-02,29,0,0,0,0,0,0,1,1,0.0333333333333333,811.424305152823,1342.52421809421,0.0,6769.56495040552,0.0,0.0,2.0,0.0,19320.1607993132,110559.170346306,0.0,0.0,,,,,,False
8842498343fffff,31.1501866666667,74.8741733333333,5.15333333333333,7.15,331.086666666667,331.94,304.886666666667,305.45,0.0,0.0,2026-08-16,15,0,0,0,0,0,0,2,2,0.0666666666666667,921.51016689939,813.614703988644,0.0,7138.14259305069,0.0,0.0,2.0,0.0,15352.8367094447,107239.317394756,0.0,0.0,,,,,,False
8842498355fffff,31.14697,74.87986,4.58,6.1,330.455,330.78,304.14,304.18,0.0,0.0,2026-08-16,15,0,0,0,0,0,0,1,1,0.0333333333333333,1184.9841026889,0.0,0.0,7022.07624894329,0.0,0.0,2.0,0.0,14987.8447951284,108496.441104585,0.0,0.0,,,,,,False
884249871bfffff,31.2152,75.08739,3.99,3.99,336.05,336.05,298.85,298.85,0.0,0.0,2026-07-09,53,0,0,0,0,0,0,0,0,0.0,184.935720055121,2334.05023621297,0.0,1907.05325940899,0.0,1.0,1.0,858.964091725582,20070.4938600711,105683.531894836,0.0,0.0,,,,,,False
8842498c95fffff,31.05783,75.2029,4.26,4.26,331.65,331.65,300.58,300.58,0.0,0.0,2026-07-17,45,0,0,0,0,0,0,0,0,0.0,4.94669456251526,12620.7443808544,0.0,3917.46541477917,0.0,0.0,5.0,3142.24573716467,56162.546841883,218714.525108805,1.0,3.0,,,,,,False
8842498c97fffff,31.06429,75.21486,4.98,4.98,342.42,342.42,289.33,289.33,0.0,0.0,2026-07-07,55,0,0,0,0,0,0,0,0,0.0,35.5853437397544,10850.9924306282,0.0,2930.7190148091,0.0,0.0,7.0,3085.57457886446,63233.9886139334,212849.745477096,0.0,3.0,,,,,,False
8842499ac7fffff,31.13155,74.79829,7.16,7.16,330.51,330.51,305.13,305.13,0.0,0.0,2026-07-09,53,0,0,0,0,0,0,0,0,0.0,605.040561781328,1633.57215651669,0.0,3614.90861432525,0.0,0.0,1.0,0.0,32216.1788332925,171196.431914449,0.0,0.0,,,,,,False
8842499b4bfffff,31.09132,74.69658,6.14,6.14,335.57,335.57,297.88,297.88,0.0,0.0,2026-07-09,53,0,0,0,0,0,0,0,0,0.0,18.8368574862085,6333.12785055823,0.0,2145.67610844044,0.0,1.0,3.0,2092.42299844136,30170.0030304928,155148.149574536,0.0,0.0,,,,,,False
8842499b55fffff,31.07915,74.70955,4.58,5.24,330.26,330.43,301.61,302.93,0.0,0.0,2026-08-02,29,0,0,0,0,0,0,1,1,0.0333333333333333,743.469043718728,1032.37166428919,0.0,1413.11565891951,0.0,2.0,3.0,0.0,24595.3971495088,176816.32124066,0.0,0.0,,,,,,False
884249a00bfffff,31.19349,75.4631,3.83,3.83,340.35,340.35,295.07,295.07,0.0,0.0,2026-07-15,47,0,0,0,0,0,0,0,0,0.0,349.479567702986,3963.16869594628,0.0,1917.04425395624,0.0,1.0,5.0,442.81323755921,36635.970688367,183951.333313523,0.0,3.0,,,,,,False
884249a011fffff,31.19149,75.48223,9.39,9.39,346.88,346.88,299.0,299.0,0.0,0.0,2026-07-18,44,0,0,0,0,0,0,0,0,0.0,262.129631334621,8307.26183901097,0.0,2679.13864027465,0.0,0.0,5.0,855.860717458239,40199.5475353297,192205.24070312,0.0,0.0,,,,,,False
884249a017fffff,31.18654,75.49041,9.52,9.52,338.02,338.02,296.52,296.52,0.0,0.0,2026-07-17,45,0,0,0,0,0,0,0,0,0.0,15.8594484299249,9070.73018465315,0.0,3082.90724662734,0.0,0.0,2.0,3589.40041901884,42481.7980424319,186752.882383523,0.0,1.0,,,,,,False
884249a027fffff,31.15512,75.46479,1.87,1.87,332.62,332.62,298.66,298.66,0.0,0.0,2026-07-10,52,0,0,0,0,0,0,0,0,0.0,130.079451737156,6221.25061144353,0.0,2381.50988754018,0.0,3.0,56.0,2286.92520288582,47277.1390685014,257094.923793139,0.0,3.0,,,,,,False
884249a053fffff,31.20767,75.47513,2.54,2.54,336.76,336.76,300.61,300.61,0.0,0.0,2026-07-10,52,0,0,0,0,0,0,0,0,0.0,160.68310138172,5449.71428732095,0.0,3144.67067701302,0.0,0.0,4.0,2940.35647750243,40513.8318168681,218756.792114596,0.0,3.0,,,,,,False
884249a0cdfffff,31.20225,75.50029,3.885,4.05,335.315,335.51,295.505,295.56,0.0,0.0,2026-07-17,45,0,0,0,0,0,0,0,0,0.0,254.642401807113,8072.05866872956,0.0,3124.80693122803,0.0,0.0,5.0,1381.33167329907,46642.791322773,215115.499171076,0.0,0.0,,,,,,False
884249a0e9fffff,31.18962,75.495075,3.94,4.78,332.93,334.81,299.14,299.17,0.0,0.0,2026-07-17,45,0,0,0,0,0,0,0,0,0.0,53.8023316090624,11956.0565242953,0.0,3624.77327956291,0.0,0.0,3.0,2323.51481400445,41215.9959103466,189223.687606363,0.0,0.0,,,,,,False
884249a10bfffff,31.13713,75.43546,2.69,2.69,335.39,335.39,299.33,299.33,0.0,0.0,2026-07-10,52,0,0,0,0,0,0,0,0,0.0,409.809089799008,5566.57747067953,0.0,2461.01146070829,0.0,1.0,79.0,1086.68221386326,46883.4717657266,240354.767024482,0.0,3.0,,,,,,False
884249a18dfffff,31.13899,75.49283,4.03,4.03,342.72,342.72,300.06,300.06,0.0,0.0,2026-07-10,52,0,0,0,0,0,0,0,0,0.0,76.6767833382334,18046.8059918672,1.0,959.283815992829,0.0,41.0,89.0,3665.1840903857,106970.054794012,296385.173313179,0.0,5.0,,,,,,False
884249a1c3fffff,31.15095,75.48215,1.85,1.85,334.51,334.51,299.61,299.61,0.0,0.0,2026-07-10,52,0,0,0,0,0,0,0,0,0.0,213.084614947977,12519.865368833,0.0,1754.16421095524,0.0,18.0,78.0,2354.75347351215,75082.6697962098,268831.685961501,0.0,4.0,,,,,,False
884249a28dfffff,31.24065,75.4735,2.65,2.65,333.49,333.49,300.62,300.62,0.0,0.0,2026-07-15,47,0,0,0,0,0,0,0,0,0.0,65.2274139925803,18166.8226755988,1.0,615.517355107063,0.0,2.0,6.0,5238.45499668568,72536.4858803329,293628.944585011,0.0,0.0,,,,,,False
884249a349fffff,31.19588,75.35632,5.05,5.05,336.47,336.47,293.4,293.4,0.0,0.0,2026-07-03,59,0,0,0,0,0,0,0,0,0.0,392.809396373063,5432.60014373996,0.0,2104.98538194413,0.0,1.0,6.0,622.082558573272,36263.7261973424,137252.242223977,0.0,1.0,,,,,,False
884249a747fffff,31.24845,75.54182,3.98,3.98,332.55,332.55,293.92,293.92,0.0,0.0,2026-07-09,53,0,0,0,0,0,0,0,0,0.0,30.217279998219,15319.766254421,0.0,1367.89631558805,0.0,2.0,20.0,3233.34576893645,108560.720944438,470872.234889939,0.0,1.0,,,,,,False
884249a831fffff,31.01557,75.46362,1.88,1.88,335.78,335.78,299.95,299.95,0.0,0.0,2026-07-10,52,0,0,0,0,0,0,0,0,0.0,53.4763175619776,9162.86350591931,8.0,532.268190412647,0.0,51.0,276.0,2793.97427891526,51257.1009531509,230404.295051979,0.0,1.0,,,,,,False
884249a84dfffff,31.0406,75.40263,7.36,7.36,337.04,337.04,296.29,296.29,0.0,0.0,2026-07-09,53,0,0,0,0,0,0,0,0,0.0,4.79276592488167,8098.32514981124,3.0,575.309726013021,0.0,40.0,141.0,4005.56283204222,50767.3573182587,230716.13810195,0.0,1.0,,,,,,False
884249a85bfffff,31.06116,75.44482,5.37,5.37,331.38,331.38,297.62,297.62,0.0,0.0,2026-07-09,53,0,0,0,0,0,0,0,0,0.0,167.853891173181,7173.81809179636,0.0,1134.64157361788,0.0,12.0,166.0,1963.94934408235,54346.9635960591,244263.209269199,0.0,3.0,,,,,,False
884249a8bdfffff,31.01746,75.52035,3.27,3.27,330.64,330.64,286.44,286.44,0.0,0.0,2026-07-18,44,0,0,0,0,0,0,0,0,0.0,104.514333628453,10824.9604721689,1.0,868.251009848392,0.0,15.0,72.0,1609.82284398328,69368.7059396485,230731.906058941,0.0,0.0,,,,,,False
884249a981fffff,30.97915,75.47494,6.14,6.14,334.73,334.73,297.57,297.57,0.0,0.0,2026-07-03,59,0,0,0,0,0,0,0,0,0.0,24.9688169110175,8987.65996832779,18.0,190.121246915758,3.0,68.0,183.0,3396.61678988168,43804.2454059972,168218.385627648,0.0,0.0,,,,,,False
884249aae7fffff,31.06181,75.4504,5.37,5.37,332.79,332.79,296.25,296.25,0.0,0.0,2026-07-09,53,0,0,0,0,0,0,0,0,0.0,276.156322525317,9759.84645442145,1.0,986.602331028468,0.0,59.0,163.0,1350.58177152843,65238.879622828,242955.998625276,0.0,3.0,,,,,,False
884249aae9fffff,31.07811,75.43894,4.08,4.08,332.69,332.69,293.15,293.15,0.0,0.0,2026-07-10,52,0,0,0,0,0,0,0,0,0.0,157.809682948606,7306.99726645507,1.0,458.178433166492,1.0,17.0,158.0,2395.65012138958,65532.192866002,248936.091457833,0.0,6.0,,,,,,False
884249ad2dfffff,31.02118,75.56987,2.16,2.16,336.5,336.5,290.43,290.43,0.0,0.0,2026-07-07,55,0,0,0,0,0,0,0,0,0.0,69.4848281108128,8087.9299313258,0.0,3546.29316127069,0.0,0.0,13.0,2421.44783820879,52931.6920433537,269334.849236745,0.0,3.0,,,,,,False
884249af2dfffff,31.06244,75.52641,3.65,3.65,341.68,341.68,300.9,300.9,0.0,0.0,2026-07-15,47,0,0,0,0,0,0,0,0,0.0,34.5168767771725,7806.42417219458,34.0,246.01138856945,5.0,58.0,93.0,2434.80677738393,57891.3811315636,253171.126496849,0.0,5.0,,,,,,False
884249af65fffff,31.06997,75.50892,4.69,4.69,335.68,335.68,294.31,294.31,0.0,0.0,2026-07-09,53,0,0,0,0,0,0,0,0,0.0,74.2805002920149,15076.343179937,17.0,546.874913781979,0.0,53.0,160.0,2746.14625570197,47782.1079601909,258736.822254977,0.0,5.0,,,,,,False
884249b031fffff,31.26011,75.32078,3.28,3.28,342.0,342.0,296.3,296.3,0.0,0.0,2026-07-16,46,0,0,0,0,0,0,0,0,0.0,196.26842231731,6007.95847927339,1.0,762.95677051923,0.0,1.0,5.0,1233.27204664016,25609.0110979973,121030.72632729,0.0,0.0,,,,,,False
884249b0edfffff,31.272,75.34055,2.35,2.35,333.66,333.66,297.88,297.88,0.0,0.0,2026-07-09,53,0,0,0,0,0,0,0,0,0.0,221.060977583776,3430.97496069212,0.0,1629.46679215557,0.0,1.0,32.0,1479.60089440724,30453.0433397039,133497.780304365,0.0,2.0,,,,,,False
884249b19dfffff,31.23475,75.36227,2.55,2.55,338.39,338.39,298.9,298.9,0.0,0.0,2026-07-10,52,0,0,0,0,0,0,0,0,0.0,787.981108575232,3933.53199396702,0.0,3195.75652043097,0.0,0.0,5.0,0.0,29562.7462883133,127473.441804554,0.0,1.0,,,,,,False
884249b1ddfffff,31.25206,75.33861,5.45,5.45,346.05,346.05,291.04,291.04,0.0,0.0,2026-07-05,57,0,0,0,0,0,0,0,0,0.0,678.058425085781,1409.3099909496,0.0,2041.25468492826,0.0,1.0,5.0,0.0,23263.1460763811,121870.344467353,0.0,0.0,,,,,,False
884249b437fffff,31.32615,75.5023,3.05,3.05,334.28,334.28,293.72,293.72,0.0,0.0,2026-07-06,56,0,0,0,0,0,0,0,0,0.0,95.2066259167434,9855.31544014119,0.0,1282.5732826438,0.0,28.0,83.0,2042.55083660932,119683.868034789,668238.590121979,0.0,1.0,,,,,,False
884249b801fffff,31.11518,75.28599,8.76,8.76,340.07,340.07,295.97,295.97,0.0,0.0,2026-07-09,53,0,0,0,0,0,0,0,0,0.0,632.504144395842,3918.15644070729,2.0,952.710171940833,0.0,26.0,105.0,0.0,50152.3131300908,224967.783679078,0.0,0.0,,,,,,False
884249b807fffff,31.11551,75.28816,4.11,4.11,336.01,336.01,298.72,298.72,0.0,0.0,2026-07-09,53,0,0,0,0,0,0,0,0,0.0,500.633106050073,2860.18474184961,3.0,782.333273525031,0.0,19.0,110.0,0.0,49574.0055601568,227008.868482272,0.0,1.0,,,,,,False
884249b823fffff,31.09349,75.29311,2.32,2.32,336.62,336.62,299.7,299.7,0.0,0.0,2026-07-15,47,0,0,0,0,0,0,0,0,0.0,39.9247517323045,10324.7080746031,7.0,238.172111038532,3.0,56.0,730.0,3475.92232899919,65173.3021475406,287996.42830644,0.0,4.0,,,,,,False
884249b837fffff,31.09759,75.31452,8.28,8.28,352.21,352.21,296.5,296.5,0.0,0.0,2026-07-16,46,0,0,0,0,0,0,0,0,0.0,57.5828042911253,6843.17037619126,5.0,893.808736814788,0.0,261.0,826.0,2041.36061067044,88272.9358632768,319126.633938843,0.0,9.0,,,,,,False
884249b8c7fffff,31.129545,75.337595,4.63,5.09,331.055,331.14,297.155,297.24,0.0,0.0,2026-07-03,59,0,0,0,0,0,0,0,0,0.0,138.85799647396,15924.1129949216,7.0,515.213143560059,0.0,39.0,350.0,2344.19987663985,77855.0926892414,256536.057596982,1.0,7.0,,,,,,False
884249b937fffff,31.04544,75.28044,1.92,1.92,332.58,332.58,298.83,298.83,0.0,0.0,2026-07-10,52,0,0,0,0,0,0,0,0,0.0,131.519182507306,9943.85822074684,0.0,2424.8626412298,0.0,3.0,53.0,2566.41876738137,49645.2686297026,242387.060513489,0.0,0.0,,,,,,False
884249b961fffff,31.05314,75.23207,3.46,3.46,333.03,333.03,300.88,300.88,0.0,0.0,2026-07-17,45,0,0,0,0,0,0,0,0,0.0,1.08955369611971,12793.6680405183,0.0,2676.68568813064,0.0,0.0,11.0,3260.56747627557,57206.4182916782,213539.657460951,0.0,3.0,,,,,,False
884249b9c1fffff,31.08517,75.3003,6.55,6.55,331.77,331.77,294.95,294.95,0.0,0.0,2026-07-09,53,0,0,0,0,0,0,0,0,0.0,257.072912379593,8997.72819811078,11.0,772.137195313836,0.0,83.0,776.0,2248.81271553109,75430.2133513785,302959.485603387,0.0,6.0,,,,,,False
884249b9c3fffff,31.08356,75.31548,4.99,4.99,332.32,332.32,298.31,298.31,0.0,0.0,2026-07-09,53,0,0,0,0,0,0,0,0,0.0,73.973682944929,19252.5031559807,51.0,198.37763345247,9.0,538.0,843.0,5790.09603963939,107625.724334,320769.988476565,0.0,7.0,,,,,,False
884249b9cdfffff,31.08197,75.29525,5.24,5.24,346.69,346.69,288.02,288.02,0.0,0.0,2026-07-05,57,0,0,0,0,0,0,0,0,0.0,248.226069448342,9904.4778137289,10.0,651.062833521559,0.0,50.0,748.0,1053.80080973863,68979.777903433,296793.765379101,0.0,6.0,,,,,,False
884249ba17fffff,31.169445,75.27308,7.48,7.52,338.27,338.73,298.31,298.4,0.0,0.0,2026-07-09,53,0,0,0,0,0,0,0,0,0.0,475.257770587811,4175.97821894446,2.0,876.119276356086,0.0,18.0,33.0,308.300143334538,48285.5366007699,191055.594024302,0.0,1.0,,,,,,False
884249ba6bfffff,31.16534,75.220735,2.71,2.86,332.005,333.32,300.82,301.09,0.0,0.0,2026-07-09,53,0,0,0,0,0,0,0,0,0.0,434.520798170518,10361.4788377614,4.0,849.010055251814,0.0,25.0,53.0,727.85990528107,76476.6537118535,217500.264921592,0.0,0.0,,,,,,False
884249bb09fffff,31.12253,75.20639,4.6,4.6,335.27,335.27,299.5,299.5,0.0,0.0,2026-07-14,48,0,0,0,0,0,0,0,0,0.0,13.8384329870562,9891.13859142953,3.0,273.199077055958,2.0,5.0,44.0,3354.64887880322,52647.0048708319,211979.475520172,0.0,2.0,,,,,,False
884249bb43fffff,31.12208,75.20198,6.0,6.0,340.77,340.77,299.55,299.55,0.0,0.0,2026-07-14,48,0,0,0,0,0,0,0,0,0.0,165.834795526507,10139.4908905359,3.0,140.13751290704,3.0,5.0,42.0,3142.79252238071,53787.7064984695,214134.887723688,0.0,2.0,,,,,,False
884249c8a3fffff,30.59028,74.81104,3.41,3.41,332.2,332.2,300.42,300.42,0.0,0.0,2026-08-13,18,0,0,0,0,0,0,1,1,0.0333333333333333,63.1774642944477,28626.5878639913,12.0,528.402138602502,0.0,61.0,70.0,6751.20863260485,97429.0193567344,219706.382204901,0.0,0.0,,,,,,False
88424a15c1fffff,29.36683,73.9754,9.05,9.05,340.65,340.65,280.44,280.44,0.0,0.0,2026-07-05,57,0,0,0,0,0,0,0,0,0.0,1477.78342853778,0.0,0.0,,0.0,0.0,0.0,0.0,4268.80342009238,40039.5569744569,0.0,1.0,,,,,,False
88424a2359fffff,29.32052,74.35227,3.8,3.8,338.87,338.87,292.64,292.64,0.0,0.0,2026-08-12,19,0,0,0,0,0,0,1,1,0.0333333333333333,125.367686560626,13629.5934318865,0.0,7871.64172228255,0.0,1.0,1.0,2983.52361105154,55243.9083846363,215792.935803379,0.0,0.0,,,,,,False
88424a3013fffff,29.39208,74.30708,5.84,5.84,330.09,330.09,301.2,301.2,0.0,0.0,2026-08-20,11,0,0,0,0,1,1,1,1,0.0333333333333333,242.590494789233,7152.53252806551,0.0,5902.11571531934,0.0,0.0,0.0,1026.69498379946,48736.3655453892,228911.600158174,0.0,0.0,,,,,,False
88424b55cdfffff,29.4620933333333,74.94279,2.74,4.54,326.216666666667,334.73,296.34,296.93,0.333333333333333,0.0,2026-07-14,48,0,0,0,0,0,0,0,0,0.0,63.3146577841507,4966.31215317933,0.0,,0.0,0.0,1.0,2147.18007222639,45198.5718806176,200378.956471561,0.0,0.0,,,,,,False
88424b8d01fffff,29.908875,74.95354,2.535,2.55,313.315,316.28,294.18,296.01,1.0,0.0,2026-08-27,4,1,1,1,1,2,2,2,2,0.0666666666666667,94.2398743805593,18461.3937252664,0.0,2254.46214864865,0.0,1.0,3.0,5031.3260667195,81583.903153957,195164.38670658,1.0,4.0,,,,,,False
88424b8d09fffff,29.9107766666667,74.9511883333333,8.35,15.45,327.705,349.11,293.396666666667,303.3,0.833333333333333,0.0,2026-08-29,2,3,2,3,2,6,3,6,3,0.1,82.1810396488367,18700.5928886237,0.0,2166.55475306719,0.0,1.0,4.0,6079.14954294668,84168.3584521836,193074.823874319,1.0,4.0,,,,,,False
88424b8d0dfffff,29.907725,74.949865,3.03,4.03,317.2125,324.48,292.7625,295.82,1.0,0.0,2026-08-27,4,2,1,2,1,3,2,3,2,0.0666666666666667,12.2401384527206,14364.5272990796,0.0,2523.70795457438,0.0,0.0,3.0,3836.43197805772,77644.5363623149,193936.219513195,1.0,4.0,,,,,,False
88424b8d47fffff,29.91061,74.94411,15.45,15.45,315.32,315.32,294.79,294.79,1.0,0.0,2026-08-27,4,1,1,1,1,1,1,1,1,0.0333333333333333,277.290028320185,10428.6089189579,0.0,2592.81967197546,0.0,0.0,3.0,883.388609613235,79093.9471097379,190304.0806973,1.0,4.0,,,,,,False
88424b8d55fffff,29.92113,74.95334,0.68,0.68,307.08,307.08,289.61,289.61,1.0,0.0,2026-07-27,35,0,0,0,0,0,0,0,0,0.0,70.138351900743,29309.8721026766,0.0,1142.93479959562,0.0,1.0,12.0,8011.36481158575,77342.7575793205,197922.565019219,1.0,4.0,,,,,,False
88424bd687fffff,29.87508,74.6829,1.22,1.22,307.78,307.78,292.67,292.67,1.0,0.0,2026-07-09,53,0,0,0,0,0,0,0,0,0.0,83.6783871922317,3252.4561486814,0.0,27615.5104178373,0.0,0.0,0.0,984.675064426108,18887.7580423869,89305.0457721492,0.0,0.0,,,,,,False
88424d2631fffff,31.57862,74.81806,3.13,3.13,332.74,332.74,293.89,293.89,0.0,0.0,2026-08-30,1,1,1,1,1,1,1,1,1,0.0333333333333333,286.953786931364,8500.21181077281,0.0,,0.0,0.0,15.0,1758.61088988418,66368.2429016361,434878.552620842,0.0,23.0,,,,,,False
88424d65a1fffff,31.09672,74.66486,2.55,2.55,334.8,334.8,294.92,294.92,0.0,0.0,2026-07-06,56,0,0,0,0,0,0,0,0,0.0,427.228516810035,2876.58622791385,0.0,4042.03941300409,0.0,0.0,3.0,540.757509358355,38339.2774971485,131784.573976455,0.0,0.0,,,,,,False
88424d65a9fffff,31.0982,74.66657,5.88,5.88,331.43,331.43,297.91,297.91,0.0,0.0,2026-07-03,59,0,0,0,0,0,0,0,0,0.0,615.370778824544,3515.49735801076,0.0,4074.75076779012,0.0,0.0,3.0,0.0,40718.2942919318,135232.240409298,0.0,0.0,,,,,,False
88424d6e87fffff,31.05405,74.64898,4.81,4.81,335.86,335.86,295.93,295.93,0.0,0.0,2026-07-11,51,0,0,0,0,0,0,0,0,0.0,154.792472425579,3635.49206088295,0.0,3623.24261471955,0.0,0.0,5.0,946.996158921443,26829.2184082079,131917.567959723,0.0,0.0,,,,,,False
88424d6e8dfffff,31.06217,74.63506,7.83,7.83,334.69,334.69,301.3,301.3,0.0,0.0,2026-07-17,45,0,0,0,0,0,0,0,0,0.0,138.402619778781,1128.83059853928,0.0,4811.78539028192,0.0,0.0,7.0,518.039978476644,15983.90204209,118121.280199532,0.0,0.0,,,,,,False
88425145b5fffff,27.42688,70.55411,0.61,0.61,300.66,300.66,279.88,279.88,1.0,0.0,2026-07-07,55,0,0,0,0,0,0,0,0,0.0,446.17143543556,1788.8941680017,0.0,10117.4875324894,0.0,0.0,0.0,447.648486841619,4914.10799443135,17657.7973908665,0.0,0.0,,,,,,False
88425145b7fffff,27.42854,70.5625633333333,2.38,2.56,318.716666666667,328.14,296.446666666667,299.86,1.0,0.0,2026-07-11,51,0,0,0,0,0,0,0,0,0.0,223.808895420392,1936.42506132706,0.0,10456.810675751,0.0,0.0,0.0,892.032528679754,4952.54766399872,17829.6312550452,0.0,0.0,,,,,,False
8842514727fffff,27.45619,70.430855,8.5,9.08,344.245,344.42,308.29,308.36,0.0,0.0,2026-08-30,1,2,1,2,1,2,1,2,1,0.0333333333333333,3521.5875649349,0.0,0.0,10449.9062294506,0.0,0.0,0.0,0.0,0.0,13322.0565518832,0.0,0.0,,,,,,False
8842514e1dfffff,27.39752,70.45696,2.92,2.92,337.66,337.66,300.58,300.58,0.0,0.0,2026-07-29,33,0,0,0,0,0,0,0,0,0.0,36.5815735006311,4492.01095146397,0.0,4171.71637817842,0.0,0.0,1.0,1754.52286456373,15444.1979326532,58440.4984198708,0.0,2.0,,,,,,False
8842514ec9fffff,27.4148,70.48415,5.2,5.2,341.12,341.12,308.33,308.33,0.0,0.0,2026-07-16,46,0,0,0,0,0,0,0,0,0.0,280.365531709271,1917.32558991256,0.0,3869.48801058762,0.0,0.0,1.0,826.685037263177,12208.8110896178,50898.9282850383,0.0,1.0,,,,,,False
8842514ecbfffff,27.41405,70.48518,4.14,4.14,340.04,340.04,302.54,302.54,0.0,0.0,2026-07-16,46,0,0,0,0,0,0,0,0,0.0,354.399712798282,1891.03585675267,0.0,3761.97340891302,0.0,0.0,1.0,701.685610415852,12791.1018106935,53274.7238881396,0.0,1.0,,,,,,False
8842514eebfffff,27.394805,70.488365,5.015,6.81,338.705,342.4,299.085,305.48,0.0,0.0,2026-08-15,16,0,0,0,0,0,0,2,1,0.0333333333333333,78.0793768720458,5686.26501996393,0.0,1640.20106679164,0.0,1.0,1.0,1505.19519182032,26299.5657415236,74205.3883420634,0.0,2.0,,,,,,False
8842516023fffff,27.45856,70.80839,6.76,6.76,339.68,339.68,298.84,298.84,0.0,0.0,2026-07-21,41,0,0,0,0,0,0,0,0,0.0,264.86085958865,2963.86401735981,0.0,20059.5783714541,0.0,0.0,0.0,754.331217254455,7172.44162223223,21721.6528388989,0.0,0.0,,,,,,False
8842516115fffff,27.43431,70.793,4.25,4.25,336.22,336.22,303.02,303.02,0.0,0.0,2026-08-22,9,0,0,1,1,1,1,1,1,0.0333333333333333,163.231957024931,1972.84341614073,0.0,21038.3782256372,0.0,0.0,0.0,944.095307020352,8276.00852248212,41587.7962837283,0.0,0.0,,,,,,False
884251611dfffff,27.43514,70.78793,3.19,3.19,340.31,340.31,305.64,305.64,0.0,0.0,2026-08-22,9,0,0,1,1,1,1,1,1,0.0333333333333333,570.038357374753,1577.45431665805,0.0,21547.7555577948,0.0,0.0,0.0,0.0,7468.10164179373,41222.840783799,0.0,0.0,,,,,,False
8842516183fffff,27.43725,70.85397,3.56,3.56,340.27,340.27,313.15,313.15,0.0,0.0,2026-08-28,3,1,1,1,1,1,1,1,1,0.0333333333333333,2884.01094092437,0.0,0.0,15140.8571071604,0.0,0.0,0.0,0.0,0.0,45105.213221989,0.0,0.0,,,,,,False
8842516195fffff,27.43703,70.86094,3.58,3.58,345.55,345.55,300.8,300.8,0.0,0.0,2026-08-21,10,0,0,0,0,1,1,1,1,0.0333333333333333,3281.0136026455,0.0,0.0,14459.3692951443,0.0,0.0,0.0,0.0,0.0,37643.0800811804,0.0,0.0,,,,,,False
88425161b9fffff,27.43482,70.8578,2.03,2.03,340.0,340.0,304.94,304.94,0.0,0.0,2026-08-28,3,1,1,1,1,1,1,1,1,0.0333333333333333,3065.61893652376,0.0,0.0,14720.4165141642,0.0,0.0,0.0,0.0,0.0,42406.5362045239,0.0,0.0,,,,,,False
8842516ad3fffff,27.40972,70.83074,3.8,4.72,343.06,347.24,296.97,297.35,0.0,0.0,2026-08-05,26,0,0,0,0,0,0,1,1,0.0333333333333333,66.1283826694804,4878.9668716617,0.0,17076.7378678413,0.0,0.0,0.0,997.775699611959,28348.7111036429,56894.4043302918,0.0,0.0,,,,,,False
8842516cb1fffff,27.39587,71.04128,3.65,3.65,339.04,339.04,300.97,300.97,0.0,0.0,2026-08-30,1,1,1,1,1,1,1,1,1,0.0333333333333333,689.029311266036,3999.45367768224,0.0,3664.98703371148,0.0,0.0,49.0,0.0,14471.8538605418,48898.415888526,0.0,0.0,,,,,,False
8842516cbdfffff,27.3954,71.0371,4.08,4.08,343.46,343.46,301.58,301.58,0.0,0.0,2026-08-30,1,1,1,1,1,1,1,1,1,0.0333333333333333,275.135694261968,3100.04481141484,0.0,3295.48216085686,0.0,0.0,49.0,833.966165849322,14294.5860191953,49395.3508002121,0.0,0.0,,,,,,False
8842516d89fffff,27.36558,70.99329,4.49,4.49,340.85,340.85,292.66,292.66,0.0,0.0,2026-07-21,41,0,0,0,0,0,0,0,0,0.0,788.538112263382,1395.16220241805,0.0,4446.59463762274,0.0,0.0,44.0,0.0,20755.2393911725,51426.6274541767,0.0,0.0,,,,,,False
8842516dcbfffff,27.377665,70.97839,6.73,6.73,337.95,339.4,300.67,301.02,0.0,0.0,2026-08-12,19,0,0,0,0,0,0,2,1,0.0333333333333333,1123.44558037851,0.0,0.0,3920.45951107876,0.0,0.0,49.0,0.0,9922.8956293693,40079.27858456,0.0,0.0,,,,,,False
8842516e17fffff,27.447105,70.942345,6.18,6.71,336.365,337.36,296.085,296.59,0.0,0.0,2026-07-08,54,0,0,0,0,0,0,0,0,0.0,4646.13690297111,0.0,0.0,7267.04320276397,0.0,0.0,0.0,0.0,0.0,4522.21691082262,0.0,0.0,,,,,,False
8842516e2dfffff,27.42161,70.90594,4.14,4.14,342.23,342.23,303.25,303.25,0.0,0.0,2026-08-22,9,0,0,1,1,1,1,1,1,0.0333333333333333,590.055662857227,1599.27929998486,0.0,9790.05889686867,0.0,0.0,0.0,0.0,6856.56800442495,12129.9650241512,0.0,0.0,,,,,,False
8842516ee7fffff,27.43957,70.96024,13.03,13.03,354.18,354.18,305.41,305.41,0.0,0.0,2026-07-14,48,0,0,0,0,0,0,0,0,0.0,5419.40252115884,0.0,0.0,5330.65910226743,0.0,0.0,0.0,0.0,0.0,0.0,0.0,0.0,,,,,,False
884251770dfffff,27.62523,70.73109,2.05,2.05,341.31,341.31,309.66,309.66,0.0,0.0,2026-08-30,1,1,1,1,1,1,1,1,1,0.0333333333333333,,0.0,0.0,,0.0,0.0,0.0,0.0,0.0,0.0,0.0,0.0,,,,,,False
8842517a33fffff,27.444285,70.63035,7.23,7.23,350.43,367.0,296.31,297.12,0.0,0.5,2026-07-17,45,0,0,0,0,0,0,0,0,0.0,92.095360403105,2071.01997749869,0.0,14989.3963490709,0.0,0.0,0.0,981.970176054415,10611.9875473602,29666.5739471051,0.0,0.0,,,,,,False
8842517a37fffff,27.440985,70.62646,21.06,21.06,360.645,367.0,295.88,295.94,0.0,0.5,2026-07-17,45,0,0,0,0,0,0,0,0,0.0,23.1533546464317,2011.25915551621,0.0,14465.7653575887,0.0,0.0,0.0,1010.25092662977,10357.6296139214,29418.7090570818,0.0,0.0,,,,,,False
8842517b4bfffff,27.424455,70.55618,1.66,1.8,304.71,308.29,279.05,280.12,1.0,0.0,2026-07-07,55,0,0,0,0,0,0,0,0,0.0,113.931872864602,1986.21076852228,0.0,9886.01523239732,0.0,0.0,0.0,972.886243829603,5577.28757823516,18240.0710392157,0.0,0.0,,,,,,False
8842517b59fffff,27.42974,70.56883,2.03,2.03,312.55,312.55,276.98,276.98,1.0,0.0,2026-07-07,55,0,0,0,0,0,0,0,0,0.0,63.253900224787,1967.34730916695,0.0,10742.2701618522,0.0,0.0,0.0,965.643152897236,4966.84780427856,18048.3351952078,0.0,0.0,,,,,,False
8842517b5bfffff,27.43431,70.57777,1.54,1.54,341.29,341.29,302.69,302.69,0.0,0.0,2026-07-19,43,0,0,0,0,0,0,0,0,0.0,578.742837504671,1630.06028173458,0.0,11496.7218494783,0.0,0.0,0.0,0.0,4752.61211395519,18400.9660024729,0.0,0.0,,,,,,False
8842517b5dfffff,27.42589,70.56355,1.52,1.52,312.2,312.2,277.78,277.78,1.0,0.0,2026-07-07,55,0,0,0,0,0,0,0,0,0.0,81.4245667464797,2040.17111737787,0.0,10194.2896461824,0.0,0.0,0.0,985.897081037092,6627.84714076324,18355.5133878112,0.0,0.0,,,,,,False
884253022dfffff,26.76386,70.40228,4.13,4.13,336.47,336.47,302.52,302.52,0.0,0.0,2026-07-16,46,0,0,0,0,0,0,0,0,0.0,652.053851234675,1514.1101010734,0.0,,0.0,0.0,0.0,0.0,4745.79677158672,18316.703645914,0.0,0.0,,,,,,False
8842530a6bfffff,26.633165,70.387795,5.76,6.8,342.0,342.14,302.1,303.32,0.0,0.0,2026-08-27,4,2,1,2,1,2,1,2,1,0.0333333333333333,106.765181785849,3293.23584063796,0.0,,0.0,0.0,0.0,1449.64308581157,10175.2891380235,19343.9587749747,0.0,0.0,,,,,,False
884253261bfffff,26.93208,71.06648,2.18,2.18,339.92,339.92,306.61,306.61,0.0,0.0,2026-07-14,48,0,0,0,0,0,0,0,0,0.0,71.8485088302491,10060.0837534554,0.0,,0.0,0.0,57.0,3562.02414499305,58805.7380715215,163798.927234602,0.0,0.0,,,,,,False
8842536159fffff,26.40632,70.71772,3.41,3.41,344.97,344.97,304.91,304.91,0.0,0.0,2026-07-18,44,0,0,0,0,0,0,0,0,0.0,3950.44565474873,0.0,0.0,,0.0,0.0,0.0,0.0,0.0,3135.56050446431,0.0,0.0,,,,,,False
8842536c39fffff,26.34472,70.91782,3.27,3.27,340.29,340.29,301.53,301.53,0.0,0.0,2026-08-15,16,0,0,0,0,0,0,1,1,0.0333333333333333,437.261018183765,1896.27708430126,0.0,,0.0,0.0,0.0,518.951128781044,7745.00014792719,16090.259774585,0.0,0.0,,,,,,False
8842537a81fffff,26.40959,70.62104,11.76,11.76,343.47,343.47,300.71,300.71,0.0,0.0,2026-07-27,35,0,0,0,0,0,0,0,0,0.0,10312.921460305,0.0,0.0,,0.0,0.0,0.0,0.0,0.0,2012.52973538368,0.0,0.0,,,,,,False
884253b757fffff,27.26595,70.57675,3.8,3.8,340.11,340.11,305.99,305.99,0.0,0.0,2026-07-18,44,0,0,0,0,0,0,0,0,0.0,3712.82122776307,0.0,0.0,7198.62544003441,0.0,0.0,0.0,0.0,0.0,13096.3806815853,0.0,1.0,,,,,,False
8842580029fffff,27.68631,72.68755,2.79,2.79,335.23,335.23,294.36,294.36,0.0,0.0,2026-08-21,10,0,0,0,0,1,1,1,1,0.0333333333333333,154.934337009853,3598.65181240216,0.0,,0.0,0.0,0.0,2562.82867413568,6643.40328898229,22329.8858772394,0.0,0.0,,,,,,False
8842580f63fffff,27.6034,72.76125,0.47,0.47,306.53,306.53,295.26,295.26,1.0,0.0,2026-07-14,48,0,0,0,0,0,0,0,0,0.0,414.813896976763,1763.09590591174,0.0,,0.0,0.0,0.0,527.489915646395,4944.41440112236,16591.301500648,0.0,0.0,,,,,,False
8842588b3dfffff,27.84864,72.34029,1.32,1.32,309.6,309.6,292.24,292.24,1.0,0.0,2026-07-16,46,0,0,0,0,0,0,0,0,0.0,786.68085377434,1270.88019415685,0.0,,0.0,0.0,0.0,0.0,5220.27939011126,19080.3491502301,0.0,0.0,,,,,,False
884258cb47fffff,27.49929,72.13013,5.66,5.66,337.12,337.12,289.65,289.65,1.0,0.0,2026-07-29,33,0,0,0,0,0,0,0,0,0.0,3075.07487871741,0.0,0.0,5539.39454020219,0.0,0.0,0.0,0.0,0.0,23642.5331368294,0.0,1.0,,,,,,False
884259b36dfffff,28.61605,73.78303,8.5,8.5,330.42,330.42,294.12,294.12,0.0,0.0,2026-08-09,22,0,0,0,0,0,0,1,1,0.0333333333333333,448.087486221398,1708.72068256374,0.0,,0.0,0.0,0.0,266.109904064091,7556.47070253194,25933.019784318,0.0,0.0,,,,,,False
88425a11b7fffff,26.66642,72.53803,4.49,4.49,342.67,342.67,293.11,293.11,0.0,0.0,2026-08-16,15,0,0,0,0,0,0,1,1,0.0333333333333333,1055.97752316865,0.0,0.0,,0.0,0.0,1.0,0.0,4001.94550987114,27484.8646768191,0.0,1.0,,,,,,False
88425a6027fffff,26.30337,72.90213,1.36,1.36,304.93,304.93,291.55,291.55,1.0,0.0,2026-08-13,18,0,0,0,0,0,0,1,1,0.0333333333333333,177.156074764282,15087.7115192121,0.0,,0.0,0.0,16.0,3457.46641207716,81192.8634841306,310897.329733148,0.0,0.0,,,,,,False
88425a9b27fffff,26.85779,72.11017,4.51,4.51,338.83,338.83,311.09,311.09,0.0,0.0,2026-08-31,0,1,1,1,1,1,1,1,1,0.0333333333333333,253.352254319519,1936.16631439104,0.0,,0.0,0.0,0.0,859.018583256902,9194.8225742054,22370.4786973191,0.0,0.0,,,,,,False
88425b0193fffff,27.07989,73.816555,1.12,2.06,304.45,306.1,290.5275,291.95,1.0,0.0,2026-08-30,1,1,1,1,1,2,2,4,4,0.133333333333333,499.04993185805,1911.81003793961,0.0,2127.8546815557,0.0,1.0,1.0,40.3924948982978,17303.4110526223,49118.0783096271,0.0,0.0,,,,,,False
88425b1499fffff,27.287938,73.839218,1.072,1.14,305.84,308.69,290.412,294.44,1.0,0.0,2026-08-23,8,0,0,1,1,3,3,3,3,0.1,1212.43999493529,0.0,0.0,3084.44769274333,0.0,0.0,1.0,0.0,6694.96270746163,30592.6676088858,0.0,0.0,,,,,,False
88425b4d39fffff,26.6053616666667,73.6838683333333,0.98,1.83,304.481666666667,306.06,289.405,291.23,1.0,0.0,2026-08-21,10,0,0,0,0,1,1,5,5,0.166666666666667,229.315278334532,3573.10639108914,0.0,11724.2768656889,0.0,0.0,0.0,888.72898579758,12412.8217582118,45434.2514426926,1.0,5.0,,,,,,False
88425b5731fffff,26.87788,73.5155290909091,1.65727272727273,3.71,304.837272727273,307.51,289.063636363636,294.87,1.0,0.0,2026-08-26,5,1,1,2,2,5,5,7,7,0.233333333333333,69.0886573647124,3174.44570440263,0.0,11525.8020621169,0.0,0.0,0.0,1651.25570126615,8737.09142883809,32716.1524386941,0.0,0.0,,,,,,False
88425b5735fffff,26.8742022222222,73.5164511111111,1.54222222222222,2.89,306.754444444444,312.82,291.178888888889,295.0,1.0,0.0,2026-08-30,1,3,2,3,2,4,3,6,5,0.166666666666667,277.430584272825,3086.34412080502,0.0,11139.0291486482,0.0,0.0,0.0,832.997232036798,8874.59245141347,33344.7731112819,0.0,0.0,,,,,,False
88425b573dfffff,26.879315,73.513535,1.705,1.88,306.66,306.75,292.67,293.71,1.0,0.0,2026-08-29,2,1,1,1,1,1,1,1,1,0.0333333333333333,141.562778926476,2942.30445669894,0.0,11769.1793222908,0.0,0.0,0.0,1413.21550311634,8603.14814012517,32213.4039893517,0.0,0.0,,,,,,False
88425bcdbdfffff,26.92688,73.4684466666667,1.02666666666667,1.38,306.066666666667,306.91,291.703333333333,294.48,1.0,0.0,2026-08-26,5,1,1,1,1,2,2,2,2,0.0666666666666667,146.97573908377,2054.22480996162,0.0,,0.0,0.0,0.0,1023.57379867803,12766.258714609,39755.2141915969,0.0,0.0,,,,,,False
88425e2601fffff,27.393635,72.15588,2.065,2.5,337.975,337.98,294.56,294.85,0.0,0.0,2026-07-28,34,0,0,0,0,0,0,0,0,0.0,788.242067359428,240.288528840432,0.0,7615.04960828087,0.0,0.0,0.0,0.0,1912.0852757543,17314.6652641332,1.0,22.0,,,,,,False
88425e2609fffff,27.39711,72.15273,3.34,3.34,338.88,338.88,299.65,299.65,0.0,0.0,2026-07-15,47,0,0,0,0,0,0,0,0,0.0,1068.64052870975,0.0,0.0,7122.29674745928,0.0,0.0,0.0,0.0,3055.66944564803,20128.8552174029,1.0,22.0,,,,,,False
88425e3913fffff,27.17137,71.88215,11.17,11.17,342.14,342.14,298.11,298.11,0.0,0.0,2026-07-27,35,0,0,0,0,0,0,0,0,0.0,317.047622181349,3167.4802452311,0.0,21220.0816907541,0.0,0.0,0.0,565.919045790098,10099.0767810316,25809.5751921636,0.0,2.0,,,,,,False
88425e6e8bfffff,26.88767,72.041885,2.95,4.19,336.47,337.52,299.485,299.53,0.0,0.0,2026-07-05,57,0,0,0,0,0,0,0,0,0.0,971.765594993412,468.83145688058,0.0,,0.0,0.0,0.0,0.0,9369.15615321219,29632.5155493789,0.0,0.0,,,,,,False
88425e8d5bfffff,27.43193,71.40471,6.32,6.32,341.34,341.34,293.47,293.47,0.0,0.0,2026-07-31,31,0,0,0,0,0,0,0,0,0.0,796.733235983848,1117.8482015409,0.0,21172.4548263173,0.0,0.0,0.0,0.0,6033.23101623264,19230.9103573923,0.0,0.0,,,,,,False
88425eaa31fffff,27.48071,71.71908,5.7,5.7,342.39,342.39,302.62,302.62,0.0,0.0,2026-07-05,57,0,0,0,0,0,0,0,0,0.0,878.949497507192,956.171951600358,0.0,17896.3935318163,0.0,0.0,1.0,0.0,5552.728486616,37872.4593259693,0.0,0.0,,,,,,False
88425eaf51fffff,27.52563,71.82839,7.16,7.16,338.24,338.24,296.04,296.04,0.0,0.0,2026-07-07,55,0,0,0,0,0,0,0,0,0.0,639.833956683535,1535.34400055523,0.0,10433.5308092746,0.0,0.0,0.0,0.0,10793.6528034232,28885.3010878305,0.0,0.0,,,,,,False
88425eaf5dfffff,27.52532,71.82478,8.79,8.79,367.0,367.0,296.96,296.96,0.0,1.0,2026-07-07,55,0,0,0,0,0,0,0,0,0.0,282.944184259788,1916.99352193637,0.0,10076.3857418015,0.0,0.0,0.0,824.520753596758,10059.7876131219,29227.442132533,0.0,0.0,,,,,,False
88425eb8e5fffff,27.51347,71.62677,16.12,16.12,343.41,343.41,301.17,301.17,0.0,0.0,2026-08-01,30,0,0,0,0,0,0,0,0,0.0,4638.13525068428,0.0,0.0,9661.14552992165,0.0,0.0,0.0,0.0,0.0,2084.30751401477,0.0,0.0,,,,,,False
88425ec047fffff,27.1722,71.07805,7.86,7.86,342.54,342.54,310.48,310.48,0.0,0.0,2026-07-11,51,0,0,0,0,0,0,0,0,0.0,342.925611451314,1965.07670569891,0.0,3305.12577499113,0.0,0.0,1.0,635.661679598604,5355.47499160167,33049.2208454678,0.0,0.0,,,,,,False
88425ed0d1fffff,27.28187,71.01263,7.68,7.68,345.42,345.42,293.18,293.18,0.0,0.0,2026-07-21,41,0,0,0,0,0,0,0,0,0.0,3450.67694125803,0.0,0.0,10493.2991968883,0.0,0.0,0.0,0.0,0.0,9806.52833143339,0.0,0.0,,,,,,False
88425ed4e3fffff,27.32211,71.15809,1.24,1.24,331.95,331.95,297.31,297.31,0.0,0.0,2026-08-16,15,0,0,0,0,0,0,1,1,0.0333333333333333,469.495086226878,3457.35717653974,0.0,5076.200671396,0.0,0.0,0.0,348.682289776644,15884.8149587316,43365.1954424373,0.0,0.0,,,,,,False
8842c018b3fffff,22.57408,70.22664,1.72,1.72,303.8,303.8,292.27,292.27,1.0,0.0,2026-08-23,8,0,0,1,1,1,1,1,1,0.0333333333333333,256.115552013333,7580.74868915999,0.0,44539.0594236306,0.0,0.0,0.0,1615.29918512132,19263.7738410945,68678.6746100413,0.0,1.0,321959899.0,,22.35538405,69.887172584455,46065.7711127567,True
8842c02413fffff,22.77663,70.899835,3.02,3.38,321.125,332.95,294.46,295.9,0.5,0.0,2026-07-08,54,0,0,0,0,0,0,0,0,0.0,48.676750532105,20414.3422477924,0.0,5166.18581430771,0.0,0.0,0.0,3183.31576370252,85499.7888957723,174491.780385507,2.0,21.0,,,,,,False
8842c0871dfffff,23.01004,70.10314,1.27,1.27,307.02,307.02,292.82,292.82,1.0,0.0,2026-08-08,23,0,0,0,0,0,0,1,1,0.0333333333333333,236.490438853106,9325.38133357601,0.0,2569.43928888027,0.0,0.0,2848.0,3390.59701212861,54835.2815793165,328204.793846836,1.0,8.0,,,,,,False
8842c08e51fffff,22.9281760869565,70.1076086956522,5.53478260869565,12.98,327.103043478261,343.86,296.594347826087,308.24,0.391304347826087,0.0,2026-08-28,3,4,4,6,6,7,7,7,7,0.233333333333333,38.9441846799938,5446.44377825146,0.0,13450.7253155651,0.0,0.0,0.0,1260.63966617654,8684.72684758928,15631.022727106,1.0,1.0,,,,,,False
8842c09553fffff,23.05588,69.99353,1.13,1.13,310.15,310.15,293.53,293.53,1.0,0.0,2026-07-27,35,0,0,0,0,0,0,0,0,0.0,22.7806890623305,8244.08219706115,0.0,2452.28194078541,0.0,1.0,1.0,3178.7915645135,29622.1956039234,182382.161646018,0.0,1.0,1545194126.0,,23.2391268,69.6816396,41202.1049925942,True
8842c09a1dfffff,22.92685,69.8237575,1.7425,2.91,306.78,309.2,292.6375,294.39,1.0,0.0,2026-08-25,6,1,1,1,1,1,1,3,3,0.1,458.125407278152,1753.58108508521,1.0,79.0403861233274,1.0,2.0,3.0,397.767349396029,9971.34274707662,57780.5483590047,1.0,2.0,1545194126.0,,23.2391268,69.6816396,40966.0325405813,True
8842c1204dfffff,23.16873,71.73891,2.93,2.93,337.1,337.1,295.94,295.94,0.0,0.0,2026-07-19,43,0,0,0,0,0,0,0,0,0.0,1179.78071178513,0.0,0.0,1741.61283391293,0.0,2.0,2.0,0.0,13463.2114459469,24580.9401465989,0.0,0.0,,,,,,False
8842c1ca9bfffff,22.97614,70.92159,3.43,3.43,339.46,339.46,301.49,301.49,0.0,0.0,2026-07-11,51,0,0,0,0,0,0,0,0,0.0,897.300991131658,871.893054417499,0.0,4276.7959518973,0.0,0.0,1.0,0.0,7048.91733596211,37265.9511397839,0.0,3.0,,,,,,False
8842c1d08bfffff,23.14354,70.80948,2.535,2.65,333.25,333.42,295.12,295.23,0.0,0.0,2026-07-12,50,0,0,0,0,0,0,0,0,0.0,1253.14860856741,0.0,0.0,7896.95878272503,0.0,0.0,0.0,0.0,1346.36134453761,8289.94191208615,0.0,1.0,,,,,,False
8842c1d5a7fffff,23.12482,70.94032,3.33,3.33,336.71,336.71,301.49,301.49,0.0,0.0,2026-08-28,3,1,1,1,1,1,1,1,1,0.0333333333333333,807.667597076452,210.533036024418,0.0,12137.6464542638,0.0,0.0,0.0,0.0,1828.20642121826,16856.9130716131,0.0,1.0,,,,,,False
8842c20a5bfffff,21.58471,70.20359,4.58,4.58,345.08,345.08,301.03,301.03,0.0,0.0,2026-07-16,46,0,0,0,0,0,0,0,0,0.0,726.162959082977,3104.76253811261,0.0,1353.01682818807,0.0,1.0,1.0,0.0,11374.5923122233,31242.9450834853,0.0,0.0,,,,,,False
8842c26429fffff,21.42023,70.65833,2.8,2.8,336.59,336.59,297.96,297.96,0.0,0.0,2026-07-16,46,0,0,0,0,0,0,0,0,0.0,147.011577443765,4968.9442068794,0.0,3537.64710432678,0.0,0.0,6.0,1144.32634421605,50365.107281326,156401.243498637,0.0,0.0,,,,,,False
8842c31ab7fffff,22.08125,71.17115,3.44,3.44,336.58,336.58,304.39,304.39,0.0,0.0,2026-07-11,51,0,0,0,0,0,0,0,0,0.0,631.706840791925,2453.84251795687,0.0,6178.46037771141,0.0,0.0,0.0,0.0,20779.8397573291,79380.5121691469,0.0,0.0,,,,,,False
8842c37a9dfffff,21.8125,71.42668,3.85,3.85,335.19,335.19,304.45,304.45,0.0,0.0,2026-07-11,51,0,0,0,0,0,0,0,0,0.0,399.805468287552,2428.19273630384,0.0,1382.53194662405,0.0,2.0,4.0,678.463315163723,9880.54084436858,34211.8177625064,0.0,0.0,,,,,,False
8842c40b3dfffff,23.0141,69.22171,4.92,4.92,340.96,340.96,296.16,296.16,0.0,0.0,2026-07-09,53,0,0,0,0,0,0,0,0,0.0,928.451626079142,738.978081873409,0.0,11878.9303772184,0.0,0.0,0.0,0.0,10157.960034862,28999.4949487251,0.0,0.0,,,,,,False
8842c414cbfffff,23.34669,69.33263,4.97,4.97,348.99,348.99,301.12,301.12,0.0,0.0,2026-07-13,49,0,0,0,0,0,0,0,0,0.0,1386.6445323944,0.0,0.0,3143.90734270419,0.0,0.0,1.0,0.0,7698.49078687576,45641.8017647531,0.0,1.0,1545194126.0,,23.2391268,69.6816396,40980.3927407756,True
8842c4253bfffff,23.24687,69.86861,1.26,1.26,305.87,305.87,293.75,293.75,1.0,0.0,2026-08-09,22,0,0,0,0,0,0,1,1,0.0333333333333333,29.3101500889575,16022.5106251872,0.0,7892.0420204856,0.0,0.0,0.0,9860.43783585762,52316.4097882102,195035.738195797,1.0,1.0,1545194126.0,,23.2391268,69.6816396,20834.5802156725,True
8842c42865fffff,23.0742,69.69168,2.85,2.85,338.68,338.68,302.79,302.79,0.0,0.0,2026-07-08,54,0,0,0,0,0,0,0,0,0.0,724.48837208836,739.94479427776,0.0,10462.6435766977,0.0,0.0,0.0,0.0,21448.4737535461,67525.563452804,0.0,0.0,1545194126.0,,23.2391268,69.6816396,19999.6225435619,True
8842c4299dfffff,23.05871,69.76537,1.34,1.34,304.51,304.51,283.83,283.83,1.0,0.0,2026-07-16,46,0,0,0,0,0,0,0,0,0.0,2171.24444265317,0.0,0.0,15626.8775676732,0.0,0.0,0.0,0.0,2850.45642955521,48430.3910030224,0.0,0.0,1545194126.0,,23.2391268,69.6816396,23748.1477192567,True
8842c45591fffff,22.93576,69.1861,0.9,0.9,331.31,331.31,298.51,298.51,0.0,0.0,2026-08-25,6,1,1,1,1,1,1,1,1,0.0333333333333333,550.990754033533,2412.96986014266,0.0,15090.7802340835,0.0,0.0,0.0,0.0,11389.6892735981,34397.6325151191,0.0,0.0,,,,,,False
8842c46429fffff,22.933795,69.702095,2.1,2.97,312.13,317.05,293.595,294.03,1.0,0.0,2026-08-25,6,1,1,1,1,1,1,2,2,0.0666666666666667,2400.21845387517,0.0,0.0,7602.68818289303,0.0,0.0,0.0,0.0,250.267161548732,60609.206600104,1.0,1.0,1545194126.0,,23.2391268,69.6816396,37018.5853041921,True
8842c4642dfffff,22.930515,69.6973925,1.945,2.49,306.97,311.12,291.1825,295.16,1.0,0.0,2026-08-24,7,0,0,1,1,1,1,2,2,0.0666666666666667,1815.87616038871,0.0,0.0,7153.85302791054,0.0,0.0,0.0,0.0,4841.07232744018,67426.8904267472,0.0,2.0,1545194126.0,,23.2391268,69.6816396,37386.0958084129,True
8842c46467fffff,22.9335212,69.6975824,2.106,3.91,312.3652,339.43,289.8668,301.1,0.96,0.0,2026-08-25,6,2,1,4,2,4,2,10,6,0.2,2103.51784691022,0.0,0.0,7485.41422107711,0.0,0.0,0.0,0.0,2290.58963435206,59943.9867490196,1.0,1.0,1545194126.0,,23.2391268,69.6816396,37024.140686743,True
8842c4651dfffff,22.9086033333333,69.6983466666667,0.696666666666667,1.27,299.22,307.32,271.153333333333,287.88,1.0,0.0,2026-08-03,28,0,0,0,0,0,0,1,1,0.0333333333333333,715.843800395043,1400.81482187893,0.0,4802.80260974245,0.0,0.0,21.0,0.0,35936.8987120386,101678.075941734,0.0,2.0,1545194126.0,,23.2391268,69.6816396,40036.4370586617,True
8842c46557fffff,22.91168,69.69654,2.25,2.25,306.1,306.1,290.58,290.58,1.0,0.0,2026-07-12,50,0,0,0,0,0,0,0,0,0.0,707.62745472637,1366.84059399826,0.0,5089.17787025333,0.0,0.0,0.0,0.0,33382.1043827147,96365.6186240924,0.0,2.0,1545194126.0,,23.2391268,69.6816396,39656.0973381198,True
8842c472edfffff,22.99689,69.41373,5.69,5.69,333.27,333.27,291.23,291.23,0.0,0.0,2026-07-18,44,0,0,0,0,0,0,0,0,0.0,6.34965443687483,2224.15469287584,0.0,4899.13054036149,0.0,0.0,1.0,1025.46913969607,5928.56443800531,35449.2155437018,0.0,1.0,1545194126.0,,23.2391268,69.6816396,41822.4466422746,True
8842c47989fffff,22.7828,69.45332,11.32,11.32,337.24,337.24,300.03,300.03,0.0,0.0,2026-07-10,52,0,0,0,0,0,0,0,0,0.0,976.223439797497,23.6120615752162,0.0,5988.44528425398,0.0,0.0,0.0,0.0,1876.96581414609,5252.18364344506,0.0,0.0,,,,,,False
8842c4798bfffff,22.779645,69.4566,4.61,7.29,350.125,367.0,296.735,297.7,0.0,0.5,2026-07-09,53,0,0,0,0,0,0,0,0,0.0,1391.18679827057,0.0,0.0,6115.30710296102,0.0,0.0,0.0,0.0,1262.58785347325,4035.60697167437,0.0,0.0,,,,,,False
8842c479d5fffff,22.78371,69.45398,7.63,7.63,343.59,343.59,292.98,292.98,0.0,0.0,2026-07-08,54,0,0,0,0,0,0,0,0,0.0,1034.8588708658,0.0,0.0,5867.05911827692,0.0,0.0,0.0,0.0,1881.38615424286,6536.1419424514,0.0,0.0,,,,,,False
8842c48ee9fffff,23.44526,69.13503,3.6,3.6,332.85,332.85,297.11,297.11,0.0,0.0,2026-07-15,47,0,0,0,0,0,0,0,0,0.0,1135.77117394649,0.0,0.0,9310.49814194625,0.0,0.0,0.0,0.0,6134.79696338219,29573.7107583686,0.0,0.0,,,,,,False
8842c490bbfffff,23.55449,68.93167,3.84,3.84,338.41,339.56,305.67,306.82,0.0,0.0,2026-07-08,54,0,0,0,0,0,0,0,0,0.0,207.203109223993,1939.96861451054,0.0,2237.41585674883,0.0,3.0,3.0,908.164910133253,10243.2845950164,21829.6521078891,0.0,0.0,,,,,,False
8842c494abfffff,23.61282,69.0636,11.37,11.37,355.73,355.73,293.05,293.05,0.0,0.0,2026-07-08,54,0,0,0,0,0,0,0,0,0.0,2445.98090503478,0.0,0.0,9939.71911952027,0.0,0.0,0.0,0.0,417.000637204858,16397.1594624462,0.0,1.0,,,,,,False
8842c494bdfffff,23.612675,69.067175,17.845,24.32,349.77,353.3,302.43,310.05,0.0,0.0,2026-07-08,54,0,0,0,0,0,0,0,0,0.0,2671.24694194033,0.0,0.0,9574.81244248606,0.0,0.0,0.0,0.0,0.0,14800.6659197422,0.0,0.0,,,,,,False
8842c49a8bfffff,23.4604,68.86676,5.74,5.74,336.28,336.28,296.48,296.48,0.0,0.0,2026-07-17,45,0,0,0,0,0,0,0,0,0.0,1404.01639659566,0.0,0.0,18138.9993970041,0.0,0.0,0.0,0.0,5707.71578266151,32546.7239779614,0.0,0.0,,,,,,False
8842c4a60dfffff,23.64268,69.53069,9.29,9.29,346.46,346.46,306.13,306.13,0.0,0.0,2026-07-08,54,0,0,0,0,0,0,0,0,0.0,2524.04595467718,0.0,0.0,,0.0,0.0,0.0,0.0,0.0,27127.1957640873,0.0,0.0,,,,,,False
8842c4a66bfffff,23.6422,69.52757,7.72,7.72,352.31,352.31,297.03,297.03,0.0,0.0,2026-07-08,54,0,0,0,0,0,0,0,0,0.0,2611.67323273665,0.0,0.0,,0.0,0.0,0.0,0.0,0.0,29155.5093172552,0.0,0.0,,,,,,False
8842c4aaa1fffff,23.41624,69.45518,2.13,2.13,336.13,336.13,300.38,300.38,0.0,0.0,2026-07-13,49,0,0,0,0,0,0,0,0,0.0,4140.8122724845,0.0,0.0,15131.2802470551,0.0,0.0,0.0,0.0,0.0,3866.16165703848,0.0,0.0,1545194126.0,,23.2391268,69.6816396,33113.8993309466,True
8842c4b201fffff,23.65177,69.25291,4.54,4.54,339.32,339.32,290.19,290.19,0.0,0.0,2026-07-13,49,0,0,0,0,0,0,0,0,0.0,813.640084056079,1734.08268619343,0.0,10622.7376221466,0.0,0.0,0.0,0.0,8333.75292604537,24666.3179927535,0.0,0.0,,,,,,False
8842c4b203fffff,23.65359,69.255865,6.355,8.33,340.63,340.73,295.3,300.14,0.0,0.0,2026-07-13,49,0,0,0,0,0,0,0,0,0.0,1133.3024894131,0.0,0.0,10983.5182440611,0.0,0.0,0.0,0.0,8839.9490970128,26563.9108238045,0.0,0.0,,,,,,False
8842c4b53bfffff,23.6199,69.44487,2.65,2.65,336.33,336.33,299.84,299.84,0.0,0.0,2026-07-13,49,0,0,0,0,0,0,0,0,0.0,78.1368658484289,2001.20974553178,0.0,28988.4435412796,0.0,0.0,0.0,990.302004842832,5085.96868052278,22351.0202947111,0.0,0.0,,,,,,False
8842c4ba15fffff,23.51026,69.26669,7.23,7.23,335.05,335.05,298.97,298.97,0.0,0.0,2026-07-18,44,0,0,0,0,0,0,0,0,0.0,1431.47865988709,0.0,0.0,15134.5163146709,0.0,0.0,0.0,0.0,10347.3586574851,25321.1729192072,0.0,0.0,,,,,,False
8842c4ba17fffff,23.51308,69.2734,5.87,5.87,337.8,337.8,298.2,298.2,0.0,0.0,2026-08-06,25,0,0,0,0,0,0,1,1,0.0333333333333333,1118.66451820761,0.0,0.0,15419.8460904056,0.0,0.0,0.0,0.0,9185.39044135711,24645.3790767216,0.0,0.0,,,,,,False
8842c4c299fffff,23.18353,68.87148,3.6,3.6,338.47,338.47,303.36,303.36,0.0,0.0,2026-07-08,54,0,0,0,0,0,0,0,0,0.0,1362.21947558593,0.0,0.0,3786.32259724397,0.0,0.0,15.0,0.0,8620.35145820636,55710.9562362056,0.0,0.0,,,,,,False
8842c54013fffff,23.30582,70.19529,4.63,4.63,330.6,330.6,293.93,293.93,0.0,0.0,2026-08-06,25,0,0,0,0,0,0,1,1,0.0333333333333333,279.375927097298,10379.4187764214,0.0,4792.86480116693,0.0,0.0,21.0,2589.23680217323,48793.65949744,172384.458473091,0.0,0.0,,,,,,False
8842c540c1fffff,23.31344,70.20078,0.62,0.62,302.83,302.83,287.97,287.97,1.0,0.0,2026-08-09,22,0,0,0,0,0,0,1,1,0.0333333333333333,104.848908626318,6466.99676644406,0.0,4070.96095877628,0.0,0.0,21.0,1413.21519037574,44892.3303231629,175061.269156911,0.0,1.0,,,,,,False
8842c540c5fffff,23.30643,70.20004,4.63,4.63,336.67,336.67,298.33,298.33,0.0,0.0,2026-08-06,25,0,0,0,0,0,0,1,1,0.0333333333333333,131.334943513052,12672.9638693197,0.0,4805.86894297106,0.0,0.0,21.0,2256.77619944779,46756.4580181216,171972.336563954,0.0,1.0,,,,,,False
8842c540cdfffff,23.312535,70.199485,0.995,1.04,301.96,307.64,286.3,294.04,1.0,0.0,2026-08-14,17,0,0,0,0,0,0,1,1,0.0333333333333333,34.3678337648553,7292.81627182889,0.0,4134.37701510348,0.0,0.0,21.0,1417.05975177206,42962.5464599054,175068.246608918,0.0,1.0,,,,,,False
8842c5498dfffff,23.1064,70.1871,0.99,0.99,301.02,301.02,287.32,287.32,1.0,0.0,2026-07-16,46,0,0,0,0,0,0,0,0,0.0,217.791486016161,5198.13445645026,0.0,1658.06268160763,0.0,53.0,136.0,1655.98717185475,46897.8162871375,194984.015066587,4.0,28.0,,,,,,False
8842c54b2dfffff,23.118285,70.085085,4.015,6.3,321.645,339.72,292.395,296.09,0.5,0.0,2026-08-27,4,1,1,1,1,1,1,1,1,0.0333333333333333,191.02179535128,16525.089374528,25.0,265.579235499167,2.0,76.0,2836.0,4436.36585042397,102256.987647592,559004.534915101,1.0,14.0,1545194126.0,,23.2391268,69.6816396,47235.1486721676,True
8842c54e01fffff,23.25615,70.262155,1.03,1.2,305.105,306.94,290.36,293.62,1.0,0.0,2026-07-27,35,0,0,0,0,0,0,0,0,0.0,1108.91742386313,0.0,0.0,8949.56685467217,0.0,0.0,0.0,0.0,11151.9998984103,66963.4971640175,1.0,20.0,,,,,,False
8842c54e09fffff,23.266325,70.257405,2.055,2.7,305.835,305.88,291.985,293.54,1.0,0.0,2026-07-27,35,0,0,0,0,0,0,0,0,0.0,67.0192654917641,2056.28817578769,0.0,8956.58919305292,0.0,0.0,0.0,987.947918114898,8353.02729881999,70866.7031226371,2.0,16.0,,,,,,False
8842c57aa3fffff,23.31507875,70.4870325,1.75,2.75,306.5675,308.92,292.59625,294.43,1.0,0.0,2026-08-26,5,2,1,4,3,6,4,8,6,0.2,424.805508029878,6688.12397218366,0.0,1961.71197244318,0.0,7.0,7.0,604.397502482273,31402.0565922225,78617.0298652249,1.0,4.0,,,,,,False
8842c57aa5fffff,23.30333,70.47782,0.98,0.98,306.32,306.32,293.68,293.68,1.0,0.0,2026-07-27,35,0,0,0,0,0,0,0,0,0.0,575.045556602772,3493.42309017946,0.0,2600.23656072813,0.0,0.0,7.0,0.0,21625.6303225864,78108.6155560156,1.0,4.0,,,,,,False
8842c5c24dfffff,23.64562,69.81094,2.16,2.16,330.14,330.14,295.93,295.93,0.0,0.0,2026-07-11,51,0,0,0,0,0,0,0,0,0.0,1488.353453529,0.0,0.0,,0.0,0.0,0.0,0.0,9163.55909823658,31270.8253028954,0.0,0.0,,,,,,False
8842c624c7fffff,22.321085,69.88206,1.45,1.49,314.35,317.54,287.125,287.39,1.0,0.0,2026-08-26,5,2,1,2,1,2,1,2,1,0.0333333333333333,8.72774552640987,37810.9349963996,38.0,239.48184215999,2.0,146.0,488.0,9265.50397190399,193754.000380343,474508.414288498,1.0,11.0,578416187.0,,22.3269189,69.8570096235635,2875.60940351994,True
8842c626a1fffff,22.33953,69.8548375,2.01,3.06,305.075,308.37,286.6525,292.92,1.0,0.0,2026-08-25,6,1,1,1,1,1,1,4,4,0.133333333333333,88.5959211604744,37954.1314315403,69.0,173.76350525175,21.0,307.0,974.0,10329.0105113045,192064.848551207,612588.605980943,2.0,22.0,321793270.0,,22.34018215,69.8512643087237,405.435573290334,True
8842c626a3fffff,22.3368425,69.8674875,2.8625,4.27,305.74,315.85,289.225,296.72,1.0,0.0,2026-08-24,7,0,0,1,1,1,1,2,2,0.0666666666666667,8.38552773978042,40257.4538207849,31.0,111.572538249818,1.0,345.0,755.0,9983.05741739236,234617.685129763,597028.779426892,1.0,22.0,321792373.0,,22.3462664,69.8736807310619,1327.30093751456,True
8842c626a7fffff,22.33016,69.86285,5.78,5.78,300.98,300.98,289.89,289.89,1.0,0.0,2026-07-18,44,0,0,0,0,0,0,0,0,0.0,25.2716992493656,35329.7914923686,42.0,101.865679192953,13.0,250.0,691.0,7262.16858990987,214471.362575057,532158.86034723,2.0,16.0,578416187.0,,22.3269189,69.8570096235635,758.172434472469,True
8842c626a9fffff,22.3412,69.85442,2.19,2.19,306.8,306.8,291.97,291.97,1.0,0.0,2026-08-25,6,1,1,1,1,1,1,1,1,0.0333333333333333,2.12892781844783,37340.9111864308,80.0,172.240217049334,15.0,334.0,997.0,10210.0730990841,196513.165938053,628451.258494981,2.0,22.0,321793270.0,,22.34018215,69.8512643087237,372.03661834217,True
8842c626abfffff,22.342285,69.862185,3.095,3.82,307.97,308.11,293.495,293.93,1.0,0.0,2026-08-24,7,0,0,2,1,2,1,2,1,0.0333333333333333,14.5378829635572,36573.4749069586,56.0,270.558585827199,9.0,348.0,984.0,8520.1130269655,227500.240635277,654563.58656683,2.0,23.0,321793270.0,,22.34018215,69.8512643087237,1241.75050825977,True
8842c626b5fffff,22.33921,69.8703,2.69,2.69,309.15,309.15,293.54,293.54,1.0,0.0,2026-08-24,7,0,0,1,1,1,1,1,1,0.0333333333333333,50.9551124301408,41025.7320296728,32.0,371.167257305238,2.0,333.0,756.0,10369.0799781761,237370.778570037,611472.837102276,1.0,23.0,321792373.0,,22.3462664,69.8736807310619,928.922519979681,True
8842c626bdfffff,22.3432366666667,69.8695633333333,6.44333333333333,7.01,328.21,339.9,293.403333333333,293.84,1.0,0.0,2026-08-24,7,0,0,3,1,3,1,3,1,0.0333333333333333,17.053686650974,40314.9811881959,49.0,298.100418058717,11.0,367.0,890.0,10570.7826568964,235092.944790836,648147.034726065,1.0,22.0,321792373.0,,22.3462664,69.8736807310619,585.70497619824,True
8842c681b3fffff,22.419695,69.041345,1.89,2.99,304.295,306.23,289.045,293.28,1.0,0.0,2026-08-25,6,1,1,1,1,1,1,1,1,0.0333333333333333,142.167813855543,5410.93750435988,5.0,874.313173882814,0.0,37.0,888.0,357.994037259802,89993.5223769757,194612.95596062,1.0,4.0,,,,,,False
8842c681b7fffff,22.4158381818182,69.0387327272727,1.91272727272727,3.42,310.195454545455,330.35,291.914545454545,297.52,0.909090909090909,0.0,2026-08-26,5,3,2,3,2,3,2,3,2,0.0666666666666667,342.57515251903,8871.54406299554,0.0,1112.42406472942,0.0,38.0,887.0,651.778239965216,100042.570107573,196991.995454573,1.0,3.0,,,,,,False
8842ca54a3fffff,21.79876,73.19404,2.7,2.7,343.49,343.49,299.44,299.44,0.0,0.0,2026-07-14,48,0,0,0,0,0,0,0,0,0.0,495.138645306632,4319.84109340757,0.0,3936.0231782562,0.0,0.0,7.0,108.352714461492,17303.0915962352,72364.6079074018,0.0,0.0,,,,,,False
8842ca8753fffff,22.38946,73.117535,1.48,2.05,314.185,317.74,290.895,291.33,1.0,0.0,2026-08-30,1,2,1,2,1,2,1,2,1,0.0333333333333333,42.4853102049738,49349.8181931178,0.0,1193.40832285183,0.0,63.0,937.0,12913.0874762898,199773.355072259,680262.200978191,2.0,20.0,,,,,,False
8842cc0861fffff,23.41203,72.35596,1.56,1.56,330.74,330.74,294.32,294.32,0.0,0.0,2026-07-30,32,0,0,0,0,0,0,0,0,0.0,69.5633409128055,5597.0917292236,2.0,721.316271548358,0.0,159.0,159.0,1900.83673054811,25267.0186176279,121025.658393011,0.0,1.0,,,,,,False
8842cc08e5fffff,23.40824,72.41575,0.72,0.72,303.37,303.37,292.03,292.03,1.0,0.0,2026-08-22,9,0,0,1,1,1,1,1,1,0.0333333333333333,98.9432284415993,6025.18926120843,0.0,3196.45457681761,0.0,0.0,152.0,984.033082738858,45467.9379107537,149910.64410109,1.0,6.0,,,,,,False
8842cc1253fffff,23.70414,72.21136,1.82,1.82,333.8,333.8,297.68,297.68,0.0,0.0,2026-07-14,48,0,0,0,0,0,0,0,0,0.0,1051.80028508839,0.0,0.0,8255.89009313757,0.0,0.0,0.0,0.0,13126.6345861058,62677.3409940076,0.0,0.0,,,,,,False
8842cc49a5fffff,22.99825,72.24194,0.84,0.84,310.73,310.73,293.24,293.24,1.0,0.0,2026-07-09,53,0,0,0,0,0,0,0,0,0.0,213.890314600136,10008.7000683729,0.0,2330.2231071288,0.0,1.0,13.0,1036.05307781577,41322.9821150738,181237.80641435,2.0,36.0,,,,,,False
8842cc49b5fffff,23.00243,72.25909,5.34,5.34,330.84,330.84,299.77,299.77,0.0,0.0,2026-08-15,16,0,0,0,0,0,0,1,1,0.0333333333333333,572.159720073377,9610.59121028964,0.0,1071.97090350651,0.0,6.0,23.0,0.0,77703.4962199562,210281.027704586,1.0,42.0,,,,,,False
8842cc91c9fffff,23.91874,71.97879,8.04,8.04,345.26,345.26,295.83,295.83,0.0,0.0,2026-07-03,59,0,0,0,0,0,0,0,0,0.0,501.302902349903,1700.7093851336,0.0,11975.1818260769,0.0,0.0,0.0,0.0,12757.7519691919,52343.0711713804,0.0,0.0,,,,,,False
8842cc9497fffff,24.01791,72.21289,3.34,3.34,337.43,337.43,295.66,295.66,0.0,0.0,2026-07-06,56,0,0,0,0,0,0,0,0,0.0,535.819963697331,2372.35524941956,0.0,13504.3304377667,0.0,0.0,0.0,0.0,27084.5691305178,122509.112489502,0.0,0.0,,,,,,False
8842ccb16dfffff,23.93222,72.36194,1.69,1.69,322.77,322.77,280.0,280.0,1.0,0.0,2026-08-26,5,1,1,1,1,1,1,1,1,0.0333333333333333,29.4128395843054,19868.6253122292,7.0,815.96472817168,0.0,286.0,440.0,4492.79023282387,156966.128299158,348814.196405162,1.0,4.0,,,,,,False
8842ccc299fffff,23.57362,71.98193,1.57,1.57,333.09,333.09,293.43,293.43,0.0,0.0,2026-07-15,47,0,0,0,0,0,0,0,0,0.0,300.204483676973,2473.37875748215,0.0,14903.1061875574,0.0,0.0,0.0,919.830461904314,14172.632749784,45106.3541423201,0.0,1.0,,,,,,False
8842cd2709fffff,24.12754,73.99266,2.64,2.64,333.42,333.42,297.66,297.66,0.0,0.0,2026-07-14,48,0,0,0,0,0,0,0,0,0.0,558.430172043235,3520.66022117337,0.0,2252.80511004979,0.0,1.0,63.0,0.0,21106.4029343291,74128.4115843957,0.0,0.0,,,,,,False
8842cd2e5bfffff,24.05159,74.01937,1.92,1.92,333.12,333.12,300.93,300.93,0.0,0.0,2026-07-17,45,0,0,0,0,0,0,0,0,0.0,253.077166073598,2801.42072565192,1.0,518.13124613388,0.0,3.0,13.0,773.407449484319,17178.4483357555,83929.1513089812,0.0,0.0,,,,,,False
8842ce4f11fffff,22.1408,72.24456,3.92,3.92,336.15,336.15,297.85,297.85,0.0,0.0,2026-07-11,51,0,0,0,0,0,0,0,0,0.0,1796.60568059383,0.0,0.0,3888.22247153954,0.0,0.0,1.0,0.0,3305.479695219,23002.4378065421,1.0,1.0,,,,,,False
8842ce4f19fffff,22.1458066666667,72.2381833333333,4.21666666666667,4.71,343.336666666667,349.24,296.466666666667,297.71,0.0,0.0,2026-07-11,51,0,0,0,0,0,0,0,0,0.0,944.44193019537,505.644283159263,0.0,3679.51510223516,0.0,0.0,1.0,0.0,4493.3908626779,34523.0777876854,1.0,1.0,,,,,,False
8842ce4f1bfffff,22.14426,72.244,3.92,3.92,344.27,344.27,297.29,297.29,0.0,0.0,2026-07-11,51,0,0,0,0,0,0,0,0,0.0,1555.99383341056,0.0,0.0,4043.50122176494,0.0,0.0,1.0,0.0,3687.09805289181,26508.3755407826,1.0,1.0,,,,,,False
8842ce4f53fffff,22.149755,72.232685,5.8,7.63,347.175,347.3,298.52,299.24,0.0,0.0,2026-07-11,51,0,0,0,0,0,0,0,0,0.0,241.283194548315,1885.56846202103,0.0,3623.17652635268,0.0,0.0,1.0,824.919447575376,4955.3031482057,44735.0987306921,1.0,1.0,,,,,,False
8842cea353fffff,22.92671,72.43549,2.38,2.38,340.88,340.88,292.77,292.77,0.0,0.0,2026-07-15,47,0,0,0,0,0,0,0,0,0.0,83.0380681094791,15600.1115474144,85.0,745.328515107633,0.0,564.0,961.0,1553.32679842795,99906.5187055084,255895.94904358,2.0,19.0,,,,,,False
8842cea743fffff,22.97807,72.56618,1.16,1.16,308.43,308.43,287.9,287.9,1.0,0.0,2026-08-06,25,0,0,0,0,0,0,1,1,0.0333333333333333,53.6197302177588,28977.8211320083,8.0,370.867236945138,1.0,755.0,13837.0,6234.69739968619,184528.158742069,1001240.91056678,2.0,23.0,,,,,,False
8842cea745fffff,22.97006,72.55336,1.04,1.04,305.16,305.16,270.2,270.2,1.0,0.0,2026-07-13,49,0,0,0,0,0,0,0,0,0.0,77.9752891139836,15059.2158891132,0.0,910.642100995874,0.0,84.0,9404.0,5002.03444390893,99767.7070262708,790612.694810487,1.0,16.0,,,,,,False
8842cea76bfffff,22.96693,72.555655,0.48,0.57,301.68,304.5,271.895,275.94,1.0,0.0,2026-07-13,49,0,0,0,0,0,0,0,0,0.0,29.6919813302952,14162.3129636681,0.0,1261.59581739131,0.0,40.0,6437.0,5631.50068818226,100492.983568326,769438.016810155,2.0,16.0,,,,,,False
8842ceb055fffff,22.99959,72.34648,5.79,5.79,338.06,338.06,289.27,289.27,1.0,0.0,2026-08-06,25,0,0,0,0,0,0,1,1,0.0333333333333333,79.9686214414045,10200.2338387264,12.0,908.855714350309,0.0,716.0,1084.0,2019.20208059451,70680.1846639053,236491.605099568,0.0,8.0,,,,,,False
8842d13763fffff,20.86608,70.56411,2.51,2.51,305.67,305.67,292.16,292.16,1.0,0.0,2026-07-16,46,0,0,0,0,0,0,0,0,0.0,61.7023897203952,13473.9689046469,0.0,1258.20185298984,0.0,6.0,8.0,5310.72397171609,81907.5686313851,315723.431825818,1.0,1.0,,,,,,False
8842d995c7fffff,21.4327675,72.9764275,1.74,2.15,308.435,310.47,292.1375,292.89,1.0,0.0,2026-08-30,1,1,1,3,2,3,2,3,2,0.0666666666666667,229.054513970242,13801.1505435693,0.0,3802.60201198591,0.0,0.0,95.0,1055.41561633309,57928.1951260804,244053.404348969,0.0,5.0,,,,,,False
8842d9c709fffff,21.054625,72.85325,0.745,0.79,305.2,306.21,282.395,282.65,1.0,0.0,2026-08-09,22,0,0,0,0,0,0,2,1,0.0333333333333333,84.7627084612775,4289.48158779481,0.0,1255.75999240786,0.0,262.0,2328.0,2256.43449711852,62315.970439218,430944.803782937,0.0,4.0,,,,,,False
8842d9d059fffff,21.09809,72.63358,3.0,3.0,304.5,304.5,291.35,291.35,1.0,0.0,2026-08-29,2,1,1,1,1,1,1,1,1,0.0333333333333333,202.499633977458,14171.5353235771,29.0,640.372490904253,0.0,238.0,736.0,2052.41458158034,91685.8261405483,154263.125535255,1.0,7.0,,,,,,False
8842d9d05bfffff,21.098675,72.63807,3.275,4.16,308.23,313.04,291.66,292.65,1.0,0.0,2026-08-29,2,1,1,1,1,1,1,1,1,0.0333333333333333,34.3620159612972,15669.2526844531,1.0,176.86854756355,1.0,267.0,736.0,5243.62762007263,101765.108867745,155634.593333642,1.0,7.0,,,,,,False
8842d9d233fffff,21.10201,72.63033,3.0,3.0,302.99,302.99,291.01,291.01,1.0,0.0,2026-08-29,2,1,1,1,1,1,1,1,1,0.0333333333333333,4.58043551435761,12640.9224620467,28.0,673.446540130367,0.0,90.0,736.0,2765.93595473979,81662.1720378603,157001.372807414,1.0,7.0,,,,,,False
8842d9d2a9fffff,21.1046791666667,72.6487541666667,6.7725,17.04,320.9825,341.75,288.030833333333,300.39,0.583333333333333,0.0,2026-08-24,7,0,0,3,2,3,2,4,3,0.1,44.1074836119842,21097.1226944955,14.0,125.543680384055,3.0,65.0,736.0,5206.59820702297,93575.5964719846,166946.570655285,1.0,8.0,,,,,,False
8842d9d2e1fffff,21.1089092,72.6372444,2.7092,7.1,307.6268,326.52,289.1604,293.52,1.0,0.0,2026-08-29,2,7,3,13,6,15,8,15,8,0.266666666666667,51.3619176859357,17717.2836989749,2.0,240.930551767732,0.0,96.0,736.0,4769.33764353529,92465.5721139087,174177.951059122,1.0,8.0,,,,,,False
8842d9d2e3fffff,21.1075066666667,72.6463048148148,4.48259259259259,17.01,318.952222222222,346.94,287.923333333333,299.01,0.814814814814815,0.0,2026-08-30,1,5,4,10,7,14,10,18,13,0.433333333333333,23.4757957677818,20505.1594999503,12.0,0.0,5.0,99.0,736.0,5032.59438766125,95581.6117066665,174108.252565279,1.0,8.0,,,,,,False
8842d9d2e5fffff,21.1025071641791,72.6358314925373,6.23805970149254,40.76,326.176567164179,348.22,289.966119402985,300.87,0.641791044776119,0.0,2026-08-31,0,16,6,26,9,31,12,35,15,0.5,91.6999826603756,15747.2302590288,1.0,514.3147397851,0.0,103.0,736.0,3295.68216708614,99072.704238452,159975.339826713,1.0,8.0,,,,,,False
8842d9d2e7fffff,21.1044407575758,72.644986969697,5.6680303030303,17.98,326.195454545455,367.0,289.61196969697,302.32,0.621212121212121,0.0151515151515152,2026-08-30,1,16,6,24,9,31,11,39,15,0.5,37.7855216615802,21019.025763778,12.0,179.320800208675,0.0,105.0,736.0,5389.49306452155,105596.695300959,166234.707906027,1.0,8.0,,,,,,False
8842d9d2edfffff,21.1080425,72.6321725,2.8425,5.45,305.3775,308.45,290.2875,291.36,1.0,0.0,2026-08-29,2,1,1,1,1,1,1,1,1,0.0333333333333333,25.7995240573605,13318.8947774055,1.0,445.68109391538,0.0,78.0,736.0,3421.15716785086,79729.9001272493,170014.673435033,1.0,8.0,,,,,,False
8842da6305fffff,19.21367,72.11512,10.56,10.56,341.7,341.7,290.26,290.26,0.0,0.0,2026-07-14,48,0,0,0,0,0,0,0,0,0.0,,0.0,0.0,,0.0,0.0,0.0,0.0,0.0,0.0,0.0,0.0,,,,,,False
8842da6363fffff,19.21588,72.11336,10.51,11.46,338.865,343.26,292.285,294.15,0.0,0.0,2026-07-14,48,0,0,0,0,0,0,0,0,0.0,,0.0,0.0,,0.0,0.0,0.0,0.0,0.0,0.0,0.0,0.0,,,,,,False
8842da7353fffff,19.33318,72.0196,3.57,3.57,314.54,314.54,292.85,292.85,1.0,0.0,2026-07-14,48,0,0,0,0,0,0,0,0,0.0,,0.0,0.0,,0.0,0.0,0.0,0.0,0.0,0.0,0.0,0.0,,,,,,False
8842dc6253fffff,20.9092066666667,71.45893,1.80333333333333,2.44,306.146666666667,310.09,290.703333333333,294.32,1.0,0.0,2026-08-24,7,0,0,1,1,1,1,1,1,0.0333333333333333,111.26539239809,9832.56153774334,1.0,361.965570705541,1.0,2.0,8.0,3046.08274784931,23296.0418093251,68675.662492779,1.0,7.0,,,,,,False
8842dc752dfffff,20.91119,71.458705,1.3575,2.64,306.4175,312.46,288.855,291.67,1.0,0.0,2026-08-26,5,3,2,3,2,3,2,3,2,0.0666666666666667,122.075924084572,9694.49468761904,1.0,581.554444428169,0.0,2.0,12.0,2470.42257782389,25109.7334137745,70643.7152032465,1.0,7.0,,,,,,False
8842dc916dfffff,21.44035,70.75408,4.66,4.66,343.76,343.76,298.95,298.95,0.0,0.0,2026-07-16,46,0,0,0,0,0,0,0,0,0.0,1287.9637574204,0.0,0.0,5057.44831379727,0.0,0.0,0.0,0.0,11411.0011626002,58955.12056361,0.0,0.0,,,,,,False
8842dd1903fffff,21.464095,72.082805,10.445,16.73,321.955,333.42,285.215,295.71,1.0,0.0,2026-07-12,50,0,0,0,0,0,0,0,0,0.0,795.833564140192,2409.69804888615,0.0,6352.76765102662,0.0,0.0,0.0,0.0,14721.3710148433,100225.903742617,0.0,0.0,,,,,,False
8842dd1907fffff,21.46068,72.08147,6.52,6.52,333.5,333.5,292.23,292.23,1.0,0.0,2026-07-12,50,0,0,0,0,0,0,0,0,0.0,416.008015603499,4345.25601151935,0.0,5951.92340721925,0.0,0.0,0.0,675.739942812867,13476.0369689215,108215.719761642,0.0,0.0,,,,,,False
8842dd1939fffff,21.46182,72.08577,7.76,10.24,326.24,330.15,292.02,292.24,1.0,0.0,2026-07-12,50,0,0,0,0,0,0,0,0,0.0,715.693946429193,1879.48523956548,0.0,6271.2656221643,0.0,0.0,0.0,0.0,12868.1023108843,108480.986621308,0.0,0.0,,,,,,False
8842dd19edfffff,21.462,72.10313,0.55,0.55,305.86,305.86,291.79,291.79,1.0,0.0,2026-07-11,51,0,0,0,0,0,0,0,0,0.0,977.90309995494,716.988742898763,0.0,7337.45683908324,0.0,0.0,0.0,0.0,26566.5886471873,122745.916665817,0.0,1.0,,,,,,False
8842e06c9dfffff,24.3626,68.7926,3.37,3.37,338.66,338.66,296.71,296.71,0.0,0.0,2026-07-13,49,0,0,0,0,0,0,0,0,0.0,619.783658682742,4269.92807877143,0.0,5275.79661888211,0.0,0.0,0.0,0.0,11858.0629667701,31953.8143657687,0.0,0.0,,,,,,False
8842e06cb5fffff,24.3406,68.79388,6.47,6.47,342.45,342.45,296.99,296.99,0.0,0.0,2026-07-18,44,0,0,0,0,0,0,0,0,0.0,478.847048237489,1695.50954948905,0.0,3522.36142028924,0.0,0.0,2.0,43.3174771447307,6349.61282217646,45323.9119634343,0.0,0.0,,,,,,False
8842e2284bfffff,23.642995,68.68548,3.085,3.24,316.195,318.49,295.7,295.71,1.0,0.0,2026-07-10,52,0,0,0,0,0,0,0,0,0.0,1310.52072625653,0.0,0.0,9726.50811226601,0.0,0.0,0.0,0.0,7657.49375619381,23499.1860662391,0.0,0.0,,,,,,False
8842e22c6bfffff,23.690375,68.831915,1.615,2.24,304.365,306.11,290.86,293.49,1.0,0.0,2026-08-15,16,0,0,0,0,0,0,1,1,0.0333333333333333,207.544247112786,1925.35567282863,0.0,5316.33681051655,0.0,0.0,0.0,900.931530543932,9893.825959916,26516.9894004645,0.0,0.0,,,,,,False
8842e22ea7fffff,23.71553,68.8817,4.11,4.11,343.83,343.83,301.62,301.62,0.0,0.0,2026-07-31,31,0,0,0,0,0,0,0,0,0.0,1536.19102811091,0.0,0.0,9086.74615824854,0.0,0.0,0.0,0.0,13702.6438774626,34655.8390003075,0.0,0.0,,,,,,False
8842e22f2dfffff,23.660935,68.77609,2.83,3.32,339.35,340.0,305.375,305.64,0.0,0.0,2026-07-08,54,0,0,0,0,0,0,0,0,0.0,340.953506749782,2463.88243752057,39.0,359.430419763868,17.0,47.0,47.0,730.505485875502,12630.1505033394,37808.2551153153,2.0,3.0,,,,,,False
8842e23839fffff,23.69408,68.57085,5.05,5.05,330.59,330.59,289.9,289.9,0.0,0.0,2026-07-16,46,0,0,0,0,0,0,0,0,0.0,1628.89563489947,0.0,0.0,3700.61830492216,0.0,0.0,2.0,0.0,4486.31006478585,23103.3465859817,0.0,0.0,,,,,,False
8842e23915fffff,23.65093,68.55327,6.82,6.82,334.8,334.8,290.73,290.73,0.0,0.0,2026-07-03,59,0,0,0,0,0,0,0,0,0.0,228.204617984249,1936.83411363918,0.0,3058.14845564659,0.0,0.0,2.0,883.299206318214,8097.02572230109,31240.2170267912,0.0,0.0,,,,,,False
8842e23917fffff,23.65056,68.56427,4.32,4.32,335.16,335.16,294.37,294.37,0.0,0.0,2026-07-06,56,0,0,0,0,0,0,0,0,0.0,1129.88536245911,0.0,0.0,3719.04789122014,0.0,0.0,1.0,0.0,5270.63319352458,31138.2575411418,0.0,0.0,,,,,,False
8842e2393bfffff,23.6449466666667,68.5553166666667,12.7,14.95,345.513333333333,355.19,291.516666666667,291.76,0.0,0.0,2026-07-03,59,0,0,0,0,0,0,0,0,0.0,816.664419243729,1153.74516143266,0.0,3746.63952074029,0.0,0.0,1.0,0.0,7499.07122582065,30841.3900740515,0.0,0.0,,,,,,False
8842e239edfffff,23.64634,68.56316,4.95,4.95,346.63,346.63,293.85,293.85,0.0,0.0,2026-08-07,24,0,0,0,0,0,0,1,1,0.0333333333333333,1328.49627496655,0.0,0.0,4014.47599937607,0.0,0.0,1.0,0.0,6054.69761514604,31305.7160914212,0.0,0.0,,,,,,False
8842e275e7fffff,23.4974814285714,68.5784428571428,1.64857142857143,3.07,306.035714285714,310.78,292.117142857143,294.53,1.0,0.0,2026-08-25,6,1,1,1,1,1,1,2,2,0.0666666666666667,60.7256764207166,7417.94467363385,3.0,206.643990131322,2.0,3.0,3.0,4129.85616753474,10352.4567328117,35211.8185733157,2.0,2.0,,,,,,False
8842e3089dfffff,24.06041,69.37589,6.7,6.7,338.6,338.6,303.0,303.0,0.0,0.0,2026-07-16,46,0,0,0,0,0,0,0,0,0.0,1039.53187566074,0.0,0.0,5410.73635772862,0.0,0.0,0.0,0.0,4180.71745972785,11597.8704022949,0.0,1.0,,,,,,False
8842e30e9dfffff,24.16929,69.486045,1.51,1.51,336.375,337.62,304.66,304.68,0.0,0.0,2026-07-08,54,0,0,0,0,0,0,0,0,0.0,6251.18477928813,0.0,0.0,16672.2724273022,0.0,0.0,0.0,0.0,0.0,0.0,1.0,1.0,,,,,,False
8842e3586bfffff,23.75693,68.98022,2.51,2.51,335.85,335.85,299.08,299.08,0.0,0.0,2026-07-29,33,0,0,0,0,0,0,0,0,0.0,3586.59004927766,0.0,0.0,15655.6494137097,0.0,0.0,0.0,0.0,0.0,2233.80231640948,0.0,0.0,,,,,,False
8842e37289fffff,24.02592,69.46217,7.33,7.33,338.05,338.05,302.94,302.94,0.0,0.0,2026-07-16,46,0,0,0,0,0,0,0,0,0.0,3801.98843853111,0.0,0.0,14623.8442560026,0.0,0.0,0.0,0.0,0.0,6431.71473783313,0.0,0.0,,,,,,False
8842e372c3fffff,24.02733,69.4574925,4.94,6.59,337.96,338.99,304.92,305.94,0.0,0.0,2026-07-16,46,0,0,0,0,0,0,0,0,0.0,3607.47001513318,0.0,0.0,14140.2040374058,0.0,0.0,0.0,0.0,0.0,6793.01322370139,0.0,0.0,,,,,,False
8842e372c9fffff,24.033745,69.444735,4.765,6.22,337.11,337.64,304.695,304.77,0.0,0.0,2026-07-08,54,0,0,0,0,0,0,0,0,0.0,2793.34866034051,0.0,0.0,12666.7406812312,0.0,0.0,0.0,0.0,0.0,8034.21554429972,0.0,1.0,,,,,,False
8842e372d1fffff,24.03855,69.4664,2.0,2.0,336.24,336.24,304.79,304.79,0.0,0.0,2026-07-08,54,0,0,0,0,0,0,0,0,0.0,2443.50576390213,0.0,0.0,14295.2868392039,0.0,0.0,0.0,0.0,1044.22621540413,8657.8477343025,0.0,1.0,,,,,,False
8842e372d5fffff,24.02779,69.46409,2.7,2.7,337.14,337.14,305.67,305.67,0.0,0.0,2026-07-08,54,0,0,0,0,0,0,0,0,0.0,3611.61676442413,0.0,0.0,14678.0607771147,0.0,0.0,0.0,0.0,0.0,6857.79327160405,0.0,1.0,,,,,,False
8842e372d9fffff,24.04194,69.46583,2.0,2.0,337.09,337.09,304.75,304.75,0.0,0.0,2026-07-08,54,0,0,0,0,0,0,0,0,0.0,2064.69004518928,0.0,0.0,14075.3393837414,0.0,0.0,0.0,0.0,2814.89628385824,9041.47889953373,0.0,2.0,,,,,,False
8842e372dbfffff,24.04251,69.46983,2.0,2.0,336.39,336.39,304.96,304.96,0.0,0.0,2026-07-08,54,0,0,0,0,0,0,0,0,0.0,2035.05651867634,0.0,0.0,14415.2103739199,0.0,0.0,0.0,0.0,2896.14180684365,9088.1468940021,0.0,1.0,,,,,,False
8842e37465fffff,24.01492,69.570725,1.4,1.4,336.775,336.85,305.31,305.53,0.0,0.0,2026-07-08,54,0,0,0,0,0,0,0,0,0.0,4245.87665431271,0.0,0.0,9406.4672094071,0.0,0.0,0.0,0.0,0.0,5039.54852382264,0.0,0.0,,,,,,False
8842e3746dfffff,24.02118,69.56558,2.86,3.87,337.8,338.68,305.565,305.66,0.0,0.0,2026-07-08,54,0,0,0,0,0,0,0,0,0.0,3698.74508739031,0.0,0.0,9820.96212049948,0.0,0.0,0.0,0.0,0.0,6408.77853072358,0.0,0.0,,,,,,False
8842e37559fffff,24.0112366666667,69.5692733333333,1.84333333333333,2.73,338.363333333333,339.81,305.373333333333,305.41,0.0,0.0,2026-07-08,54,0,0,0,0,0,0,0,0,0.0,4677.21465723434,0.0,0.0,9635.39256881177,0.0,0.0,0.0,0.0,0.0,3359.3200515148,0.0,0.0,,,,,,False
8842e3755dfffff,24.00442,69.57041,4.62,4.62,336.37,336.37,304.4,304.4,0.0,0.0,2026-07-08,54,0,0,0,0,0,0,0,0,0.0,5382.08211345419,0.0,0.0,9723.1548643755,0.0,0.0,0.0,0.0,0.0,0.0,0.0,0.0,,,,,,False
8842e3760bfffff,24.08351,69.560165,1.64,1.64,339.57,340.73,305.26,305.52,0.0,0.0,2026-07-08,54,0,0,0,0,0,0,0,0,0.0,2668.89791563086,0.0,0.0,11005.9286771397,0.0,0.0,0.0,0.0,0.0,8096.07636631901,0.0,1.0,,,,,,False
8842e37611fffff,24.08574,69.576275,2.04,2.04,340.07,340.09,305.645,305.79,0.0,0.0,2026-07-08,54,0,0,0,0,0,0,0,0,0.0,3455.4055598016,0.0,0.0,9540.63102234473,0.0,0.0,0.0,0.0,0.0,7403.50505684663,0.0,1.0,,,,,,False
8842e37619fffff,24.0884,69.573535,3.87,5.7,338.125,338.61,303.43,305.38,0.0,0.0,2026-07-16,46,0,0,0,0,0,0,0,0,0.0,3638.27395400236,0.0,0.0,9909.01023089506,0.0,0.0,0.0,0.0,0.0,6952.59296324141,0.0,1.0,,,,,,False
8842e3761dfffff,24.08579,69.569098,3.018,5.01,339.448,339.7,304.29,305.79,0.0,0.0,2026-07-16,46,0,0,0,0,0,0,0,0,0.0,3213.71207212884,0.0,0.0,10225.0643510304,0.0,0.0,0.0,0.0,0.0,7560.02248520393,0.0,1.0,,,,,,False
8842e37655fffff,24.08664,69.55759,1.64,1.64,340.04,340.04,305.29,305.29,0.0,0.0,2026-07-08,54,0,0,0,0,0,0,0,0,0.0,2906.44955535859,0.0,0.0,11360.9063981306,0.0,0.0,0.0,0.0,0.0,7632.51337401839,0.0,1.0,,,,,,False
8842e37657fffff,24.08748,69.563625,1.665,1.69,340.16,341.28,305.39,305.41,0.0,0.0,2026-07-08,54,0,0,0,0,0,0,0,0,0.0,3201.53202223702,0.0,0.0,10811.843600083,0.0,0.0,0.0,0.0,0.0,7367.22935508951,0.0,1.0,,,,,,False
8842e37685fffff,24.07737,69.61684,4.09,4.09,339.5,339.5,306.02,306.02,0.0,0.0,2026-07-08,54,0,0,0,0,0,0,0,0,0.0,2536.19873424181,0.0,0.0,5402.42965720112,0.0,0.0,0.0,0.0,0.0,20476.9733877722,0.0,0.0,,,,,,False
8842e376b5fffff,24.06573,69.63448,3.59,3.59,336.98,336.98,305.59,305.59,0.0,0.0,2026-07-08,54,0,0,0,0,0,0,0,0,0.0,1609.48436113505,0.0,0.0,3224.95855243853,0.0,0.0,3.0,0.0,7354.86402534804,30619.4152010719,0.0,0.0,,,,,,False
8842e376e3fffff,24.075985,69.606735,4.385,4.39,337.95,339.06,305.115,305.35,0.0,0.0,2026-07-08,54,0,0,0,0,0,0,0,0,0.0,3197.02186482034,0.0,0.0,6265.06410813699,0.0,0.0,0.0,0.0,0.0,19526.3013769808,0.0,0.0,,,,,,False
8842e37707fffff,24.01752,69.53949,4.01,4.01,336.37,336.37,305.15,305.15,0.0,0.0,2026-07-08,54,0,0,0,0,0,0,0,0,0.0,4917.81024864968,0.0,0.0,12503.249692448,0.0,0.0,0.0,0.0,0.0,1749.6829815516,0.0,0.0,,,,,,False
8842e37733fffff,24.01598,69.5616466666667,2.14333333333333,2.73,337.15,338.02,305.11,305.28,0.0,0.0,2026-07-08,54,0,0,0,0,0,0,0,0,0.0,4353.7006069727,0.0,0.0,10295.2563349271,0.0,0.0,0.0,0.0,0.0,4522.45600780573,0.0,0.0,,,,,,False
8842e37737fffff,24.00671,69.56181,5.05,5.05,336.76,336.76,305.06,305.06,0.0,0.0,2026-07-08,54,0,0,0,0,0,0,0,0,0.0,5346.0387178321,0.0,0.0,10492.8755881505,0.0,0.0,0.0,0.0,0.0,0.0,0.0,0.0,,,,,,False
8842e900b7fffff,25.59085,72.62873,2.74,2.74,332.94,332.94,297.48,297.48,0.0,0.0,2026-08-31,0,1,1,1,1,1,1,1,1,0.0333333333333333,1993.23340810175,0.0,0.0,8180.25648010804,0.0,0.0,1.0,0.0,2593.65155854908,23365.1665715977,0.0,0.0,,,,,,False
8842e96125fffff,25.21572,72.78812,3.07,3.07,330.5,330.5,297.54,297.54,0.0,0.0,2026-07-11,51,0,0,0,0,0,0,0,0,0.0,1807.55663963472,0.0,0.0,,0.0,0.0,0.0,0.0,733.910529498047,12268.0814817691,0.0,0.0,,,,,,False
8842e96695fffff,25.41518,73.01389,4.42,4.42,344.96,344.96,295.95,295.95,0.0,0.0,2026-07-18,44,0,0,0,0,0,0,0,0,0.0,348.213956318907,1055.52350755212,0.0,,0.0,1.0,2.0,447.56917547432,11433.711257909,33513.7630945885,0.0,0.0,,,,,,False
8842e966b9fffff,25.41014,73.0144,4.42,4.42,351.75,351.75,294.41,294.41,0.0,0.0,2026-07-18,44,0,0,0,0,0,0,0,0,0.0,467.635504532799,688.59760021813,0.0,,0.0,0.0,2.0,32.2995674324234,4367.05111050954,32038.6920589093,0.0,0.0,,,,,,False
8842e98235fffff,25.93777,72.2318,3.91,3.91,338.79,338.79,305.68,305.68,0.0,0.0,2026-07-11,51,0,0,0,0,0,0,0,0,0.0,650.460380729964,4387.37564271996,0.0,8743.58563960771,0.0,0.0,1.0,0.0,32247.5120999614,169375.176709012,1.0,1.0,,,,,,False
8842e98265fffff,25.9431916666667,72.1894173333333,3.088,19.74,313.521666666667,355.4,285.871,294.58,0.933333333333333,0.0,2026-08-30,1,6,4,8,6,8,6,22,13,0.433333333333333,21.9300210285083,12656.1517118508,0.0,9598.36328397892,0.0,0.0,0.0,1923.94954067813,82894.2243245492,181194.445728656,0.0,1.0,,,,,,False
8842e98267fffff,25.9433410526316,72.1936631578947,4.95368421052632,19.74,318.312631578947,341.14,287.605263157895,303.78,0.894736842105263,0.0,2026-08-29,2,3,2,4,3,5,4,15,10,0.333333333333333,70.7158821976979,13449.2315248682,0.0,9503.05854172522,0.0,0.0,0.0,3670.06815173101,80623.2572936091,178365.090380341,0.0,1.0,,,,,,False
8842e9835bfffff,25.9402,72.1937628571428,2.35571428571429,3.15,311.432857142857,326.85,288.464285714286,295.12,1.0,0.0,2026-08-28,3,1,1,1,1,2,2,5,5,0.166666666666667,70.6298220800618,11107.6510753991,0.0,9162.97965560025,0.0,0.0,0.0,1631.62188127929,69101.4119171606,180073.590724412,0.0,1.0,,,,,,False
8842e99893fffff,25.86353,72.1926,5.87,5.87,343.51,343.51,299.34,299.34,0.0,0.0,2026-07-16,46,0,0,0,0,0,0,0,0,0.0,719.888736910478,1050.34903946725,0.0,2154.59563329071,0.0,9.0,32.0,0.0,13747.1650139394,138408.765749312,0.0,1.0,,,,,,False
8842e9ace1fffff,25.88776,72.90572,2.34,2.34,334.23,334.23,300.59,300.59,0.0,0.0,2026-07-16,46,0,0,0,0,0,0,0,0,0.0,1124.78520970189,0.0,0.0,10787.2581147132,0.0,0.0,0.0,0.0,26678.4724057469,101529.118971045,0.0,0.0,,,,,,False
8842e9d5b3fffff,25.64665,72.15508,3.44,3.44,336.8,336.8,298.01,298.01,0.0,0.0,2026-07-30,32,0,0,0,0,0,0,0,0,0.0,379.387470605661,2584.66262315299,0.0,2397.55363034328,0.0,1.0,1.0,648.696448507841,9674.34165131148,35055.8806138291,0.0,0.0,,,,,,False
8842e9d5b7fffff,25.6402,72.15627,5.84,5.84,339.44,339.44,296.23,296.23,0.0,0.0,2026-07-19,43,0,0,0,0,0,0,0,0,0.0,544.464057070752,1576.39512360469,0.0,2867.77890109623,0.0,0.0,1.0,0.0,9646.04706399728,36620.4062053751,0.0,0.0,,,,,,False
8842ea3801fffff,24.1019,71.67893,4.44,4.44,337.27,337.27,300.57,300.57,0.0,0.0,2026-07-03,59,0,0,0,0,0,0,0,0,0.0,723.84127470838,1377.63174802281,0.0,8706.10362714311,0.0,0.0,0.0,0.0,16381.3049332259,68365.4706657352,0.0,0.0,,,,,,False
8842ea429bfffff,23.82167,71.26528,7.04,7.04,338.38,338.38,304.23,304.23,0.0,0.0,2026-07-11,51,0,0,0,0,0,0,0,0,0.0,2192.99720821358,0.0,0.0,,0.0,0.0,0.0,0.0,4595.87736860975,72010.8766386987,0.0,0.0,,,,,,False
8842ea693bfffff,23.61309,71.65849,3.17,3.17,333.36,333.36,291.4,291.4,0.0,0.0,2026-07-18,44,0,0,0,0,0,0,0,0,0.0,10.9975335390387,1998.94724503545,0.0,9765.13540770524,0.0,0.0,0.0,999.222143058019,13222.5642418037,38557.2965202387,0.0,0.0,,,,,,False
8842eaa1d7fffff,24.44244,71.59998,2.89,2.89,332.53,332.53,294.42,294.42,0.0,0.0,2026-07-18,44,0,0,0,0,0,0,0,0,0.0,782.424243868316,1324.69172475685,0.0,5559.1074699961,0.0,0.0,0.0,0.0,19194.1997787505,69159.1745978438,0.0,0.0,,,,,,False
8842eab163fffff,24.48961,71.3725,7.88,7.88,341.79,341.79,298.93,298.93,0.0,0.0,2026-07-03,59,0,0,0,0,0,0,0,0,0.0,2477.71103407544,0.0,0.0,,0.0,0.0,0.0,0.0,497.331494823226,16959.7207921419,0.0,0.0,,,,,,False
8842eb19e3fffff,24.45727,72.32912,5.49,5.49,338.37,338.37,299.54,299.54,0.0,0.0,2026-07-16,46,0,0,0,0,0,0,0,0,0.0,1318.08178352559,0.0,0.0,1606.07767200025,0.0,121.0,123.0,0.0,8085.20752100625,48833.8355025665,0.0,0.0,,,,,,False
8842eb2701fffff,24.688675,73.003805,1.2,1.59,300.55,300.8,283.93,283.94,1.0,0.0,2026-07-18,44,0,0,0,0,0,0,0,0,0.0,886.605690652865,122.645757345331,0.0,2375.74987336866,0.0,1.0,10.0,0.0,7030.64449706319,42351.671739019,1.0,1.0,,,,,,False
8842eb2709fffff,24.689902,73.001914,1.01,1.36,305.08,307.04,290.816,292.89,1.0,0.0,2026-08-29,2,1,1,3,3,3,3,4,4,0.133333333333333,675.4334216217,1045.77317297929,0.0,2208.16000184786,0.0,1.0,13.0,0.0,7651.07975598641,42773.4301765492,1.0,1.0,,,,,,False
8842eb270bfffff,24.6904633333333,73.0042966666667,0.966666666666667,1.37,303.666666666667,304.11,289.896666666667,293.03,1.0,0.0,2026-08-23,8,0,0,1,1,2,2,2,2,0.0666666666666667,760.145243633516,899.844770324785,0.0,2194.47885050507,0.0,1.0,11.0,0.0,7527.15690420177,42322.8215027746,1.0,1.0,,,,,,False
8842eb3145fffff,24.65874,72.72266,5.44,5.44,335.04,335.04,299.96,299.96,0.0,0.0,2026-07-11,51,0,0,0,0,0,0,0,0,0.0,1035.66990556329,0.0,0.0,3016.61641335713,0.0,0.0,12.0,0.0,7464.75020926809,31654.2720668494,0.0,0.0,,,,,,False
8842eba329fffff,24.90974,72.56242,1.57,1.57,300.88,300.88,275.83,275.83,1.0,0.0,2026-07-31,31,0,0,0,0,0,0,0,0,0.0,500.47394435956,1716.99749585399,0.0,1723.44924896463,0.0,1.0,5.0,0.0,12023.3058122358,37652.7548604066,0.0,0.0,,,,,,False
8842ebaccdfffff,24.87293,72.81599,3.2,3.2,337.35,337.35,292.14,292.14,0.0,0.0,2026-07-03,59,0,0,0,0,0,0,0,0,0.0,162.301086704074,6618.08020224338,1.0,386.313280081138,1.0,3.0,19.0,2189.28034284803,30908.1381873415,105877.379843822,0.0,0.0,,,,,,False
8842ebba41fffff,24.92356,72.42528,6.25,6.25,337.81,337.81,300.51,300.51,0.0,0.0,2026-07-16,46,0,0,0,0,0,0,0,0,0.0,67.8934424005332,1984.17217940958,0.0,,0.0,0.0,0.0,985.149939593402,7211.41760800679,19831.0929582323,0.0,0.0,,,,,,False
8842ec8463fffff,26.06175,70.26306,3.21,3.21,340.74,340.74,302.98,302.98,0.0,0.0,2026-08-09,22,0,0,0,0,0,0,1,1,0.0333333333333333,,0.0,0.0,,0.0,0.0,0.0,0.0,0.0,8279.61378284925,0.0,0.0,,,,,,False
8842ed8ae7fffff,26.37232,71.21835,2.65,2.65,330.16,330.16,294.38,294.38,0.0,0.0,2026-08-21,10,0,0,0,0,1,1,1,1,0.0333333333333333,213.628704572324,1952.48243999113,0.0,1979.21952073401,0.0,1.0,1.0,903.011600187618,9864.66491831741,25374.2588629478,0.0,0.0,,,,,,False
88608092bbfffff,17.86897,76.680035,8.37,15.7,337.68,345.0,307.03,312.13,0.0,0.0,2026-07-13,49,0,0,0,0,0,0,0,0,0.0,140.412661093752,3143.185358609,1.0,762.357719473945,0.0,1.0,623.0,933.739562063446,13722.8550624554,74526.2581864426,0.0,0.0,,,,,,False
886080b595fffff,17.8973,76.12593,1.63,1.63,332.58,332.58,304.23,304.23,0.0,0.0,2026-07-13,49,0,0,0,0,0,0,0,0,0.0,1113.22661751066,0.0,0.0,10934.6304907626,0.0,0.0,0.0,0.0,11717.1390035318,53906.6147667304,0.0,0.0,,,,,,False
886080c645fffff,18.26646,76.73109,0.85,0.85,330.73,330.73,298.13,298.13,0.0,0.0,2026-07-13,49,0,0,0,0,0,0,0,0,0.0,976.347255423414,275.57878341644,0.0,5400.59702464937,0.0,0.0,0.0,0.0,22726.1566889324,78257.1724328147,0.0,0.0,,,,,,False
8860810b17fffff,18.12482,75.44324,2.86,2.86,330.11,330.11,294.34,294.34,0.0,0.0,2026-08-29,2,1,1,1,1,1,1,1,1,0.0333333333333333,115.273573402017,6675.19248169635,4.0,444.218050829534,4.0,7.0,329.0,2669.61923895758,21143.4527606823,116816.690294439,0.0,1.0,,,,,,False
8860811ad7fffff,17.96539,75.48702,3.37,3.37,336.33,336.33,299.52,299.52,0.0,0.0,2026-08-31,0,1,1,1,1,1,1,1,1,0.0333333333333333,347.229352755852,7219.94131925157,1.0,774.947456946216,0.0,1.0,1.0,1871.02295667863,21211.0056189181,54476.6714631975,0.0,0.0,,,,,,False
8860812895fffff,18.11267,74.92767,2.57,2.57,332.54,332.54,300.05,300.05,0.0,0.0,2026-07-15,47,0,0,0,0,0,0,0,0,0.0,363.482630450288,1923.30581239599,0.0,3575.83073244695,0.0,0.0,3.0,183.864056999569,24620.210697571,140910.664373472,0.0,4.0,,,,,,False
8860815645fffff,18.130865,75.60661,6.9,8.01,341.925,343.04,308.595,309.79,0.0,0.0,2026-07-14,48,0,0,0,0,0,0,0,0,0.0,329.954923931968,4653.89688996874,0.0,4198.66020744053,0.0,0.0,2.0,817.666358046057,31978.1210426819,105115.600653751,0.0,0.0,,,,,,False
8860819193fffff,17.56894,75.63644,4.39,4.39,334.34,334.34,300.19,300.19,0.0,0.0,2026-08-20,11,0,0,0,0,1,1,1,1,0.0333333333333333,397.425923522922,1750.19659881098,0.0,1211.23820234364,0.0,4.0,5.0,589.951812372483,19468.9578251512,81003.1501331275,0.0,2.0,,,,,,False
886081acb5fffff,17.72921,74.98431,0.54,0.54,303.36,303.36,291.55,291.55,1.0,0.0,2026-07-13,49,0,0,0,0,0,0,0,0,0.0,161.697813208634,2549.89052866046,0.0,3773.87890751115,0.0,0.0,1.0,934.014996231582,17373.0747394947,75213.558689065,0.0,0.0,,,,,,False
886081c123fffff,18.06566,75.81554,1.65,1.65,333.55,333.55,307.82,307.82,0.0,0.0,2026-07-14,48,0,0,0,0,0,0,0,0,0.0,240.640702902425,7881.75790101936,0.0,1704.83993877349,0.0,1.0,4.0,2415.86570990566,74692.8722066183,194450.845663021,0.0,0.0,,,,,,False
8860834b01fffff,19.56964,75.89393,0.89,0.89,308.7,308.7,293.19,293.19,1.0,0.0,2026-07-13,49,0,0,0,0,0,0,0,0,0.0,1248.45320442485,0.0,0.0,5138.72135895877,0.0,0.0,0.0,0.0,17344.4125105881,55078.8147664391,0.0,0.0,,,,,,False
886083d34dfffff,18.96109,76.21063,2.53,2.53,330.93,330.93,295.14,295.14,0.0,0.0,2026-07-25,37,0,0,0,0,0,0,0,0,0.0,1048.23941447412,0.0,0.0,2799.44062528891,0.0,0.0,3.0,0.0,7671.50823013822,54560.2365892904,0.0,2.0,,,,,,False
886085549bfffff,17.47464,76.29153,2.25,2.25,333.37,333.37,294.86,294.86,0.0,0.0,2026-07-12,50,0,0,0,0,0,0,0,0,0.0,516.463865191534,1804.42573615331,0.0,1073.42359027566,0.0,1.0,160.0,0.0,22258.7342983757,60321.1225697856,0.0,0.0,,,,,,False
886085640bfffff,17.574935,75.842885,5.98,7.7,336.685,342.16,304.625,306.74,0.0,0.0,2026-07-13,49,0,0,0,0,0,0,0,0,0.0,72.3546571934195,6460.46450484803,0.0,3989.67725963924,0.0,0.0,2.0,1055.78514839633,26662.3780304964,90863.8534210155,0.0,0.0,,,,,,False
88608565e5fffff,17.65149,75.84113,1.49,1.49,336.11,336.11,307.61,307.61,0.0,0.0,2026-07-13,49,0,0,0,0,0,0,0,0,0.0,76.0532873001876,3446.34104338167,0.0,1355.97857922776,0.0,3.0,681.0,1021.16599662714,39172.8574810079,194562.552053334,0.0,0.0,,,,,,False
8860856dd7fffff,17.77075,75.83885,1.97,1.97,338.77,338.77,299.26,299.26,0.0,0.0,2026-08-31,0,1,1,1,1,1,1,1,1,0.0333333333333333,425.688172106656,3125.88813168819,0.0,2121.54888022018,0.0,32.0,154.0,395.71843809976,18031.793989635,120516.680807035,0.0,76.0,,,,,,False
8860857111fffff,17.58144,76.11646,2.48,2.48,339.62,339.62,287.32,287.32,0.0,0.0,2026-08-02,29,0,0,0,0,0,0,1,1,0.0333333333333333,549.37464956367,1713.85352763752,0.0,3723.36350863575,0.0,0.0,2.0,0.0,21171.1567488882,94801.2483320963,0.0,0.0,,,,,,False
88608848a9fffff,18.77779,73.7496,1.86,1.86,321.51,321.51,289.43,289.43,1.0,0.0,2026-08-29,2,1,1,1,1,1,1,1,1,0.0333333333333333,86.2253357789772,15323.4407304344,68.0,261.469285749328,14.0,534.0,2012.0,4064.24259394603,78660.6390557216,282016.907600975,3.0,57.0,13144484779.0,Chakan Fire station,18.77367,73.8693738,13341.9552768498,True
886088c88dfffff,18.42282,73.946265,1.355,1.5,310.58,311.89,290.03,291.32,1.0,0.0,2026-08-08,23,0,0,0,0,0,0,1,1,0.0333333333333333,735.674657475124,1660.7505499942,1.0,919.52347841258,0.0,153.0,3108.0,0.0,69237.2945050099,450450.706608915,0.0,7.0,13144484779.0,Chakan Fire station,18.77367,73.8693738,42088.0674515883,True
886088c941fffff,18.45822,74.04047,6.33,6.33,334.26,334.26,294.88,294.88,0.0,0.0,2026-07-11,51,0,0,0,0,0,0,0,0,0.0,74.1355967836288,9315.40130758373,0.0,964.37009676133,0.0,32.0,593.0,2084.57519839124,90267.6618451937,436252.186994359,0.0,3.0,13144484779.0,Chakan Fire station,18.77367,73.8693738,41662.9165605839,True
88608a2cebfffff,19.38461,73.21235,4.75,4.75,330.16,330.16,300.73,300.73,0.0,0.0,2026-07-14,48,0,0,0,0,0,0,0,0,0.0,53.4012250613844,12965.40031944,2.0,614.583509297907,0.0,2.0,21.0,2363.36796902592,63307.9619146184,230813.226936229,2.0,12.0,1330557955.0,Kalyan Fire Station,19.24877295,73.1219307131417,18922.494917626,True
88608a801bfffff,18.957053,73.942515,3.035,10.13,313.289,337.98,282.678,292.31,1.0,0.0,2026-08-26,5,1,1,1,1,1,1,6,3,0.1,135.147324572855,4824.50130483528,0.0,1091.28226558314,0.0,6.0,338.0,1898.52021006321,29054.4759176871,156544.01724009,0.0,0.0,13144484779.0,Chakan Fire station,18.77367,73.8693738,23058.3353258112,True
88608a82a7fffff,18.955735,73.94129,2.495,4.07,306.53,317.44,281.665,284.94,1.0,0.0,2026-08-17,14,0,0,0,0,1,1,2,2,0.0666666666666667,56.539460318814,4574.23736880898,0.0,1127.8426468382,0.0,6.0,338.0,2044.48809616514,27272.4168277888,154960.574584932,0.0,0.0,13144484779.0,Chakan Fire station,18.77367,73.8693738,22865.1600189141,True
88608b1141fffff,18.85651,72.9276,3.46,3.46,318.01,318.01,291.75,291.75,1.0,0.0,2026-08-10,21,0,0,0,0,0,0,1,1,0.0333333333333333,3.47354608170084,8593.57323065397,71.0,11.5320367719673,53.0,2924.0,8406.0,4680.40561408775,54962.9362895266,207406.400990256,1.0,4.0,353758946.0,Kharghar Fire Station,19.03884495,73.063524452693,26258.161926915,True
88608b5811fffff,19.32261,73.09357,1.21,1.21,305.41,305.41,287.51,287.51,1.0,0.0,2026-07-16,46,0,0,0,0,0,0,0,0,0.0,78.3730497877864,19533.2875483869,2.0,398.543536729813,1.0,16.0,772.0,4149.46145581881,105868.1582994,498331.418827376,1.0,30.0,1330557955.0,Kalyan Fire Station,19.24877295,73.1219307131417,9262.80812674904,True
88608b8a05fffff,18.6845530769231,73.0309746153846,2.10615384615385,3.46,304.898461538462,315.77,288.485384615385,293.75,1.0,0.0,2026-08-30,1,4,3,5,4,7,5,11,9,0.3,1014.64889802317,0.0,0.0,1111.1145036287,0.0,14.0,27.0,0.0,22900.9758270881,162376.214745351,1.0,8.0,372606474.0,Kalamboli Fire Station,19.0260179,73.1050930525386,41005.8725139032,True
88608b8a0dfffff,18.6793866666667,73.0347966666667,2.87333333333333,4.0,306.823333333333,309.91,289.796666666667,291.59,1.0,0.0,2026-08-25,6,1,1,1,1,1,1,2,2,0.0666666666666667,510.857834574823,1686.79830758233,0.0,937.334829973373,0.0,9.0,26.0,0.0,22187.407997629,157987.410666201,1.0,8.0,372606474.0,Kalamboli Fire Station,19.0260179,73.1050930525386,41518.454897691,True
88608b8a2bfffff,18.68806,73.0277,2.08,2.08,299.39,299.39,277.02,277.02,1.0,0.0,2026-07-27,35,0,0,0,0,0,0,0,0,0.0,796.781450450877,255.979000811058,0.0,1081.68989420825,0.0,16.0,27.0,0.0,22414.3100752349,169679.748923156,1.0,8.0,372606474.0,Kalamboli Fire Station,19.0260179,73.1050930525386,40677.9152018975,True
88608b8a61fffff,18.684274,73.041742,3.286,5.13,324.72,338.71,289.828,294.98,0.6,0.0,2026-08-21,10,0,0,0,0,1,1,2,2,0.0666666666666667,212.049007730084,907.201804630318,4.0,157.388068803971,1.0,16.0,25.0,30.4228654806399,33715.104692525,149532.695048691,2.0,8.0,372606474.0,Kalamboli Fire Station,19.0260179,73.1050930525386,40813.9034179233,True
88608b8a63fffff,18.683083125,73.037833125,3.723125,11.47,316.824375,338.76,289.491875,299.26,0.6875,0.0,2026-08-29,2,2,2,3,3,5,4,8,6,0.2,644.724260006958,270.860861613616,2.0,480.402532025363,0.0,14.0,25.0,0.0,29160.264836517,154825.333122983,2.0,8.0,372606474.0,Kalamboli Fire Station,19.0260179,73.1050930525386,41028.9204736605,True
88608b8a67fffff,18.6920022222222,73.0411411111111,2.86888888888889,4.83,315.184444444444,333.21,291.202222222222,299.59,0.777777777777778,0.0,2026-08-28,3,3,2,3,2,4,3,4,3,0.1,218.222555749463,2316.96587202262,3.0,498.774718341093,0.0,18.0,25.0,184.654757101526,37126.7194087626,150697.773892639,1.0,8.0,372606474.0,Kalamboli Fire Station,19.0260179,73.1050930525386,39931.5589045042,True
88608b8a6bfffff,18.679195,73.0428975,3.0975,4.77,312.9275,339.66,288.7475,293.04,0.75,0.0,2026-08-29,2,1,1,1,1,1,1,1,1,0.0333333333333333,566.44297350675,1197.74778895523,4.0,132.251673552706,0.0,9.0,30.0,0.0,26140.5323123315,148238.260917821,1.0,8.0,372606474.0,Kalamboli Fire Station,19.0260179,73.1050930525386,41380.1762564799,True
88608bc88bfffff,19.07515,73.13273,3.38,3.38,306.98,306.98,291.71,291.71,1.0,0.0,2026-08-20,11,0,0,0,0,1,1,1,1,0.0333333333333333,172.520647138381,27817.6938945071,888.0,131.676542001313,241.0,3153.0,6829.0,5178.82943993767,123913.193195252,365149.332300945,1.0,19.0,3761594600.0,,19.0681874,73.131667,828.580470291991,True
88608bcf29fffff,19.04779,73.11804,1.71,1.71,307.42,307.42,292.09,292.09,1.0,0.0,2026-08-23,8,0,0,1,1,1,1,1,1,0.0333333333333333,28.0388237110685,19490.954813264,406.0,237.442667494832,97.0,3501.0,13583.0,6992.8672288429,153660.39250938,597752.938895813,0.0,12.0,5102719433.0,Tawa Delight,19.0392786,73.0992311,2321.35219016827,True
88608bcf2dfffff,19.04974,73.11978,1.5,1.5,305.42,305.42,292.19,292.19,1.0,0.0,2026-08-23,8,0,0,1,1,1,1,1,1,0.0333333333333333,22.8212445983689,21574.7784145312,464.0,72.0112734012622,118.0,3242.0,12982.0,6973.95909731964,144069.425768911,576642.460683327,1.0,13.0,3761594600.0,,19.0681874,73.131667,2543.8998247998,True
88608c4067fffff,17.95931,74.58168,1.64,1.64,330.38,330.38,291.49,291.49,0.0,0.0,2026-07-26,36,0,0,0,0,0,0,0,0,0.0,68.8819011586662,8708.99635893576,3.0,791.504565881678,0.0,3.0,3.0,2880.76108286277,30869.782173858,87740.630574976,0.0,0.0,,,,,,False
88608c70e1fffff,17.8327,74.23833,2.26,2.26,333.42,333.42,304.96,304.96,0.0,0.0,2026-07-14,48,0,0,0,0,0,0,0,0,0.0,407.582850565443,3176.28914382747,1.0,791.811947876367,0.0,1.0,7.0,367.634315177449,11808.07508377,61160.3981004592,0.0,0.0,,,,,,False
88608d603dfffff,17.54469,73.15681,3.59,3.59,334.72,334.72,288.88,288.88,1.0,0.0,2026-08-30,1,1,1,1,1,1,1,1,1,0.0333333333333333,160.647793492127,9558.7356231758,21.0,309.460385925152,2.0,95.0,102.0,1739.64760704698,41917.7248744848,73278.287734811,1.0,4.0,,,,,,False
88608e0057fffff,18.64043,74.56492,4.3,4.3,340.74,340.74,293.78,293.78,0.0,0.0,2026-08-20,11,0,0,0,0,1,1,1,1,0.0333333333333333,329.281813210756,4572.07857044697,0.0,2339.43855484428,0.0,1.0,4.0,1017.18767770065,23761.5449149525,94150.2660454839,0.0,0.0,,,,,,False
88608e0ea3fffff,18.72046,74.42578,4.74,4.74,328.05,328.05,287.71,287.71,0.0,0.0,2026-08-18,13,0,0,0,0,1,1,1,1,0.0333333333333333,149.653979174045,2825.80913846829,0.0,2402.91788402588,0.0,2.0,26.0,1007.1483536223,18029.1378097001,74405.2401699655,0.0,0.0,,,,,,False
88608e0ea7fffff,18.72185,74.42528,3.98,3.98,328.15,328.15,287.41,287.41,0.0,0.0,2026-08-18,13,0,0,0,0,1,1,1,1,0.0333333333333333,295.442886899759,3787.45312313659,0.0,2457.6251750063,0.0,1.0,26.0,1017.46476911573,18342.4217079289,74531.4708503056,0.0,0.0,,,,,,False
88608e0ee5fffff,18.70882,74.45466,3.57,3.57,336.09,336.09,295.12,295.12,0.0,0.0,2026-08-25,6,1,1,1,1,1,1,1,1,0.0333333333333333,197.012135744866,3621.76967958889,0.0,4972.13346458169,0.0,0.0,1.0,1438.31757040518,13070.5885371573,62033.4561364169,0.0,0.0,,,,,,False
88608e15e7fffff,18.56188,74.5267,4.39,4.39,335.86,335.86,297.81,297.81,0.0,0.0,2026-08-30,1,1,1,1,1,1,1,1,1,0.0333333333333333,977.284215912584,150.316542891027,0.0,3068.18558504317,0.0,0.0,54.0,0.0,16814.9453920005,99803.3264919047,0.0,0.0,,,,,,False
88608e1709fffff,18.49127,74.60493,0.53,0.53,301.0,301.0,288.03,288.03,1.0,0.0,2026-08-30,1,1,1,1,1,1,1,1,1,0.0333333333333333,207.965165486041,4884.83674933798,0.0,3170.71147234334,0.0,0.0,1081.0,1675.91942403567,30703.1756365864,159796.524827583,0.0,0.0,,,,,,False
88608e2219fffff,18.57163,74.18153,2.1,2.1,310.06,310.06,284.01,284.01,1.0,0.0,2026-08-21,10,0,0,0,0,1,1,1,1,0.0333333333333333,15.0727414816376,9364.46871157506,0.0,4353.10431294483,0.0,0.0,1.0,2040.71526532333,53079.7267666866,205539.794553015,0.0,1.0,13144484779.0,Chakan Fire station,18.77367,73.8693738,42084.6238074846,True
88608e2b2bfffff,18.8029633333333,74.2568566666667,1.49666666666667,1.88,306.926666666667,314.73,284.67,290.13,1.0,0.0,2026-08-25,6,1,1,1,1,3,3,3,3,0.1,937.3425011997,1031.48197889806,0.0,1718.70955200857,0.0,20.0,349.0,0.0,28871.5976014994,167848.588840593,0.0,16.0,13144484779.0,Chakan Fire station,18.77367,73.8693738,43271.703821135,True
88608e2b39fffff,18.79699,74.24223,0.84,0.84,304.98,304.98,274.55,274.55,1.0,0.0,2026-07-10,52,0,0,0,0,0,0,0,0,0.0,237.612714182322,4984.00873643671,0.0,1436.54983071291,0.0,19.0,193.0,1418.02541994395,28052.9820304827,145296.985220479,0.0,7.0,13144484779.0,Chakan Fire station,18.77367,73.8693738,41596.6376141013,True
88608e30edfffff,18.54685,74.253445,1.215,1.61,306.44,306.65,288.55,289.56,1.0,0.0,2026-08-30,1,2,1,2,1,2,1,2,1,0.0333333333333333,3.34214310162259,4360.59490214532,0.0,1234.87231499707,0.0,1.0,8.0,999.187940847126,29568.5432099604,129278.083043281,0.0,1.0,,,,,,False
88608e329bfffff,18.46759,74.2318,3.92,3.92,333.29,333.29,298.87,298.87,0.0,0.0,2026-08-18,13,0,0,0,0,1,1,1,1,0.0333333333333333,526.873416907026,4685.93245458851,1.0,822.578818065299,0.0,3.0,10.0,0.0,41178.0200031582,156485.142425609,0.0,1.0,,,,,,False
88608e36ebfffff,18.43314,74.12675,0.5,0.5,302.22,302.22,286.57,286.57,1.0,0.0,2026-08-13,18,0,0,0,0,0,0,1,1,0.0333333333333333,85.9751166302803,12374.1661851874,0.0,1195.8191871263,0.0,9.0,41.0,4669.58176320222,73568.6038107418,230143.027684998,0.0,1.0,13144484779.0,Chakan Fire station,18.77367,73.8693738,49200.4709507985,True
88608e39a3fffff,18.762985,74.28064,0.65,1.0,299.17,299.77,274.535,274.56,1.0,0.0,2026-07-16,46,0,0,0,0,0,0,0,0,0.0,566.707176635129,2575.65961243915,0.0,1189.5271986065,0.0,74.0,499.0,0.0,46086.4826546634,159274.481718676,0.0,13.0,13144484779.0,Chakan Fire station,18.77367,73.8693738,45799.1762950963,True
88608e3b3dfffff,18.70828,74.36279,4.53,4.53,342.67,342.67,289.28,289.28,0.0,0.0,2026-08-23,8,0,0,1,1,1,1,1,1,0.0333333333333333,516.216864426074,2907.23576906159,0.0,1388.42245910364,0.0,1.0,30.0,0.0,24222.1616483444,97867.4821949926,0.0,0.0,,,,,,False
88608e9041fffff,18.19632,74.90801,3.02,3.02,335.07,335.07,302.44,302.44,0.0,0.0,2026-07-13,49,0,0,0,0,0,0,0,0,0.0,59.6361854563305,5321.20270495731,0.0,3476.39554930934,0.0,0.0,1.0,1031.05186356665,58103.5466308703,179297.908718696,0.0,1.0,,,,,,False
88608eaa05fffff,18.40169,74.43215,1.29,1.29,301.42,301.42,286.53,286.53,1.0,0.0,2026-08-27,4,1,1,1,1,1,1,1,1,0.0333333333333333,335.565950164338,6406.8691065262,0.0,3125.81318036732,0.0,0.0,54.0,962.461345498815,43121.6103165965,180235.449926656,0.0,3.0,,,,,,False
88608eaabbfffff,18.3947,74.34995,1.79,1.79,332.85,332.85,298.89,298.89,0.0,0.0,2026-08-30,1,1,1,1,1,1,1,1,1,0.0333333333333333,289.385134401606,3706.34987987668,0.0,1211.62073528761,0.0,1.0,10.0,1158.47577599448,22659.5710310513,79141.7728674863,0.0,0.0,,,,,,False
88608eb313fffff,18.18966,74.50983,5.08,5.08,338.72,338.72,310.93,310.93,0.0,0.0,2026-07-14,48,0,0,0,0,0,0,0,0,0.0,564.228421193904,4353.7058588851,0.0,5384.46019065215,0.0,0.0,0.0,0.0,21052.3505165729,84655.9286529668,0.0,0.0,,,,,,False
88608eb9d5fffff,18.38421,74.48208,0.28,0.28,300.79,300.79,285.74,285.74,1.0,0.0,2026-07-15,47,0,0,0,0,0,0,0,0,0.0,332.91505094766,6076.97314797597,0.0,3107.62681789568,0.0,0.0,26.0,667.816704717597,36773.9777519718,131134.239255214,0.0,4.0,,,,,,False
8860946a2bfffff,20.7032066666667,78.6199233333333,1.58666666666667,2.41,309.8,319.22,290.84,296.06,1.0,0.0,2026-07-31,31,0,0,0,0,0,0,0,0,0.0,35.070964976865,18153.5587376927,1.0,975.396371562927,0.0,10.0,721.0,7906.13403055149,66632.6192240333,397295.775864616,1.0,6.0,,,,,,False
8860946a61fffff,20.69543,78.63831,4.43,4.43,330.95,330.95,298.44,298.44,0.0,0.0,2026-08-03,28,0,0,0,0,0,0,1,1,0.0333333333333333,37.4686269949095,10391.2992973725,0.0,859.816354309119,0.0,3.0,135.0,3169.07969502849,43751.6162729313,195167.825162661,1.0,4.0,,,,,,False
8860946a63fffff,20.6963633333333,78.63571,1.95666666666667,2.83,312.956666666667,323.78,292.006666666667,296.48,1.0,0.0,2026-08-01,30,0,0,0,0,0,0,0,0,0.0,10.0033375704932,12067.06494524,1.0,592.618205109205,0.0,4.0,237.0,4897.71330328025,44068.9122509214,211157.909928034,1.0,4.0,,,,,,False
8860946f51fffff,20.65979,78.49393,2.06,2.06,307.89,307.89,296.12,296.12,1.0,0.0,2026-07-13,49,0,0,0,0,0,0,0,0,0.0,120.954394271787,23225.6116723303,0.0,1322.59823309428,0.0,6.0,6.0,4566.9295694383,90786.3067451576,156149.612632597,1.0,1.0,,,,,,False
8860948753fffff,19.80224,78.86414,0.69,1.02,302.4325,303.93,286.51,288.05,1.0,0.0,2026-08-20,11,0,0,0,0,2,1,4,3,0.1,588.476144140454,1774.06154513286,0.0,1477.2966867268,0.0,1.0,2.0,0.0,18581.6172189673,59301.4814144315,0.0,0.0,,,,,,False
886094903bfffff,19.78762,79.06409,0.96,0.96,308.83,308.83,295.57,295.57,1.0,0.0,2026-07-13,49,0,0,0,0,0,0,0,0,0.0,558.253003995179,3359.99368701826,1.0,796.727421277772,0.0,1.0,4.0,0.0,10460.3617115598,33008.1173545108,1.0,1.0,4376877994.0,CMC fire station,19.962083,79.2948375,32958.7234295075,True
8860949307fffff,19.7862,79.1481066666667,2.12333333333333,2.48,308.236666666667,309.77,292.0,294.49,1.0,0.0,2026-07-14,48,0,0,0,0,0,0,0,0,0.0,606.152988218864,1404.44571374196,0.0,1813.01104656655,0.0,2.0,5.0,0.0,12759.4236576508,42237.4875301472,1.0,1.0,4376877994.0,CMC fire station,19.962083,79.2948375,26462.0010306976,True
8860949801fffff,19.93199,79.12069,1.2,1.2,301.99,301.99,285.57,285.57,1.0,0.0,2026-08-09,22,0,0,0,0,0,0,1,1,0.0333333333333333,55.5992931628768,20899.5315008966,0.0,1055.97114896006,0.0,8.0,10.0,2553.37005241213,139420.888311449,236473.151473773,2.0,3.0,4376877994.0,CMC fire station,19.962083,79.2948375,19710.8499489986,True
886094980bfffff,19.929275,79.121815,1.27,1.65,304.385,304.87,284.495,284.83,1.0,0.0,2026-08-17,14,0,0,0,0,1,1,1,1,0.0333333333333333,313.124913624757,10652.6096709322,0.0,1378.65987398089,0.0,9.0,10.0,729.907144576478,132159.602335316,236427.836974375,2.0,3.0,4376877994.0,CMC fire station,19.962083,79.2948375,19648.7262334659,True
886094981dfffff,19.92397,79.11326,1.12,1.12,307.84,307.84,285.74,285.74,1.0,0.0,2026-07-23,39,0,0,0,0,0,0,0,0,0.0,38.4298897694396,24302.5577490167,3.0,625.29440398773,0.0,8.0,9.0,6120.69828383585,104806.948737443,231308.300193474,2.0,3.0,4376877994.0,CMC fire station,19.962083,79.2948375,20710.8807764337,True
8860949857fffff,19.921145,79.113205,1.295,1.61,305.89,308.78,286.58,288.93,1.0,0.0,2026-08-20,11,0,0,0,0,1,1,1,1,0.0333333333333333,28.9658384194248,24101.3960434581,3.0,409.573830661662,1.0,7.0,9.0,7084.30456760408,88330.7703848118,228599.696712266,1.0,3.0,4376877994.0,CMC fire station,19.962083,79.2948375,20792.2925866392,True
8860949961fffff,19.99649,79.17857,1.13,1.13,304.91,304.91,287.7,287.7,1.0,0.0,2026-08-09,22,0,0,0,0,0,0,1,1,0.0333333333333333,285.284864494618,6931.46702927006,0.0,2741.35548985435,0.0,0.0,16.0,1150.39743540332,29145.8984828675,127972.325258005,0.0,4.0,4376877994.0,CMC fire station,19.962083,79.2948375,13569.3159468898,True
886094c6c7fffff,20.12711,79.02237,0.4,0.4,302.4,302.4,281.54,281.54,1.0,0.0,2026-07-07,55,0,0,0,0,0,0,0,0,0.0,568.30278846223,4024.37766426257,2.0,982.232283467402,0.0,28.0,38.0,0.0,22668.3057602007,64985.2499244088,1.0,2.0,4376877994.0,CMC fire station,19.962083,79.2948375,36088.4279735677,True
886095c111fffff,19.89794,78.12733,3.57,3.57,338.01,338.01,304.54,304.54,0.0,0.0,2026-07-15,47,0,0,0,0,0,0,0,0,0.0,446.221238069252,2273.54088052681,0.0,2869.58816206074,0.0,0.0,22.0,153.156353897559,13785.6256964803,50743.2663719956,0.0,0.0,,,,,,False
88609601d1fffff,21.33791,78.9688766666667,0.75,1.04,305.493333333333,310.54,286.06,289.55,1.0,0.0,2026-08-12,19,0,0,0,0,0,0,1,1,0.0333333333333333,323.229761481737,1924.49204812569,0.0,2812.01922210316,0.0,0.0,21.0,748.741567957157,11492.4825329898,96037.6332643744,0.0,3.0,13686160391.0,Kalmeshwar Fire Station,21.2311294,78.9241552,13693.9127199501,True
88609601d9fffff,21.335593,78.969201,1.345,2.37,304.635,312.62,283.733,292.85,1.0,0.0,2026-08-25,6,1,1,1,1,1,1,1,1,0.0333333333333333,318.426767567214,2527.37438324412,0.0,2810.28813510414,0.0,0.0,20.0,289.067078082397,10605.8063571703,93568.6513907039,0.0,3.0,13686160391.0,Kalmeshwar Fire Station,21.2311294,78.9241552,13449.7490130109,True
88609601dbfffff,21.3359033333333,78.96654,1.96,3.32,307.666666666667,315.07,286.833333333333,293.18,1.0,0.0,2026-08-01,30,0,0,0,0,0,0,0,0,0.0,43.2806097295258,2843.25372913263,0.0,2539.16668851026,0.0,0.0,21.0,620.595939187153,10962.3849377456,92669.80617264,0.0,3.0,13686160391.0,Kalmeshwar Fire Station,21.2311294,78.9241552,13376.8382282691,True
88609632b3fffff,21.16179,78.63186,1.05,1.05,330.86,330.86,296.85,296.85,0.0,0.0,2026-07-14,48,0,0,0,0,0,0,0,0,0.0,217.917956495601,6822.31038385919,24.0,256.299665458861,14.0,27.0,32.0,3127.95931709624,24203.771238215,78870.7437042918,0.0,1.0,13686160391.0,Kalmeshwar Fire Station,21.2311294,78.9241552,33574.8723123598,True
88609690b1fffff,20.87571,79.251175,1.98,2.61,302.71,306.85,280.97,288.92,1.0,0.0,2026-07-26,36,0,0,0,0,0,0,0,0,0.0,1203.13589650797,0.0,0.0,3606.71658573768,0.0,0.0,5.0,0.0,9639.12300015949,76482.0518806346,0.0,0.0,,,,,,False
886096ba01fffff,20.95119,78.96348,3.66,3.66,333.45,333.45,300.67,300.67,0.0,0.0,2026-07-10,52,0,0,0,0,0,0,0,0,0.0,34.1022077789593,28093.3396738928,3.0,791.861972359771,0.0,18.0,162.0,10124.3618583885,115097.667145457,411606.81774035,1.0,13.0,13686160391.0,Kalmeshwar Fire Station,21.2311294,78.9241552,33685.9219961689,True
886096c493fffff,21.261225,79.18425,1.125,1.28,305.65,309.63,267.81,277.77,1.0,0.0,2026-07-24,38,0,0,0,0,0,0,0,0,0.0,483.19686178996,1197.10074091401,0.0,1452.7406807458,0.0,1.0,1538.0,18.8709927991644,21860.5592835958,131847.958303781,0.0,0.0,13686160391.0,Kalmeshwar Fire Station,21.2311294,78.9241552,29175.8954011315,True
886096c4cbfffff,21.24569,79.22491,1.47,1.47,295.22,295.22,274.83,274.83,1.0,0.0,2026-07-13,49,0,0,0,0,0,0,0,0,0.0,287.116972568637,7445.75629986442,0.0,1421.60859305964,0.0,33.0,3563.0,2014.97688711667,85538.3984402928,264455.982014864,0.0,3.0,13686160391.0,Kalmeshwar Fire Station,21.2311294,78.9241552,33525.0034518291,True
886096c4d1fffff,21.248869,79.20938,1.559,2.0,309.416,322.44,284.75,290.53,1.0,0.0,2026-08-12,19,0,0,0,0,0,0,2,2,0.0666666666666667,519.061879200573,1524.41848645302,0.0,2157.52221756836,0.0,1.0,3776.0,0.0,27491.24252601,296632.604010054,0.0,2.0,13686160391.0,Kalmeshwar Fire Station,21.2311294,78.9241552,31821.688625819,True
886096c4d3fffff,21.24801,79.2057275,1.04,1.23,303.21,309.43,277.6675,288.4,1.0,0.0,2026-08-12,19,0,0,0,0,0,0,2,1,0.0333333333333333,905.799745497811,242.108659300677,0.0,1856.58105000953,0.0,2.0,3785.0,0.0,30756.354937121,307967.610701731,0.0,2.0,13686160391.0,Kalmeshwar Fire Station,21.2311294,78.9241552,31409.2556594948,True
886096c4d7fffff,21.250435,79.20768,1.43,2.44,308.3675,316.65,286.15,289.43,1.0,0.0,2026-08-12,19,0,0,0,0,0,0,1,1,0.0333333333333333,709.945749058509,1492.08875994366,0.0,2192.11304207828,0.0,1.0,3609.0,0.0,28676.0549489221,283952.312481039,0.0,2.0,13686160391.0,Kalmeshwar Fire Station,21.2311294,78.9241552,31645.9458523799,True
886096c4ddfffff,21.24571,79.2226266666667,1.85666666666667,2.44,306.58,311.26,285.626666666667,292.75,1.0,0.0,2026-08-02,29,0,0,0,0,0,0,1,1,0.0333333333333333,157.113424983496,6972.19260742742,0.0,1648.64755028477,0.0,9.0,3577.0,2514.28096526452,74552.794738817,271183.971357133,0.0,3.0,13686160391.0,Kalmeshwar Fire Station,21.2311294,78.9241552,33271.2936816748,True
886096c6b5fffff,21.240025,79.229685,1.0,1.15,303.805,305.3,287.185,289.19,1.0,0.0,2026-07-13,49,0,0,0,0,0,0,0,0,0.0,66.8128062535011,7470.75010818838,0.0,1359.01211275831,0.0,146.0,3566.0,553.87975029898,100355.137955279,264978.821013966,0.0,3.0,13686160391.0,Kalmeshwar Fire Station,21.2311294,78.9241552,34028.0102950369,True
886096c6b7fffff,21.243485,79.2230975,1.405,1.91,305.88,311.37,283.6125,289.1,1.0,0.0,2026-08-12,19,0,0,0,0,0,0,1,1,0.0333333333333333,54.7655492273976,6104.13925909796,0.0,1683.64472608589,0.0,24.0,3599.0,1204.39326699725,81729.1035068904,283096.738551069,0.0,3.0,13686160391.0,Kalmeshwar Fire Station,21.2311294,78.9241552,33310.8051009152,True
886096d363fffff,21.2342066666667,79.6295766666667,1.22666666666667,1.41,307.716666666667,311.49,285.866666666667,289.93,1.0,0.0,2026-08-11,20,0,0,0,0,0,0,1,1,0.0333333333333333,239.771635246355,10739.9525934866,0.0,1656.55384694991,0.0,12.0,25.0,1746.37338149354,67144.5527509714,160164.023792063,1.0,1.0,,,,,,False
88609836adfffff,20.58127,74.5366,0.35,0.35,299.17,299.17,265.03,265.03,1.0,0.0,2026-08-06,25,0,0,0,0,0,0,1,1,0.0333333333333333,15.9308063297719,19635.8541499795,0.0,1203.80990847036,0.0,5.0,323.0,3335.90533585416,192792.265395036,739184.094692674,0.0,4.0,,,,,,False
886098aa15fffff,20.52764,74.83426,4.54,4.54,330.17,330.17,290.75,290.75,0.0,0.0,2026-07-15,47,0,0,0,0,0,0,0,0,0.0,489.540205137223,2728.6195695938,0.0,1611.95800433435,0.0,2.0,8.0,202.51272673891,15248.7061264299,68824.085208632,0.0,0.0,,,,,,False
88609981d7fffff,20.07484,74.14079,3.75,3.75,330.99,330.99,291.59,291.59,0.0,0.0,2026-07-16,46,0,0,0,0,0,0,0,0,0.0,104.117850872423,4774.07476533888,0.0,2304.35588356051,0.0,4.0,232.0,2170.85754358082,23501.4180123557,123011.29034551,0.0,1.0,,,,,,False
8860998437fffff,19.99819,74.01125,3.21,3.21,333.16,333.16,295.9,295.9,0.0,0.0,2026-08-26,5,1,1,1,1,1,1,1,1,0.0333333333333333,88.2361210599646,11657.2487198997,0.0,1329.98473796398,0.0,8.0,34.0,3170.42804085696,49099.8656671601,138892.723224988,0.0,0.0,,,,,,False
8860998593fffff,20.02091,73.97487,3.62,3.62,333.76,333.76,300.86,300.86,0.0,0.0,2026-07-13,49,0,0,0,0,0,0,0,0,0.0,689.5021074615,1538.12062318691,0.0,1256.09476851473,0.0,12.0,74.0,0.0,26262.5767899746,116116.626546689,0.0,0.0,,,,,,False
886099b5a3fffff,19.93592,73.7116214285714,1.23428571428571,2.2,309.325714285714,317.95,288.2,290.77,1.0,0.0,2026-08-28,3,1,1,3,3,3,3,4,4,0.133333333333333,261.26203894933,7534.41353592136,94.0,555.824426443101,0.0,469.0,1943.0,2435.70803186459,62335.1178253133,279829.00906913,2.0,92.0,,,,,,False
886099b5a7fffff,19.9382066666667,73.7117166666667,1.03,1.4,303.93,307.95,287.76,290.54,1.0,0.0,2026-07-28,34,0,0,0,0,0,0,0,0,0.0,163.941893202687,7832.84669517318,121.0,307.232651391204,26.0,497.0,2186.0,2715.59058576707,66733.5845068275,293070.029991238,2.0,93.0,,,,,,False
88609a79c3fffff,22.26969,75.13277,2.54,2.54,297.06,297.06,282.23,282.23,1.0,0.0,2026-07-23,39,0,0,0,0,0,0,0,0,0.0,50.1309620377125,2360.28622545245,0.0,,0.0,0.0,0.0,1013.54151065908,13024.5267222085,50088.2577412253,0.0,0.0,,,,,,False
88609a79ddfffff,22.2655344444444,75.1326488888889,1.63222222222222,3.3,305.471111111111,311.02,287.447777777778,293.73,1.0,0.0,2026-08-28,3,1,1,1,1,1,1,1,1,0.0333333333333333,457.650762137048,1800.40091109233,0.0,,0.0,0.0,0.0,352.761493596082,11230.1368004222,49510.4870710616,0.0,0.0,,,,,,False
88609b546dfffff,21.65268,74.390515,4.25,4.25,336.875,339.33,299.775,300.23,0.0,0.0,2026-07-17,45,0,0,0,0,0,0,0,0,0.0,298.553630450911,1946.45567502166,0.0,1949.86202497093,0.0,1.0,1.0,836.718038795206,21257.6337772421,70627.7216448562,0.0,0.0,,,,,,False
88609bd343fffff,21.35246,74.77686,4.44,4.44,333.46,333.46,292.35,292.35,0.0,0.0,2026-07-17,45,0,0,0,0,0,0,0,0,0.0,1124.69353734016,0.0,0.0,2212.94419409322,0.0,1.0,3.0,0.0,20254.9684678432,71251.90073133,0.0,0.0,,,,,,False
88609cae81fffff,19.80371,75.4612,2.41,2.41,322.68,322.68,291.74,291.74,1.0,0.0,2026-07-13,49,0,0,0,0,0,0,0,0,0.0,54.5873548949066,6265.09034467082,0.0,2875.47301488465,0.0,0.0,25.0,1454.39158336918,34092.9066654352,148231.035545648,0.0,0.0,,,,,,False
88609cae85fffff,19.806655,75.46186,2.74,3.61,326.91,329.06,291.05,292.14,1.0,0.0,2026-07-13,49,0,0,0,0,0,0,0,0,0.0,226.665414715817,8347.09979273429,0.0,2608.70603565794,0.0,0.0,25.0,1895.90249288443,33214.3828917165,150031.169473645,0.0,0.0,,,,,,False
88609cae8dfffff,19.8058566666667,75.4654633333333,4.21666666666667,8.27,315.86,329.94,292.116666666667,294.59,1.0,0.0,2026-07-13,49,0,0,0,0,0,0,0,0,0.0,32.293925454563,10035.8473501427,0.0,2424.84363912476,0.0,1.0,25.0,3255.16167617716,36359.5041363002,147105.325572277,0.0,0.0,,,,,,False
88609d0e5dfffff,19.74384,74.70182,2.75,2.75,333.14,333.14,303.63,303.63,0.0,0.0,2026-07-12,50,0,0,0,0,0,0,0,0,0.0,519.683445259999,4585.98696215889,0.0,1771.61531181564,0.0,1.0,5.0,0.0,23870.7764434148,89343.2075153267,0.0,0.0,,,,,,False
88609d54cdfffff,19.91553,74.92828,4.21,4.21,331.65,331.65,301.67,301.67,0.0,0.0,2026-07-15,47,0,0,0,0,0,0,0,0,0.0,1065.9340737139,0.0,0.0,2752.77403080989,0.0,0.0,4.0,0.0,21521.0372003914,85988.5902555953,0.0,0.0,,,,,,False
8860a90937fffff,15.6580633333333,73.98899,1.30133333333333,2.43,305.574,314.56,287.889333333333,292.69,1.0,0.0,2026-08-30,1,4,3,4,3,5,4,8,6,0.2,262.081053873936,2992.34529077169,0.0,2263.36372262317,0.0,1.0,21.0,790.488100001558,18277.8276114729,96217.4385583123,1.0,6.0,1178522830.0,Manohar International Airport Satellite Fire Station,15.7471635,73.8617082447186,17518.9276273836,True
8860a96089fffff,15.77281,73.70358,135.46,135.46,337.78,337.78,295.82,295.82,0.0,0.0,2026-08-21,10,0,0,0,0,1,1,1,1,0.0333333333333333,303.469857575547,6020.49430545587,1.0,307.804099612629,1.0,1.0,23.0,779.662263474229,22897.6662893258,98081.2878297954,0.0,1.0,1178513108.0,Manohar International Airport Fire Station,15.7384431,73.8544690028728,17260.8362674681,True
8860a960c3fffff,15.76939,73.70415,115.94,115.94,207.93,207.93,297.41,297.41,0.0,0.0,2026-08-21,10,0,0,0,0,1,1,1,1,0.0333333333333333,304.139495723194,6930.74961657275,1.0,648.527189960644,0.0,1.0,24.0,1348.22939934016,23618.0257168467,101963.444559742,0.0,1.0,1178513108.0,Manohar International Airport Fire Station,15.7384431,73.8544690028728,17111.9928306709,True
8860a960d5fffff,15.76875,73.70028,115.94,115.94,253.68,253.68,296.55,296.55,0.0,0.0,2026-08-21,10,0,0,0,0,1,1,1,1,0.0333333333333333,90.070625472446,4872.51575332056,1.0,877.124481750105,0.0,2.0,29.0,999.245113700186,25803.1766920564,101569.195731565,0.0,1.0,1178513108.0,Manohar International Airport Fire Station,15.7384431,73.8544690028728,17518.5369892678,True
8860aa4c87fffff,17.36462,75.19918,8.72,8.72,335.39,335.39,305.04,305.04,0.0,0.0,2026-08-27,4,1,1,1,1,1,1,1,1,0.0333333333333333,209.52620900307,7067.89570960212,20.0,146.024246353358,12.0,29.0,43.0,1736.80237531774,22909.758275879,72975.7407344742,0.0,0.0,,,,,,False
8860ab192dfffff,16.63623,74.33961,0.6,0.6,300.41,300.41,286.96,286.96,1.0,0.0,2026-08-09,22,0,0,0,0,0,0,1,1,0.0333333333333333,50.8820517562738,14064.9897210206,2.0,871.681333469639,0.0,6.0,200.0,1249.30556292637,75084.8148103541,307183.423835545,0.0,5.0,,,,,,False
8860ab56c1fffff,16.64894,74.31414,1.13,1.71,308.116,317.34,287.71,291.06,1.0,0.0,2026-08-27,4,1,1,1,1,1,1,3,3,0.1,0.246970876509166,10188.4773231045,3.0,628.08557532996,0.0,41.0,452.0,2298.79037796146,78940.1641502138,363013.593227215,0.0,3.0,,,,,,False
8860b26457fffff,19.82026,79.23814,1.165,1.6,309.28,322.73,282.045,286.31,1.0,0.0,2026-08-28,3,2,2,2,2,2,2,2,2,0.0666666666666667,702.826627139977,1220.27588054649,0.0,3931.95238474851,0.0,0.0,1.0,0.0,8721.03931060356,28637.2661622108,0.0,0.0,4376877994.0,CMC fire station,19.962083,79.2948375,17936.455262515,True
8860b26759fffff,19.808028,79.306056,1.33,1.77,309.594,318.19,288.526,295.81,1.0,0.0,2026-07-14,48,0,0,0,0,0,0,0,0,0.0,885.933998615461,213.429356871689,0.0,1718.48251669125,0.0,1.0,12.0,0.0,14184.7108107437,74935.501829051,0.0,2.0,4376877994.0,CMC fire station,19.962083,79.2948375,18279.3670293527,True
8860b2675dfffff,19.8105,79.30667,1.7,1.7,307.96,307.96,285.82,285.82,1.0,0.0,2026-07-12,50,0,0,0,0,0,0,0,0,0.0,688.13420760647,877.968923954367,0.0,1871.64464315723,0.0,2.0,12.0,0.0,16272.6410470874,76671.9718935174,1.0,2.0,4376877994.0,CMC fire station,19.962083,79.2948375,17992.4465731086,True
8860b26f59fffff,19.96264,79.33604,2.57,2.57,323.2,323.2,290.66,290.66,1.0,0.0,2026-08-09,22,0,0,0,0,0,0,1,1,0.0333333333333333,9.53854086985371,5992.87312648774,0.0,1123.619357289,0.0,4183.0,22770.0,3334.43017802992,91905.7112421482,454752.897027889,1.0,5.0,4376877994.0,CMC fire station,19.962083,79.2948375,4587.11569953146,True
8860b26f5bfffff,19.962236,79.333712,1.678,3.82,312.054,333.34,283.876,295.16,0.8,0.0,2026-08-28,3,1,1,1,1,1,1,2,2,0.0666666666666667,2.1806111932718,7187.56991927178,0.0,1015.479698381,0.0,4486.0,25136.0,3839.49264289562,107310.567929212,495814.379053388,1.0,5.0,4376877994.0,CMC fire station,19.962083,79.2948375,4327.52748308136,True
8860b275a1fffff,19.81042,79.340755,0.935,1.0,306.045,309.06,288.915,289.58,1.0,0.0,2026-07-14,48,0,0,0,0,0,0,0,0,0.0,354.318718267568,3632.48994741477,0.0,1565.05823931751,0.0,2.0,778.0,662.032466477424,34387.4305633711,225853.527165565,0.0,2.0,4376877994.0,CMC fire station,19.962083,79.2948375,18667.0970364845,True
8860b275a5fffff,19.811602,79.3413,2.688,5.38,320.55,331.52,286.952,295.58,0.8,0.0,2026-07-14,48,0,0,0,0,0,0,0,0,0.0,474.794682538348,3709.70981178794,0.0,1546.27845767012,0.0,2.0,790.0,178.05874079021,32586.479537019,234039.513550779,0.0,3.0,4376877994.0,CMC fire station,19.962083,79.2948375,18549.4499249229,True
8860b275a7fffff,19.81174,79.336735,1.59,2.31,309.43,314.72,291.63,295.51,1.0,0.0,2026-07-13,49,0,0,0,0,0,0,0,0,0.0,168.66322346218,6751.94101894624,0.0,1139.2082717097,0.0,2.0,760.0,1377.20513081181,30427.3830649162,213218.661668524,0.0,2.0,4376877994.0,CMC fire station,19.962083,79.2948375,18398.4271603582,True
8860d20e41fffff,19.17684,70.945258,3.05,3.9,309.872,313.47,293.08,295.76,1.0,0.0,2026-08-18,13,0,0,0,0,1,1,2,2,0.0666666666666667,,0.0,0.0,,0.0,0.0,0.0,0.0,0.0,0.0,0.0,0.0,,,,,,False
8860d20e49fffff,19.175875,70.94665,3.905,4.54,310.475,310.82,291.74,292.68,1.0,0.0,2026-08-25,6,1,1,1,1,1,1,1,1,0.0333333333333333,,0.0,0.0,,0.0,0.0,0.0,0.0,0.0,0.0,0.0,0.0,,,,,,False
8860d2520dfffff,19.36949,71.35018,2.82,2.82,310.33,310.33,275.21,275.21,1.0,0.0,2026-08-15,16,0,0,0,0,0,0,1,1,0.0333333333333333,,0.0,0.0,,0.0,0.0,0.0,0.0,0.0,0.0,0.0,0.0,,,,,,False
8860d25263fffff,19.37261,71.352255,2.8,3.9,306.98,309.28,281.055,286.63,1.0,0.0,2026-08-16,15,0,0,0,0,0,0,2,2,0.0666666666666667,,0.0,0.0,,0.0,0.0,0.0,0.0,0.0,0.0,0.0,0.0,,,,,,False
8860d2526bfffff,19.3703138461538,71.3548815384615,3.83307692307692,8.32,320.005384615385,340.1,288.341538461539,295.1,0.846153846153846,0.0,2026-08-25,6,1,1,2,2,2,2,7,6,0.2,,0.0,0.0,,0.0,0.0,0.0,0.0,0.0,0.0,0.0,0.0,,,,,,False
8860d25863fffff,19.57069,71.3524,2.63,2.63,308.84,308.84,282.97,282.97,1.0,0.0,2026-08-03,28,0,0,0,0,0,0,1,1,0.0333333333333333,,0.0,0.0,,0.0,0.0,0.0,0.0,0.0,0.0,0.0,0.0,,,,,,False
8860d25869fffff,19.57012,71.36314,5.13,5.13,311.14,311.14,289.99,289.99,1.0,0.0,2026-07-16,46,0,0,0,0,0,0,0,0,0.0,,0.0,0.0,,0.0,0.0,0.0,0.0,0.0,0.0,0.0,0.0,,,,,,False
8860d2586bfffff,19.5676116666667,71.3562216666667,14.8533333333333,35.88,337.111666666667,356.34,288.39,293.3,0.333333333333333,0.0,2026-08-03,28,0,0,0,0,0,0,2,1,0.0333333333333333,,0.0,0.0,,0.0,0.0,0.0,0.0,0.0,0.0,0.0,0.0,,,,,,False
8860d2586dfffff,19.5739,71.36621,4.43,4.43,307.13,307.13,289.99,289.99,1.0,0.0,2026-08-09,22,0,0,0,0,0,0,1,1,0.0333333333333333,,0.0,0.0,,0.0,0.0,0.0,0.0,0.0,0.0,0.0,0.0,,,,,,False
8860d25ab1fffff,19.52882,71.29981,4.66,4.66,317.72,317.72,289.7,289.7,1.0,0.0,2026-07-16,46,0,0,0,0,0,0,0,0,0.0,,0.0,0.0,,0.0,0.0,0.0,0.0,0.0,0.0,0.0,0.0,,,,,,False
8860d2caedfffff,19.28038,71.42612,3.27,3.27,308.64,308.64,293.93,293.93,1.0,0.0,2026-07-09,53,0,0,0,0,0,0,0,0,0.0,,0.0,0.0,,0.0,0.0,0.0,0.0,0.0,0.0,0.0,0.0,,,,,,False
8860d64d5dfffff,18.98851,71.90385,4.93,4.93,322.35,322.35,290.37,290.37,1.0,0.0,2026-08-13,18,0,0,0,0,0,0,1,1,0.0333333333333333,,0.0,0.0,,0.0,0.0,0.0,0.0,0.0,0.0,0.0,0.0,,,,,,False
8860d6d891fffff,18.576518,72.2416784,5.7688,10.72,328.1696,342.72,288.9892,294.66,0.6,0.0,2026-08-25,6,4,1,4,1,4,1,4,1,0.0333333333333333,,0.0,0.0,,0.0,0.0,0.0,0.0,0.0,0.0,0.0,0.0,,,,,,False
8860d6d893fffff,18.577204,72.238736,4.214,7.67,315.766,330.13,290.154,291.48,1.0,0.0,2026-08-25,6,1,1,1,1,2,2,2,2,0.0666666666666667,,0.0,0.0,,0.0,0.0,0.0,0.0,0.0,0.0,0.0,0.0,,,,,,False
8860d6d897fffff,18.58053,72.240155,6.64,11.03,328.23,345.03,289.07,291.5,0.5,0.0,2026-07-15,47,0,0,0,0,0,0,0,0,0.0,,0.0,0.0,,0.0,0.0,0.0,0.0,0.0,0.0,0.0,0.0,,,,,,False